ts, lat, lon, mq2_ppm, mq4_ppm, tempC, tdhtC, tbmpC, pres_hPa, hum%, ir, mq4_d, crc

0,1970-01-01 00:00:00,0.000000,0.000000,1,1,23.30,0.0,68,1,0,9F23
0,1970-01-01 00:00:00,0.000000,0.000000,1,1,23.60,0.0,67,1,0,ED84
0,1970-01-01 00:00:00,0.000000,0.000000,1,1,22.80,0.0,67,1,0,BFAB
0,1970-01-01 00:00:00,0.000000,0.000000,1,1,22.70,0.0,67,1,0,795C
0,1970-01-01 00:00:00,0.000000,0.000000,1,1,22.70,0.0,67,1,0,795C
0,1970-01-01 00:00:00,0.000000,0.000000,1,1,22.70,0.0,66,1,0,486F
0,1970-01-01 00:00:00,0.000000,0.000000,1,1,23.10,0.0,66,1,0,B1B8
0,1970-01-01 00:00:00,0.000000,0.000000,1,1,23.20,0.0,65,1,0,AC2B
0,1970-01-01 00:00:00,0.000000,0.000000,1,1,23.00,0.0,66,1,0,DFF3
0,1970-01-01 00:00:00,0.000000,0.000000,1,1,22.90,0.0,65,1,0,5CBA
0,1970-01-01 00:00:00,0.000000,0.000000,1,1,22.80,0.0,65,1,0,DDCD
0,1970-01-01 00:00:00,0.000000,0.000000,1,1,22.70,0.0,65,1,0,1B3A
0,1970-01-01 00:00:00,0.000000,0.000000,1,1,22.60,0.0,65,1,0,55FC
0,1970-01-01 00:00:00,0.000000,0.000000,1,1,22.70,0.0,66,1,0,486F
0,1970-01-01 00:00:00,0.000000,0.000000,1,1,22.80,0.0,67,1,0,BFAB
0,1970-01-01 00:00:00,0.000000,0.000000,2,2,22.70,0.0,69,1,0,E37E
0,1970-01-01 00:00:00,0.000000,0.000000,2,2,22.80,0.0,70,1,0,76DC
0,1970-01-01 00:00:00,0.000000,0.000000,2,2,22.80,0.0,71,1,0,47EF
0,1970-01-01 00:00:00,0.000000,0.000000,6,3,23.00,0.0,71,1,0,C67A
0,1970-01-01 00:00:00,0.000000,0.000000,16,6,0.00,0.0,0,1,0,A6ED
0,1970-01-01 00:00:00,0.000000,0.000000,22,10,0.00,0.0,0,1,0,BDF0
0,1970-01-01 00:00:00,0.000000,0.000000,28,14,0.00,0.0,0,1,0,C0E0
0,1970-01-01 00:00:00,0.000000,0.000000,33,17,0.00,0.0,0,1,0,E4F2
0,1970-01-01 00:00:00,0.000000,0.000000,37,20,0.00,0.0,0,1,0,E001
0,1970-01-01 00:00:00,0.000000,0.000000,41,23,0.00,0.0,0,1,0,B112
0,1970-01-01 00:00:00,0.000000,0.000000,45,25,0.00,0.0,0,1,0,82FF
0,1970-01-01 00:00:00,0.000000,0.000000,48,27,0.00,0.0,0,1,0,3052
0,1970-01-01 00:00:00,0.000000,0.000000,50,29,0.00,0.0,0,1,0,CCAF
0,1970-01-01 00:00:00,0.000000,0.000000,53,30,0.00,0.0,0,1,0,55DA
0,1970-01-01 00:00:00,0.000000,0.000000,55,32,0.00,0.0,0,1,0,F165
0,1970-01-01 00:00:00,0.000000,0.000000,58,34,0.00,0.0,0,1,0,B40E
0,1970-01-01 00:00:00,0.000000,0.000000,60,35,0.00,0.0,0,1,0,A606
0,1970-01-01 00:00:00,0.000000,0.000000,62,37,0.00,0.0,0,1,0,5AFB
0,1970-01-01 00:00:00,0.000000,0.000000,64,38,0.00,0.0,0,1,0,4E6E
0,1970-01-01 00:00:00,0.000000,0.000000,66,39,0.00,0.0,0,1,0,F99B
0,1970-01-01 00:00:00,0.000000,0.000000,68,40,0.00,0.0,0,1,0,7D83
0,1970-01-01 00:00:00,0.000000,0.000000,69,40,0.00,0.0,0,1,0,1CF8
0,1970-01-01 00:00:00,0.000000,0.000000,71,41,0.00,0.0,0,1,0,AB0D
0,1970-01-01 00:00:00,0.000000,0.000000,72,41,0.00,0.0,0,1,0,C696
0,1970-01-01 00:00:00,0.000000,0.000000,74,42,0.00,0.0,0,1,0,9B65
0,1970-01-01 00:00:00,0.000000,0.000000,74,42,0.00,0.0,0,1,0,9B65
0,1970-01-01 00:00:00,0.000000,0.000000,76,42,0.00,0.0,0,1,0,FC6E
0,1970-01-01 00:00:00,0.000000,0.000000,77,43,0.00,0.0,0,1,0,E816
0,1970-01-01 00:00:00,0.000000,0.000000,77,43,0.00,0.0,0,1,0,E816
0,1970-01-01 00:00:00,0.000000,0.000000,78,43,0.00,0.0,0,1,0,4B9B
0,1970-01-01 00:00:00,0.000000,0.000000,79,44,0.00,0.0,0,1,0,61E8
0,1970-01-01 00:00:00,0.000000,0.000000,80,44,0.00,0.0,0,1,0,FBB5
0,1970-01-01 00:00:00,0.000000,0.000000,81,44,0.00,0.0,0,1,0,9ACE
0,1970-01-01 00:00:00,0.000000,0.000000,82,44,0.00,0.0,0,1,0,3943
0,1970-01-01 00:00:00,0.000000,0.000000,82,44,0.00,0.0,0,1,0,3943
0,1970-01-01 00:00:00,0.000000,0.000000,83,44,0.00,0.0,0,1,0,5838
0,1970-01-01 00:00:00,0.000000,0.000000,84,44,0.00,0.0,0,1,0,5E48
0,1970-01-01 00:00:00,0.000000,0.000000,85,45,0.00,0.0,0,1,0,4A30
0,1970-01-01 00:00:00,0.000000,0.000000,86,45,0.00,0.0,0,1,0,E9BD
0,1970-01-01 00:00:00,0.000000,0.000000,87,45,0.00,0.0,0,1,0,88C6
0,1970-01-01 00:00:00,0.000000,0.000000,88,45,0.00,0.0,0,1,0,E55D
0,1970-01-01 00:00:00,0.000000,0.000000,88,46,0.00,0.0,0,1,0,7A58
0,1970-01-01 00:00:00,0.000000,0.000000,89,46,0.00,0.0,0,1,0,1B23
0,1970-01-01 00:00:00,0.000000,0.000000,90,46,0.00,0.0,0,1,0,B8AE
0,1970-01-01 00:00:00,0.000000,0.000000,91,46,0.00,0.0,0,1,0,D9D5
0,1970-01-01 00:00:00,0.000000,0.000000,92,46,0.00,0.0,0,1,0,DFA5
0,1970-01-01 00:00:00,0.000000,0.000000,92,46,0.00,0.0,0,1,0,DFA5
0,1970-01-01 00:00:00,0.000000,0.000000,93,46,0.00,0.0,0,1,0,BEDE
0,1970-01-01 00:00:00,0.000000,0.000000,94,46,0.00,0.0,0,1,0,1D53
0,1970-01-01 00:00:00,0.000000,0.000000,95,46,0.00,0.0,0,1,0,7C28
0,1970-01-01 00:00:00,0.000000,0.000000,96,46,0.00,0.0,0,1,0,29E8
0,1970-01-01 00:00:00,0.000000,0.000000,97,46,0.00,0.0,0,1,0,4893
0,1970-01-01 00:00:00,0.000000,0.000000,97,46,0.00,0.0,0,1,0,4893
0,1970-01-01 00:00:00,0.000000,0.000000,98,46,0.00,0.0,0,1,0,EB1E
0,1970-01-01 00:00:00,0.000000,0.000000,99,46,0.00,0.0,0,1,0,8A65
0,1970-01-01 00:00:00,0.000000,0.000000,100,46,0.00,0.0,0,1,0,8C15
0,1970-01-01 00:00:00,0.000000,0.000000,101,46,0.00,0.0,0,1,0,ED6E
0,1970-01-01 00:00:00,0.000000,0.000000,101,46,0.00,0.0,0,1,0,ED6E
0,1970-01-01 00:00:00,0.000000,0.000000,102,46,0.00,0.0,0,1,0,4EE3
0,1970-01-01 00:00:00,0.000000,0.000000,103,46,0.00,0.0,0,1,0,2F98
0,1970-01-01 00:00:00,0.000000,0.000000,104,46,0.00,0.0,0,1,0,4203
0,1970-01-01 00:00:00,0.000000,0.000000,106,46,0.00,0.0,0,1,0,80F5
0,1970-01-01 00:00:00,0.000000,0.000000,107,46,0.00,0.0,0,1,0,E18E
0,1970-01-01 00:00:00,0.000000,0.000000,108,46,0.00,0.0,0,1,0,E7FE
0,1970-01-01 00:00:00,0.000000,0.000000,109,46,0.00,0.0,0,1,0,8685
0,1970-01-01 00:00:00,0.000000,0.000000,109,46,0.00,0.0,0,1,0,8685
0,1970-01-01 00:00:00,0.000000,0.000000,110,45,0.00,0.0,0,1,0,BA0D
0,1970-01-01 00:00:00,0.000000,0.000000,112,45,0.00,0.0,0,1,0,412B
0,1970-01-01 00:00:00,0.000000,0.000000,113,45,0.00,0.0,0,1,0,2050
0,1970-01-01 00:00:00,0.000000,0.000000,114,45,0.00,0.0,0,1,0,83DD
0,1970-01-01 00:00:00,0.000000,0.000000,115,45,0.00,0.0,0,1,0,E2A6
0,1970-01-01 00:00:00,0.000000,0.000000,117,45,0.00,0.0,0,1,0,85AD
0,1970-01-01 00:00:00,0.000000,0.000000,118,45,0.00,0.0,0,1,0,2620
0,1970-01-01 00:00:00,0.000000,0.000000,119,45,0.00,0.0,0,1,0,475B
0,1970-01-01 00:00:00,0.000000,0.000000,119,45,0.00,0.0,0,1,0,475B
0,1970-01-01 00:00:00,0.000000,0.000000,121,44,0.00,0.0,0,1,0,3EB8
0,1970-01-01 00:00:00,0.000000,0.000000,122,44,0.00,0.0,0,1,0,9D35
0,1970-01-01 00:00:00,0.000000,0.000000,123,44,0.00,0.0,0,1,0,FC4E
0,1970-01-01 00:00:00,0.000000,0.000000,125,44,0.00,0.0,0,1,0,9B45
0,1970-01-01 00:00:00,0.000000,0.000000,126,44,0.00,0.0,0,1,0,38C8
0,1970-01-01 00:00:00,0.000000,0.000000,128,44,0.00,0.0,0,1,0,CD0F
0,1970-01-01 00:00:00,0.000000,0.000000,129,44,0.00,0.0,0,1,0,AC74
0,1970-01-01 00:00:00,0.000000,0.000000,131,44,0.00,0.0,0,1,0,6E82
0,1970-01-01 00:00:00,0.000000,0.000000,132,44,0.00,0.0,0,1,0,68F2
0,1970-01-01 00:00:00,0.000000,0.000000,134,44,0.00,0.0,0,1,0,AA04
0,1970-01-01 00:00:00,0.000000,0.000000,135,44,0.00,0.0,0,1,0,CB7F
0,1970-01-01 00:00:00,0.000000,0.000000,135,44,0.00,0.0,0,1,0,CB7F
0,1970-01-01 00:00:00,0.000000,0.000000,137,44,0.00,0.0,0,1,0,C79F
0,1970-01-01 00:00:00,0.000000,0.000000,140,44,0.00,0.0,0,1,0,319
0,1970-01-01 00:00:00,0.000000,0.000000,140,44,0.00,0.0,0,1,0,319
0,1970-01-01 00:00:00,0.000000,0.000000,142,44,0.00,0.0,0,1,0,C1EF
0,1970-01-01 00:00:00,0.000000,0.000000,143,44,0.00,0.0,0,1,0,A094
0,1970-01-01 00:00:00,0.000000,0.000000,145,44,0.00,0.0,0,1,0,5BB2
0,1970-01-01 00:00:00,0.000000,0.000000,147,44,0.00,0.0,0,1,0,9944
0,1970-01-01 00:00:00,0.000000,0.000000,149,44,0.00,0.0,0,1,0,FE4F
0,1970-01-01 00:00:00,0.000000,0.000000,150,44,0.00,0.0,0,1,0,5DC2
0,1970-01-01 00:00:00,0.000000,0.000000,152,44,0.00,0.0,0,1,0,5122
0,1970-01-01 00:00:00,0.000000,0.000000,154,44,0.00,0.0,0,1,0,93D4
0,1970-01-01 00:00:00,0.000000,0.000000,156,43,0.00,0.0,0,1,0,BFD7
0,1970-01-01 00:00:00,0.000000,0.000000,158,43,0.00,0.0,0,1,0,7D21
0,1970-01-01 00:00:00,0.000000,0.000000,158,43,0.00,0.0,0,1,0,7D21
0,1970-01-01 00:00:00,0.000000,0.000000,159,43,0.00,0.0,0,1,0,1C5A
0,1970-01-01 00:00:00,0.000000,0.000000,161,43,0.00,0.0,0,1,0,28E1
0,1970-01-01 00:00:00,0.000000,0.000000,163,43,0.00,0.0,0,1,0,EA17
0,1970-01-01 00:00:00,0.000000,0.000000,165,43,0.00,0.0,0,1,0,8D1C
0,1970-01-01 00:00:00,0.000000,0.000000,167,43,0.00,0.0,0,1,0,4FEA
0,1970-01-01 00:00:00,0.000000,0.000000,169,43,0.00,0.0,0,1,0,430A
0,1970-01-01 00:00:00,0.000000,0.000000,171,43,0.00,0.0,0,1,0,81FC
0,1970-01-01 00:00:00,0.000000,0.000000,174,43,0.00,0.0,0,1,0,457A
0,1970-01-01 00:00:00,0.000000,0.000000,176,43,0.00,0.0,0,1,0,BE5C
0,1970-01-01 00:00:00,0.000000,0.000000,176,43,0.00,0.0,0,1,0,BE5C
0,1970-01-01 00:00:00,0.000000,0.000000,178,43,0.00,0.0,0,1,0,7CAA
0,1970-01-01 00:00:00,0.000000,0.000000,180,42,0.00,0.0,0,1,0,6EA2
0,1970-01-01 00:00:00,0.000000,0.000000,182,42,0.00,0.0,0,1,0,AC54
0,1970-01-01 00:00:00,0.000000,0.000000,185,42,0.00,0.0,0,1,0,C1CF
0,1970-01-01 00:00:00,0.000000,0.000000,187,42,0.00,0.0,0,1,0,339
0,1970-01-01 00:00:00,0.000000,0.000000,187,42,0.00,0.0,0,1,0,339
0,1970-01-01 00:00:00,0.000000,0.000000,189,42,0.00,0.0,0,1,0,6432
0,1970-01-01 00:00:00,0.000000,0.000000,191,42,0.00,0.0,0,1,0,A6C4
0,1970-01-01 00:00:00,0.000000,0.000000,194,42,0.00,0.0,0,1,0,8ED9
0,1970-01-01 00:00:00,0.000000,0.000000,196,41,0.00,0.0,0,1,0,76D7
0,1970-01-01 00:00:00,0.000000,0.000000,196,41,0.00,0.0,0,1,0,76D7
0,1970-01-01 00:00:00,0.000000,0.000000,199,41,0.00,0.0,0,1,0,D55A
0,1970-01-01 00:00:00,0.000000,0.000000,201,41,0.00,0.0,0,1,0,D9BA
0,1970-01-01 00:00:00,0.000000,0.000000,204,42,0.00,0.0,0,1,0,8239
0,1970-01-01 00:00:00,0.000000,0.000000,206,41,0.00,0.0,0,1,0,DFCA
0,1970-01-01 00:00:00,0.000000,0.000000,206,42,0.00,0.0,0,1,0,40CF
0,1970-01-01 00:00:00,0.000000,0.000000,209,42,0.00,0.0,0,1,0,DA92
0,1970-01-01 00:00:00,0.000000,0.000000,212,42,0.00,0.0,0,1,0,1E14
0,1970-01-01 00:00:00,0.000000,0.000000,215,42,0.00,0.0,0,1,0,BD99
0,1970-01-01 00:00:00,0.000000,0.000000,215,42,0.00,0.0,0,1,0,BD99
0,1970-01-01 00:00:00,0.000000,0.000000,217,42,0.00,0.0,0,1,0,B179
0,1970-01-01 00:00:00,0.000000,0.000000,223,43,0.00,0.0,0,1,0,A371
0,1970-01-01 00:00:00,0.000000,0.000000,229,44,0.00,0.0,0,1,0,793F
0,1970-01-01 00:00:00,0.000000,0.000000,232,44,0.00,0.0,0,1,0,D652
0,1970-01-01 00:00:00,0.000000,0.000000,235,44,0.00,0.0,0,1,0,75DF
0,1970-01-01 00:00:00,0.000000,0.000000,238,44,0.00,0.0,0,1,0,B159
0,1970-01-01 00:00:00,0.000000,0.000000,241,44,0.00,0.0,0,1,0,2B04
0,1970-01-01 00:00:00,0.000000,0.000000,244,44,0.00,0.0,0,1,0,EF82
0,1970-01-01 00:00:00,0.000000,0.000000,244,44,0.00,0.0,0,1,0,EF82
0,1970-01-01 00:00:00,0.000000,0.000000,248,44,0.00,0.0,0,1,0,2194
0,1970-01-01 00:00:00,0.000000,0.000000,248,44,0.00,0.0,0,1,0,2194
0,1970-01-01 00:00:00,0.000000,0.000000,251,44,0.00,0.0,0,1,0,8219
0,1970-01-01 00:00:00,0.000000,0.000000,251,44,0.00,0.0,0,1,0,8219
0,1970-01-01 00:00:00,0.000000,0.000000,251,44,0.00,0.0,0,1,0,8219
0,1970-01-01 00:00:00,0.000000,0.000000,254,44,0.00,0.0,0,1,0,469F
0,1970-01-01 00:00:00,0.000000,0.000000,261,50,0.00,0.0,0,1,0,D2BC
0,1970-01-01 00:00:00,0.000000,0.000000,261,43,0.00,0.0,0,1,0,5F93
0,1970-01-01 00:00:00,0.000000,0.000000,265,43,0.00,0.0,0,1,0,9185
0,1970-01-01 00:00:00,0.000000,0.000000,265,43,0.00,0.0,0,1,0,9185
0,1970-01-01 00:00:00,0.000000,0.000000,265,43,0.00,0.0,0,1,0,9185
0,1970-01-01 00:00:00,0.000000,0.000000,268,43,0.00,0.0,0,1,0,5503
0,1970-01-01 00:00:00,0.000000,0.000000,268,43,0.00,0.0,0,1,0,5503
0,1970-01-01 00:00:00,0.000000,0.000000,268,43,0.00,0.0,0,1,0,5503
0,1970-01-01 00:00:00,0.000000,0.000000,272,43,0.00,0.0,0,1,0,6CD3
0,1970-01-01 00:00:00,0.000000,0.000000,272,43,0.00,0.0,0,1,0,6CD3
0,1970-01-01 00:00:00,0.000000,0.000000,272,43,0.00,0.0,0,1,0,6CD3
0,1970-01-01 00:00:00,0.000000,0.000000,272,43,0.00,0.0,0,1,0,6CD3
0,1970-01-01 00:00:00,0.000000,0.000000,276,43,0.00,0.0,0,1,0,C92E
0,1970-01-01 00:00:00,0.000000,0.000000,276,43,0.00,0.0,0,1,0,C92E
0,1970-01-01 00:00:00,0.000000,0.000000,279,43,0.00,0.0,0,1,0,6AA3
0,1970-01-01 00:00:00,0.000000,0.000000,279,42,0.00,0.0,0,1,0,1FA0
0,1970-01-01 00:00:00,0.000000,0.000000,279,42,0.00,0.0,0,1,0,1FA0
0,1970-01-01 00:00:00,0.000000,0.000000,279,42,0.00,0.0,0,1,0,1FA0
0,1970-01-01 00:00:00,0.000000,0.000000,279,42,0.00,0.0,0,1,0,1FA0
0,1970-01-01 00:00:00,0.000000,0.000000,283,42,0.00,0.0,0,1,0,D1B6
0,1970-01-01 00:00:00,0.000000,0.000000,283,42,0.00,0.0,0,1,0,D1B6
0,1970-01-01 00:00:00,0.000000,0.000000,283,41,0.00,0.0,0,1,0,4EB3
0,1970-01-01 00:00:00,0.000000,0.000000,287,41,0.00,0.0,0,1,0,EB4E
0,1970-01-01 00:00:00,0.000000,0.000000,287,41,0.00,0.0,0,1,0,EB4E
0,1970-01-01 00:00:00,0.000000,0.000000,287,41,0.00,0.0,0,1,0,EB4E
0,1970-01-01 00:00:00,0.000000,0.000000,287,41,0.00,0.0,0,1,0,EB4E
0,1970-01-01 00:00:00,0.000000,0.000000,291,41,0.00,0.0,0,1,0,1D03
0,1970-01-01 00:00:00,0.000000,0.000000,291,41,0.00,0.0,0,1,0,1D03
0,1970-01-01 00:00:00,0.000000,0.000000,291,41,0.00,0.0,0,1,0,1D03
0,1970-01-01 00:00:00,0.000000,0.000000,295,41,0.00,0.0,0,1,0,B8FE
0,1970-01-01 00:00:00,0.000000,0.000000,295,41,0.00,0.0,0,1,0,B8FE
0,1970-01-01 00:00:00,0.000000,0.000000,295,41,0.00,0.0,0,1,0,B8FE
0,1970-01-01 00:00:00,0.000000,0.000000,295,41,0.00,0.0,0,1,0,B8FE
0,1970-01-01 00:00:00,0.000000,0.000000,295,40,0.00,0.0,0,1,0,CDFD
0,1970-01-01 00:00:00,0.000000,0.000000,295,40,0.00,0.0,0,1,0,CDFD
0,1970-01-01 00:00:00,0.000000,0.000000,295,40,0.00,0.0,0,1,0,CDFD
0,1970-01-01 00:00:00,0.000000,0.000000,295,40,0.00,0.0,0,1,0,CDFD
0,1970-01-01 00:00:00,0.000000,0.000000,295,40,0.00,0.0,0,1,0,CDFD
0,1970-01-01 00:00:00,0.000000,0.000000,299,40,0.00,0.0,0,1,0,3EB
0,1970-01-01 00:00:00,0.000000,0.000000,299,40,0.00,0.0,0,1,0,3EB
0,1970-01-01 00:00:00,0.000000,0.000000,299,40,0.00,0.0,0,1,0,3EB
0,1970-01-01 00:00:00,0.000000,0.000000,299,40,0.00,0.0,0,1,0,3EB
0,1970-01-01 00:00:00,0.000000,0.000000,299,40,0.00,0.0,0,1,0,3EB
0,1970-01-01 00:00:00,0.000000,0.000000,303,40,28.90,0.0,84,1,0,63C3
0,1970-01-01 00:00:00,0.000000,0.000000,303,40,28.80,0.0,84,1,0,E2B4
0,1970-01-01 00:00:00,0.000000,0.000000,303,40,28.80,0.0,84,1,0,E2B4
0,1970-01-01 00:00:00,0.000000,0.000000,303,40,28.70,0.0,84,1,0,2443
0,1970-01-01 00:00:00,0.000000,0.000000,303,40,28.70,0.0,84,1,0,2443
0,1970-01-01 00:00:00,0.000000,0.000000,303,40,28.70,0.0,84,1,0,2443
0,1970-01-01 00:00:00,0.000000,0.000000,303,40,28.60,0.0,84,1,0,6A85
0,1970-01-01 00:00:00,0.000000,0.000000,303,40,28.60,0.0,84,1,0,6A85
0,1970-01-01 00:00:00,0.000000,0.000000,303,40,28.50,0.0,84,1,0,4CE
0,1970-01-01 00:00:00,0.000000,0.000000,303,40,28.50,0.0,84,1,0,4CE
0,1970-01-01 00:00:00,0.000000,0.000000,303,40,28.40,0.0,84,1,0,ECC
0,1970-01-01 00:00:00,0.000000,0.000000,303,40,28.40,0.0,84,1,0,ECC
0,1970-01-01 00:00:00,0.000000,0.000000,303,41,28.40,0.0,84,1,0,7BCF
0,1970-01-01 00:00:00,0.000000,0.000000,303,42,28.50,0.0,84,1,0,EEC8
0,1970-01-01 00:00:00,0.000000,0.000000,303,42,28.90,0.0,84,1,0,89C5
0,1970-01-01 00:00:00,0.000000,0.000000,303,42,29.10,0.0,83,1,0,A00B
0,1970-01-01 00:00:00,0.000000,0.000000,303,42,29.30,0.0,83,1,0,283A
0,1970-01-01 00:00:00,0.000000,0.000000,303,42,29.40,0.0,82,1,0,987E
0,1970-01-01 00:00:00,0.000000,0.000000,299,42,29.50,0.0,82,1,0,3781
0,1970-01-01 00:00:00,0.000000,0.000000,299,42,29.50,0.0,81,1,0,64D4
0,1970-01-01 00:00:00,0.000000,0.000000,299,42,29.60,0.0,81,1,0,A9F
0,1970-01-01 00:00:00,0.000000,0.000000,295,41,29.60,0.0,80,1,0,6ABF
0,1970-01-01 00:00:00,0.000000,0.000000,295,41,29.70,0.0,80,1,0,2479
0,1970-01-01 00:00:00,0.000000,0.000000,295,41,29.80,0.0,79,1,0,AF9D
0,1970-01-01 00:00:00,0.000000,0.000000,295,41,29.80,0.0,79,1,0,AF9D
0,1970-01-01 00:00:00,0.000000,0.000000,295,40,29.90,0.0,79,1,0,5BE9
0,1970-01-01 00:00:00,0.000000,0.000000,299,40,29.90,0.0,78,1,0,A4CC
0,1970-01-01 00:00:00,0.000000,0.000000,295,40,30.00,0.0,78,1,0,EFB
0,1970-01-01 00:00:00,0.000000,0.000000,299,40,30.00,0.0,77,1,0,93B8
0,1970-01-01 00:00:00,0.000000,0.000000,299,40,30.00,0.0,77,1,0,93B8
0,1970-01-01 00:00:00,0.000000,0.000000,299,40,30.10,0.0,76,1,0,CCC0
0,1970-01-01 00:00:00,0.000000,0.000000,299,40,30.10,0.0,76,1,0,CCC0
0,1970-01-01 00:00:00,0.000000,0.000000,299,40,30.10,0.0,76,1,0,CCC0
0,1970-01-01 00:00:00,0.000000,0.000000,299,40,30.20,0.0,75,1,0,159F
0,1970-01-01 00:00:00,0.000000,0.000000,299,40,30.20,0.0,75,1,0,159F
0,1970-01-01 00:00:00,0.000000,0.000000,303,40,30.20,0.0,75,1,0,B062
0,1970-01-01 00:00:00,0.000000,0.000000,303,40,30.30,0.0,74,1,0,47A6
0,1970-01-01 00:00:00,0.000000,0.000000,303,40,30.30,0.0,74,1,0,47A6
0,1970-01-01 00:00:00,0.000000,0.000000,303,39,30.30,0.0,74,1,0,A4B5
0,1970-01-01 00:00:00,0.000000,0.000000,303,39,30.40,0.0,74,1,0,25C2
0,1970-01-01 00:00:00,0.000000,0.000000,303,39,30.50,0.0,74,1,0,2FC0
0,1970-01-01 00:00:00,0.000000,0.000000,303,39,30.50,0.0,73,1,0,7C95
0,1970-01-01 00:00:00,0.000000,0.000000,308,39,30.60,0.0,73,1,0,2D7E
0,1970-01-01 00:00:00,0.000000,0.000000,308,39,30.60,0.0,73,1,0,2D7E
0,1970-01-01 00:00:00,0.000000,0.000000,308,39,30.60,0.0,73,1,0,2D7E
0,1970-01-01 00:00:00,0.000000,0.000000,308,39,30.70,0.0,73,1,0,63B8
0,1970-01-01 00:00:00,0.000000,0.000000,312,39,30.70,0.0,73,1,0,ADAE
0,1970-01-01 00:00:00,0.000000,0.000000,312,39,30.70,0.0,73,1,0,ADAE
0,1970-01-01 00:00:00,0.000000,0.000000,312,39,30.80,0.0,72,1,0,5A6A
0,1970-01-01 00:00:00,0.000000,0.000000,312,39,30.80,0.0,72,1,0,5A6A
0,1970-01-01 00:00:00,0.000000,0.000000,312,39,30.80,0.0,72,1,0,5A6A
0,1970-01-01 00:00:00,0.000000,0.000000,316,39,30.90,0.0,72,1,0,7EE0
0,1970-01-01 00:00:00,0.000000,0.000000,316,39,30.90,0.0,72,1,0,7EE0
0,1970-01-01 00:00:00,0.000000,0.000000,316,40,30.90,0.0,72,1,0,9DF3
0,1970-01-01 00:00:00,0.000000,0.000000,316,39,30.90,0.0,72,1,0,7EE0
0,1970-01-01 00:00:00,0.000000,0.000000,321,39,30.90,0.0,72,1,0,56FD
0,1970-01-01 00:00:00,0.000000,0.000000,321,40,31.00,0.0,72,1,0,65F2
0,1970-01-01 00:00:00,0.000000,0.000000,321,40,31.00,0.0,72,1,0,65F2
0,1970-01-01 00:00:00,0.000000,0.000000,321,40,31.00,0.0,72,1,0,65F2
0,1970-01-01 00:00:00,0.000000,0.000000,325,40,31.00,0.0,72,1,0,C00F
0,1970-01-01 00:00:00,0.000000,0.000000,325,40,31.10,0.0,72,1,0,AE44
0,1970-01-01 00:00:00,0.000000,0.000000,325,40,31.10,0.0,72,1,0,AE44
0,1970-01-01 00:00:00,0.000000,0.000000,325,40,31.20,0.0,72,1,0,E082
0,1970-01-01 00:00:00,0.000000,0.000000,325,40,31.20,0.0,72,1,0,E082
0,1970-01-01 00:00:00,0.000000,0.000000,330,40,31.20,0.0,72,1,0,8D19
0,1970-01-01 00:00:00,0.000000,0.000000,330,40,31.20,0.0,72,1,0,8D19
0,1970-01-01 00:00:00,0.000000,0.000000,330,40,31.20,0.0,72,1,0,8D19
0,1970-01-01 00:00:00,0.000000,0.000000,330,40,31.30,0.0,72,1,0,4BEE
0,1970-01-01 00:00:00,0.000000,0.000000,330,40,31.30,0.0,72,1,0,4BEE
0,1970-01-01 00:00:00,0.000000,0.000000,335,40,31.30,0.0,72,1,0,8F68
0,1970-01-01 00:00:00,0.000000,0.000000,335,40,31.30,0.0,72,1,0,8F68
0,1970-01-01 00:00:00,0.000000,0.000000,335,40,31.30,0.0,72,1,0,8F68
0,1970-01-01 00:00:00,0.000000,0.000000,340,40,31.40,0.0,72,1,0,31BF
0,1970-01-01 00:00:00,0.000000,0.000000,340,40,31.40,0.0,72,1,0,31BF
0,1970-01-01 00:00:00,0.000000,0.000000,340,40,31.40,0.0,72,1,0,31BF
0,1970-01-01 00:00:00,0.000000,0.000000,340,40,31.50,0.0,72,1,0,3BBD
0,1970-01-01 00:00:00,0.000000,0.000000,340,40,31.50,0.0,72,1,0,3BBD
0,1970-01-01 00:00:00,0.000000,0.000000,345,40,31.50,0.0,72,1,0,94D0
0,1970-01-01 00:00:00,0.000000,0.000000,345,40,31.50,0.0,72,1,0,94D0
0,1970-01-01 00:00:00,0.000000,0.000000,345,40,31.60,0.0,72,1,0,FA9B
0,1970-01-01 00:00:00,0.000000,0.000000,345,40,31.60,0.0,72,1,0,FA9B
0,1970-01-01 00:00:00,0.000000,0.000000,350,40,31.60,0.0,72,1,0,FCEB
0,1970-01-01 00:00:00,0.000000,0.000000,350,40,31.60,0.0,72,1,0,FCEB
0,1970-01-01 00:00:00,0.000000,0.000000,350,40,31.70,0.0,72,1,0,B22D
0,1970-01-01 00:00:00,0.000000,0.000000,350,40,31.70,0.0,72,1,0,B22D
0,1970-01-01 00:00:00,0.000000,0.000000,355,40,31.70,0.0,72,1,0,251B
0,1970-01-01 00:00:00,0.000000,0.000000,355,40,31.70,0.0,72,1,0,251B
0,1970-01-01 00:00:00,0.000000,0.000000,355,40,31.70,0.0,72,1,0,251B
0,1970-01-01 00:00:00,0.000000,0.000000,355,40,31.70,0.0,72,1,0,251B
0,1970-01-01 00:00:00,0.000000,0.000000,355,40,31.70,0.0,72,1,0,251B
0,1970-01-01 00:00:00,0.000000,0.000000,355,40,31.80,0.0,72,1,0,E3EC
0,1970-01-01 00:00:00,0.000000,0.000000,360,40,31.80,0.0,72,1,0,2B8A
0,1970-01-01 00:00:00,0.000000,0.000000,360,40,31.80,0.0,72,1,0,2B8A
0,1970-01-01 00:00:00,0.000000,0.000000,360,40,31.80,0.0,72,1,0,2B8A
0,1970-01-01 00:00:00,0.000000,0.000000,360,40,31.80,0.0,72,1,0,2B8A
0,1970-01-01 00:00:00,0.000000,0.000000,365,40,31.80,0.0,72,1,0,EF0C
0,1970-01-01 00:00:00,0.000000,0.000000,365,39,31.80,0.0,72,1,0,C1F
0,1970-01-01 00:00:00,0.000000,0.000000,365,38,31.90,0.0,72,1,0,F86B
0,1970-01-01 00:00:00,0.000000,0.000000,365,38,31.60,0.0,72,1,0,F12D
0,1970-01-01 00:00:00,0.000000,0.000000,365,38,31.30,0.0,73,1,0,2520
0,1970-01-01 00:00:00,0.000000,0.000000,365,38,31.00,0.0,73,1,0,C35A
0,1970-01-01 00:00:00,0.000000,0.000000,365,40,30.80,0.0,74,1,0,5774
0,1970-01-01 00:00:00,0.000000,0.000000,365,39,30.80,0.0,75,1,0,8554
0,1970-01-01 00:00:00,0.000000,0.000000,365,39,31.00,0.0,74,1,0,E50C
0,1970-01-01 00:00:00,0.000000,0.000000,371,40,30.90,0.0,75,1,0,1C16
0,1970-01-01 00:00:00,0.000000,0.000000,365,40,31.00,0.0,75,1,0,372C
0,1970-01-01 00:00:00,0.000000,0.000000,371,40,31.20,0.0,74,1,0,DDB4
0,1970-01-01 00:00:00,0.000000,0.000000,376,40,31.30,0.0,74,1,0,D325
0,1970-01-01 00:00:00,0.000000,0.000000,376,40,31.40,0.0,74,1,0,5252
0,1970-01-01 00:00:00,0.000000,0.000000,376,40,31.40,0.0,74,1,0,5252
0,1970-01-01 00:00:00,0.000000,0.000000,376,39,31.50,0.0,74,1,0,BB43
0,1970-01-01 00:00:00,0.000000,0.000000,376,39,31.60,0.0,73,1,0,865D
0,1970-01-01 00:00:00,0.000000,0.000000,376,39,31.50,0.0,72,1,0,D925
0,1970-01-01 00:00:00,0.000000,0.000000,382,39,31.60,0.0,72,1,0,D065
0,1970-01-01 00:00:00,0.000000,0.000000,382,38,31.60,0.0,72,1,0,A566
0,1970-01-01 00:00:00,0.000000,0.000000,382,38,31.60,0.0,71,1,0,9B76
0,1970-01-01 00:00:00,0.000000,0.000000,382,38,31.70,0.0,71,1,0,D5B0
0,1970-01-01 00:00:00,0.000000,0.000000,382,38,31.70,0.0,71,1,0,D5B0
0,1970-01-01 00:00:00,0.000000,0.000000,382,38,31.70,0.0,71,1,0,D5B0
0,1970-01-01 00:00:00,0.000000,0.000000,382,38,31.70,0.0,71,1,0,D5B0
0,1970-01-01 00:00:00,0.000000,0.000000,387,38,31.80,0.0,71,1,0,450D
0,1970-01-01 00:00:00,0.000000,0.000000,387,38,31.80,0.0,71,1,0,450D
0,1970-01-01 00:00:00,0.000000,0.000000,387,38,31.80,0.0,71,1,0,450D
0,1970-01-01 00:00:00,0.000000,0.000000,387,38,31.80,0.0,71,1,0,450D
0,1970-01-01 00:00:00,0.000000,0.000000,387,39,31.80,0.0,71,1,0,300E
0,1970-01-01 00:00:00,0.000000,0.000000,387,39,31.80,0.0,71,1,0,300E
0,1970-01-01 00:00:00,0.000000,0.000000,393,39,31.80,0.0,71,1,0,9913
0,1970-01-01 00:00:00,0.000000,0.000000,387,39,31.80,0.0,71,1,0,300E
0,1970-01-01 00:00:00,0.000000,0.000000,393,39,31.80,0.0,71,1,0,9913
0,1970-01-01 00:00:00,0.000000,0.000000,393,39,31.90,0.0,71,1,0,1864
0,1970-01-01 00:00:00,0.000000,0.000000,393,39,31.90,0.0,71,1,0,1864
0,1970-01-01 00:00:00,0.000000,0.000000,393,39,31.90,0.0,71,1,0,1864
0,1970-01-01 00:00:00,0.000000,0.000000,399,39,31.90,0.0,71,1,0,7F6F
0,1970-01-01 00:00:00,0.000000,0.000000,399,39,31.90,0.0,72,1,0,417F
0,1970-01-01 00:00:00,0.000000,0.000000,399,39,31.90,0.0,72,1,0,417F
0,1970-01-01 00:00:00,0.000000,0.000000,399,39,32.00,0.0,72,1,0,9EF6
0,1970-01-01 00:00:00,0.000000,0.000000,399,39,31.90,0.0,72,1,0,417F
0,1970-01-01 00:00:00,0.000000,0.000000,399,39,32.00,0.0,72,1,0,9EF6
0,1970-01-01 00:00:00,0.000000,0.000000,399,39,32.00,0.0,72,1,0,9EF6
0,1970-01-01 00:00:00,0.000000,0.000000,405,39,32.00,0.0,72,1,0,C02D
0,1970-01-01 00:00:00,0.000000,0.000000,405,39,32.00,0.0,72,1,0,C02D
0,1970-01-01 00:00:00,0.000000,0.000000,405,39,32.00,0.0,72,1,0,C02D
0,1970-01-01 00:00:00,0.000000,0.000000,405,39,32.00,0.0,72,1,0,C02D
0,1970-01-01 00:00:00,0.000000,0.000000,405,40,32.10,0.0,72,1,0,63CB
0,1970-01-01 00:00:00,0.000000,0.000000,405,40,32.10,0.0,72,1,0,63CB
0,1970-01-01 00:00:00,0.000000,0.000000,405,40,32.00,0.0,73,1,0,120D
0,1970-01-01 00:00:00,0.000000,0.000000,411,40,32.10,0.0,73,1,0,5E18
0,1970-01-01 00:00:00,0.000000,0.000000,411,40,32.10,0.0,73,1,0,5E18
0,1970-01-01 00:00:00,0.000000,0.000000,411,40,32.10,0.0,73,1,0,5E18
0,1970-01-01 00:00:00,0.000000,0.000000,411,40,32.10,0.0,73,1,0,5E18
0,1970-01-01 00:00:00,0.000000,0.000000,411,40,32.10,0.0,73,1,0,5E18
0,1970-01-01 00:00:00,0.000000,0.000000,411,40,32.10,0.0,73,1,0,5E18
0,1970-01-01 00:00:00,0.000000,0.000000,418,40,32.10,0.0,73,1,0,6CD3
0,1970-01-01 00:00:00,0.000000,0.000000,418,40,32.20,0.0,73,1,0,426D
0,1970-01-01 00:00:00,0.000000,0.000000,418,40,32.20,0.0,73,1,0,426D
0,1970-01-01 00:00:00,0.000000,0.000000,418,40,32.20,0.0,73,1,0,426D
0,1970-01-01 00:00:00,0.000000,0.000000,418,40,32.20,0.0,73,1,0,426D
0,1970-01-01 00:00:00,0.000000,0.000000,418,40,32.20,0.0,73,1,0,426D
0,1970-01-01 00:00:00,0.000000,0.000000,424,40,32.20,0.0,73,1,0,EB70
0,1970-01-01 00:00:00,0.000000,0.000000,424,40,32.20,0.0,73,1,0,EB70
0,1970-01-01 00:00:00,0.000000,0.000000,418,40,32.20,0.0,73,1,0,426D
0,1970-01-01 00:00:00,0.000000,0.000000,424,40,32.20,0.0,73,1,0,EB70
0,1970-01-01 00:00:00,0.000000,0.000000,424,40,32.20,0.0,73,1,0,EB70
0,1970-01-01 00:00:00,0.000000,0.000000,424,40,32.20,0.0,73,1,0,EB70
0,1970-01-01 00:00:00,0.000000,0.000000,424,40,32.20,0.0,73,1,0,EB70
0,1970-01-01 00:00:00,0.000000,0.000000,424,40,32.20,0.0,73,1,0,EB70
0,1970-01-01 00:00:00,0.000000,0.000000,431,40,32.20,0.0,73,1,0,ED00
0,1970-01-01 00:00:00,0.000000,0.000000,431,40,32.20,0.0,73,1,0,ED00
0,1970-01-01 00:00:00,0.000000,0.000000,424,40,32.20,0.0,73,1,0,EB70
0,1970-01-01 00:00:00,0.000000,0.000000,431,40,32.30,0.0,73,1,0,42C9
0,1970-01-01 00:00:00,0.000000,0.000000,431,40,32.30,0.0,73,1,0,42C9
0,1970-01-01 00:00:00,0.000000,0.000000,431,40,32.30,0.0,73,1,0,42C9
0,1970-01-01 00:00:00,0.000000,0.000000,431,40,32.30,0.0,73,1,0,42C9
0,1970-01-01 00:00:00,0.000000,0.000000,431,40,32.30,0.0,73,1,0,42C9
0,1970-01-01 00:00:00,0.000000,0.000000,437,40,32.30,0.0,73,1,0,1C12
0,1970-01-01 00:00:00,0.000000,0.000000,431,40,32.20,0.0,73,1,0,ED00
0,1970-01-01 00:00:00,0.000000,0.000000,437,40,32.30,0.0,73,1,0,1C12
0,1970-01-01 00:00:00,0.000000,0.000000,437,40,32.30,0.0,73,1,0,1C12
0,1970-01-01 00:00:00,0.000000,0.000000,437,40,32.30,0.0,73,1,0,1C12
0,1970-01-01 00:00:00,0.000000,0.000000,437,40,32.40,0.0,73,1,0,FD1D
0,1970-01-01 00:00:00,0.000000,0.000000,437,40,32.30,0.0,73,1,0,1C12
0,1970-01-01 00:00:00,0.000000,0.000000,437,40,32.40,0.0,73,1,0,FD1D
0,1970-01-01 00:00:00,0.000000,0.000000,444,40,32.40,0.0,73,1,0,F78D
0,1970-01-01 00:00:00,0.000000,0.000000,444,40,32.40,0.0,73,1,0,F78D
0,1970-01-01 00:00:00,0.000000,0.000000,444,40,32.40,0.0,73,1,0,F78D
0,1970-01-01 00:00:00,0.000000,0.000000,444,40,32.40,0.0,73,1,0,F78D
0,1970-01-01 00:00:00,0.000000,0.000000,444,40,32.50,0.0,73,1,0,718F
0,1970-01-01 00:00:00,0.000000,0.000000,444,40,32.50,0.0,73,1,0,718F
0,1970-01-01 00:00:00,0.000000,0.000000,444,40,32.50,0.0,73,1,0,718F
0,1970-01-01 00:00:00,0.000000,0.000000,444,40,32.50,0.0,73,1,0,718F
0,1970-01-01 00:00:00,0.000000,0.000000,451,38,32.50,0.0,73,1,0,D74
0,1970-01-01 00:00:00,0.000000,0.000000,451,38,32.50,0.0,72,1,0,3C47
0,1970-01-01 00:00:00,0.000000,0.000000,451,39,32.20,0.0,73,1,0,B0B3
0,1970-01-01 00:00:00,0.000000,0.000000,451,38,32.00,0.0,73,1,0,ABFB
0,1970-01-01 00:00:00,0.000000,0.000000,458,38,32.00,0.0,73,1,0,A16B
0,1970-01-01 00:00:00,0.000000,0.000000,451,38,31.90,0.0,74,1,0,2727
0,1970-01-01 00:00:00,0.000000,0.000000,458,39,31.80,0.0,74,1,0,D9C3
0,1970-01-01 00:00:00,0.000000,0.000000,458,40,31.70,0.0,75,1,0,CD14
0,1970-01-01 00:00:00,0.000000,0.000000,458,40,31.60,0.0,76,1,0,144B
0,1970-01-01 00:00:00,0.000000,0.000000,458,40,31.60,0.0,77,1,0,2578
0,1970-01-01 00:00:00,0.000000,0.000000,465,40,31.70,0.0,78,1,0,74B
0,1970-01-01 00:00:00,0.000000,0.000000,465,40,31.60,0.0,78,1,0,498D
0,1970-01-01 00:00:00,0.000000,0.000000,465,40,31.70,0.0,78,1,0,74B
0,1970-01-01 00:00:00,0.000000,0.000000,465,40,31.60,0.0,79,1,0,78BE
0,1970-01-01 00:00:00,0.000000,0.000000,465,41,31.60,0.0,79,1,0,DBD
0,1970-01-01 00:00:00,0.000000,0.000000,465,41,31.60,0.0,79,1,0,DBD
0,1970-01-01 00:00:00,0.000000,0.000000,465,40,31.60,0.0,79,1,0,78BE
0,1970-01-01 00:00:00,0.000000,0.000000,473,40,31.60,0.0,79,1,0,1355
0,1970-01-01 00:00:00,0.000000,0.000000,465,41,31.50,0.0,79,1,0,63F6
0,1970-01-01 00:00:00,0.000000,0.000000,465,41,31.50,0.0,79,1,0,63F6
0,1970-01-01 00:00:00,0.000000,0.000000,465,41,31.60,0.0,79,1,0,DBD
0,1970-01-01 00:00:00,0.000000,0.000000,465,40,31.60,0.0,79,1,0,78BE
0,1970-01-01 00:00:00,0.000000,0.000000,465,40,31.70,0.0,79,1,0,3678
0,1970-01-01 00:00:00,0.000000,0.000000,473,40,31.70,0.0,79,1,0,5D93
0,1970-01-01 00:00:00,0.000000,0.000000,465,41,31.60,0.0,79,1,0,DBD
0,1970-01-01 00:00:00,0.000000,0.000000,473,41,31.60,0.0,80,1,0,2B45
0,1970-01-01 00:00:00,0.000000,0.000000,473,40,31.50,0.0,80,1,0,300D
0,1970-01-01 00:00:00,0.000000,0.000000,473,40,31.50,0.0,80,1,0,300D
0,1970-01-01 00:00:00,0.000000,0.000000,473,41,31.50,0.0,80,1,0,450E
0,1970-01-01 00:00:00,0.000000,0.000000,473,40,31.50,0.0,80,1,0,300D
0,1970-01-01 00:00:00,0.000000,0.000000,473,40,31.50,0.0,80,1,0,300D
0,1970-01-01 00:00:00,0.000000,0.000000,473,40,31.50,0.0,80,1,0,300D
0,1970-01-01 00:00:00,0.000000,0.000000,473,41,31.50,0.0,80,1,0,450E
0,1970-01-01 00:00:00,0.000000,0.000000,473,41,31.40,0.0,80,1,0,4F0C
0,1970-01-01 00:00:00,0.000000,0.000000,473,41,31.50,0.0,80,1,0,450E
0,1970-01-01 00:00:00,0.000000,0.000000,473,41,31.40,0.0,80,1,0,4F0C
0,1970-01-01 00:00:00,0.000000,0.000000,473,41,31.40,0.0,80,1,0,4F0C
0,1970-01-01 00:00:00,0.000000,0.000000,473,41,31.40,0.0,80,1,0,4F0C
0,1970-01-01 00:00:00,0.000000,0.000000,473,41,31.40,0.0,80,1,0,4F0C
0,1970-01-01 00:00:00,0.000000,0.000000,480,41,31.40,0.0,80,1,0,7DC7
0,1970-01-01 00:00:00,0.000000,0.000000,480,40,31.40,0.0,80,1,0,8C4
0,1970-01-01 00:00:00,0.000000,0.000000,480,40,31.40,0.0,80,1,0,8C4
0,1970-01-01 00:00:00,0.000000,0.000000,480,40,31.40,0.0,79,1,0,45D7
0,1970-01-01 00:00:00,0.000000,0.000000,480,40,31.40,0.0,80,1,0,8C4
0,1970-01-01 00:00:00,0.000000,0.000000,480,40,31.40,0.0,79,1,0,45D7
0,1970-01-01 00:00:00,0.000000,0.000000,480,40,31.20,0.0,80,1,0,4F44
0,1970-01-01 00:00:00,0.000000,0.000000,488,40,31.10,0.0,80,1,0,6A69
0,1970-01-01 00:00:00,0.000000,0.000000,480,40,31.00,0.0,80,1,0,6FC9
0,1970-01-01 00:00:00,0.000000,0.000000,480,40,31.00,0.0,80,1,0,6FC9
0,1970-01-01 00:00:00,0.000000,0.000000,480,40,31.00,0.0,80,1,0,6FC9
0,1970-01-01 00:00:00,0.000000,0.000000,488,40,31.00,0.0,80,1,0,422
0,1970-01-01 00:00:00,0.000000,0.000000,488,40,31.00,0.0,80,1,0,422
0,1970-01-01 00:00:00,0.000000,0.000000,488,40,31.10,0.0,80,1,0,6A69
0,1970-01-01 00:00:00,0.000000,0.000000,488,40,31.00,0.0,80,1,0,422
0,1970-01-01 00:00:00,0.000000,0.000000,488,40,31.00,0.0,79,1,0,4931
0,1970-01-01 00:00:00,0.000000,0.000000,488,40,31.00,0.0,79,1,0,4931
0,1970-01-01 00:00:00,0.000000,0.000000,488,40,30.90,0.0,79,1,0,992D
0,1970-01-01 00:00:00,0.000000,0.000000,488,40,31.00,0.0,80,1,0,422
0,1970-01-01 00:00:00,0.000000,0.000000,488,40,30.90,0.0,80,1,0,D43E
0,1970-01-01 00:00:00,0.000000,0.000000,488,40,30.90,0.0,80,1,0,D43E
0,1970-01-01 00:00:00,0.000000,0.000000,488,40,30.90,0.0,80,1,0,D43E
0,1970-01-01 00:00:00,0.000000,0.000000,488,40,30.90,0.0,80,1,0,D43E
0,1970-01-01 00:00:00,0.000000,0.000000,488,40,31.10,0.0,79,1,0,277A
0,1970-01-01 00:00:00,0.000000,0.000000,488,40,31.30,0.0,77,1,0,CD2D
0,1970-01-01 00:00:00,0.000000,0.000000,488,40,31.40,0.0,77,1,0,4C5A
0,1970-01-01 00:00:00,0.000000,0.000000,488,40,31.50,0.0,76,1,0,776B
0,1970-01-01 00:00:00,0.000000,0.000000,488,40,31.60,0.0,75,1,0,8EB9
0,1970-01-01 00:00:00,0.000000,0.000000,488,39,31.60,0.0,75,1,0,6DAA
0,1970-01-01 00:00:00,0.000000,0.000000,488,39,31.70,0.0,74,1,0,125F
0,1970-01-01 00:00:00,0.000000,0.000000,496,39,31.80,0.0,74,1,0,4885
0,1970-01-01 00:00:00,0.000000,0.000000,488,39,31.80,0.0,74,1,0,D4A8
0,1970-01-01 00:00:00,0.000000,0.000000,496,39,31.80,0.0,74,1,0,4885
0,1970-01-01 00:00:00,0.000000,0.000000,496,39,31.90,0.0,74,1,0,C9F2
0,1970-01-01 00:00:00,0.000000,0.000000,496,39,31.90,0.0,73,1,0,9AA7
0,1970-01-01 00:00:00,0.000000,0.000000,496,39,31.90,0.0,73,1,0,9AA7
0,1970-01-01 00:00:00,0.000000,0.000000,496,39,32.00,0.0,73,1,0,452E
0,1970-01-01 00:00:00,0.000000,0.000000,496,39,32.00,0.0,73,1,0,452E
0,1970-01-01 00:00:00,0.000000,0.000000,496,39,32.00,0.0,73,1,0,452E
0,1970-01-01 00:00:00,0.000000,0.000000,496,40,32.00,0.0,73,1,0,A63D
0,1970-01-01 00:00:00,0.000000,0.000000,496,39,32.00,0.0,73,1,0,452E
0,1970-01-01 00:00:00,0.000000,0.000000,504,40,32.00,0.0,73,1,0,CDD6
0,1970-01-01 00:00:00,0.000000,0.000000,504,40,32.10,0.0,73,1,0,8D23
0,1970-01-01 00:00:00,0.000000,0.000000,504,40,32.10,0.0,73,1,0,8D23
0,1970-01-01 00:00:00,0.000000,0.000000,504,40,32.10,0.0,73,1,0,8D23
0,1970-01-01 00:00:00,0.000000,0.000000,504,40,32.20,0.0,73,1,0,A39D
0,1970-01-01 00:00:00,0.000000,0.000000,504,40,32.20,0.0,73,1,0,A39D
0,1970-01-01 00:00:00,0.000000,0.000000,504,40,32.20,0.0,73,1,0,A39D
0,1970-01-01 00:00:00,0.000000,0.000000,504,40,32.20,0.0,73,1,0,A39D
0,1970-01-01 00:00:00,0.000000,0.000000,504,40,32.20,0.0,73,1,0,A39D
0,1970-01-01 00:00:00,0.000000,0.000000,504,40,32.20,0.0,73,1,0,A39D
0,1970-01-01 00:00:00,0.000000,0.000000,504,40,32.30,0.0,73,1,0,C54
0,1970-01-01 00:00:00,0.000000,0.000000,504,40,32.30,0.0,73,1,0,C54
0,1970-01-01 00:00:00,0.000000,0.000000,504,40,32.30,0.0,73,1,0,C54
0,1970-01-01 00:00:00,0.000000,0.000000,504,40,32.30,0.0,73,1,0,C54
0,1970-01-01 00:00:00,0.000000,0.000000,512,40,32.30,0.0,73,1,0,3B57
0,1970-01-01 00:00:00,0.000000,0.000000,512,40,32.30,0.0,73,1,0,3B57
0,1970-01-01 00:00:00,0.000000,0.000000,512,40,32.30,0.0,73,1,0,3B57
0,1970-01-01 00:00:00,0.000000,0.000000,512,40,32.30,0.0,73,1,0,3B57
0,1970-01-01 00:00:00,0.000000,0.000000,512,40,32.40,0.0,73,1,0,DA58
0,1970-01-01 00:00:00,0.000000,0.000000,512,40,32.40,0.0,73,1,0,DA58
0,1970-01-01 00:00:00,0.000000,0.000000,520,40,32.40,0.0,73,1,0,B1B3
0,1970-01-01 00:00:00,0.000000,0.000000,520,40,32.40,0.0,73,1,0,B1B3
0,1970-01-01 00:00:00,0.000000,0.000000,520,40,32.40,0.0,73,1,0,B1B3
0,1970-01-01 00:00:00,0.000000,0.000000,520,40,32.50,0.0,73,1,0,37B1
0,1970-01-01 00:00:00,0.000000,0.000000,520,40,32.50,0.0,73,1,0,37B1
0,1970-01-01 00:00:00,0.000000,0.000000,520,40,32.40,0.0,73,1,0,B1B3
0,1970-01-01 00:00:00,0.000000,0.000000,520,40,32.50,0.0,73,1,0,37B1
0,1970-01-01 00:00:00,0.000000,0.000000,520,40,32.50,0.0,73,1,0,37B1
0,1970-01-01 00:00:00,0.000000,0.000000,520,40,32.50,0.0,73,1,0,37B1
0,1970-01-01 00:00:00,0.000000,0.000000,520,40,32.50,0.0,73,1,0,37B1
0,1970-01-01 00:00:00,0.000000,0.000000,520,40,32.50,0.0,73,1,0,37B1
0,1970-01-01 00:00:00,0.000000,0.000000,528,40,32.50,0.0,73,1,0,AB9C
0,1970-01-01 00:00:00,0.000000,0.000000,528,40,32.60,0.0,73,1,0,EB69
0,1970-01-01 00:00:00,0.000000,0.000000,528,40,32.60,0.0,73,1,0,EB69
0,1970-01-01 00:00:00,0.000000,0.000000,528,40,32.60,0.0,73,1,0,EB69
0,1970-01-01 00:00:00,0.000000,0.000000,537,40,32.60,0.0,73,1,0,E1F9
0,1970-01-01 00:00:00,0.000000,0.000000,528,40,32.70,0.0,73,1,0,C5D7
0,1970-01-01 00:00:00,0.000000,0.000000,528,40,32.60,0.0,73,1,0,EB69
0,1970-01-01 00:00:00,0.000000,0.000000,537,40,32.70,0.0,73,1,0,CF47
0,1970-01-01 00:00:00,0.000000,0.000000,537,40,32.70,0.0,73,1,0,CF47
0,1970-01-01 00:00:00,0.000000,0.000000,537,40,32.70,0.0,73,1,0,CF47
0,1970-01-01 00:00:00,0.000000,0.000000,537,40,32.60,0.0,73,1,0,E1F9
0,1970-01-01 00:00:00,0.000000,0.000000,537,40,32.70,0.0,73,1,0,CF47
0,1970-01-01 00:00:00,0.000000,0.000000,537,40,32.70,0.0,73,1,0,CF47
0,1970-01-01 00:00:00,0.000000,0.000000,537,40,32.70,0.0,73,1,0,CF47
0,1970-01-01 00:00:00,0.000000,0.000000,546,40,32.70,0.0,73,1,0,3F7A
0,1970-01-01 00:00:00,0.000000,0.000000,546,40,32.70,0.0,73,1,0,3F7A
0,1970-01-01 00:00:00,0.000000,0.000000,546,40,32.70,0.0,73,1,0,3F7A
0,1970-01-01 00:00:00,0.000000,0.000000,546,40,32.70,0.0,73,1,0,3F7A
0,1970-01-01 00:00:00,0.000000,0.000000,546,40,32.70,0.0,73,1,0,3F7A
0,1970-01-01 00:00:00,0.000000,0.000000,546,40,32.70,0.0,73,1,0,3F7A
0,1970-01-01 00:00:00,0.000000,0.000000,546,40,32.70,0.0,73,1,0,3F7A
0,1970-01-01 00:00:00,0.000000,0.000000,546,40,32.80,0.0,73,1,0,90B3
0,1970-01-01 00:00:00,0.000000,0.000000,555,40,32.70,0.0,73,1,0,35EA
0,1970-01-01 00:00:00,0.000000,0.000000,546,40,32.80,0.0,73,1,0,90B3
0,1970-01-01 00:00:00,0.000000,0.000000,555,40,32.80,0.0,73,1,0,9A23
0,1970-01-01 00:00:00,0.000000,0.000000,546,40,32.90,0.0,73,1,0,71BC
0,1970-01-01 00:00:00,0.000000,0.000000,555,40,32.80,0.0,73,1,0,9A23
0,1970-01-01 00:00:00,0.000000,0.000000,555,40,32.80,0.0,73,1,0,9A23
0,1970-01-01 00:00:00,0.000000,0.000000,555,40,32.80,0.0,73,1,0,9A23
0,1970-01-01 00:00:00,0.000000,0.000000,555,40,32.90,0.0,73,1,0,7B2C
0,1970-01-01 00:00:00,0.000000,0.000000,555,40,32.90,0.0,73,1,0,7B2C
0,1970-01-01 00:00:00,0.000000,0.000000,555,40,32.90,0.0,73,1,0,7B2C
0,1970-01-01 00:00:00,0.000000,0.000000,564,40,32.90,0.0,73,1,0,E171
0,1970-01-01 00:00:00,0.000000,0.000000,555,38,33.00,0.0,73,1,0,631
0,1970-01-01 00:00:00,0.000000,0.000000,564,38,32.90,0.0,73,1,0,7761
0,1970-01-01 00:00:00,0.000000,0.000000,564,38,32.50,0.0,73,1,0,57EC
0,1970-01-01 00:00:00,0.000000,0.000000,564,40,32.20,0.0,74,1,0,5A6D
0,1970-01-01 00:00:00,0.000000,0.000000,564,40,32.10,0.0,76,1,0,D279
0,1970-01-01 00:00:00,0.000000,0.000000,564,40,32.10,0.0,77,1,0,E34A
0,1970-01-01 00:00:00,0.000000,0.000000,564,41,32.10,0.0,78,1,0,C51C
0,1970-01-01 00:00:00,0.000000,0.000000,564,41,32.00,0.0,78,1,0,85E9
0,1970-01-01 00:00:00,0.000000,0.000000,564,41,32.00,0.0,79,1,0,B4DA
0,1970-01-01 00:00:00,0.000000,0.000000,564,41,32.00,0.0,79,1,0,B4DA
0,1970-01-01 00:00:00,0.000000,0.000000,564,42,32.00,0.0,79,1,0,2BDF
0,1970-01-01 00:00:00,0.000000,0.000000,564,42,32.00,0.0,80,1,0,66CC
0,1970-01-01 00:00:00,0.000000,0.000000,564,42,32.00,0.0,80,1,0,66CC
0,1970-01-01 00:00:00,0.000000,0.000000,564,41,31.90,0.0,80,1,0,2640
0,1970-01-01 00:00:00,0.000000,0.000000,564,41,32.00,0.0,80,1,0,F9C9
0,1970-01-01 00:00:00,0.000000,0.000000,564,41,31.90,0.0,80,1,0,2640
0,1970-01-01 00:00:00,0.000000,0.000000,564,41,31.90,0.0,80,1,0,2640
0,1970-01-01 00:00:00,0.000000,0.000000,564,41,31.90,0.0,80,1,0,2640
0,1970-01-01 00:00:00,0.000000,0.000000,564,41,31.90,0.0,80,1,0,2640
0,1970-01-01 00:00:00,0.000000,0.000000,564,41,31.90,0.0,80,1,0,2640
0,1970-01-01 00:00:00,0.000000,0.000000,564,42,31.80,0.0,80,1,0,3832
0,1970-01-01 00:00:00,0.000000,0.000000,564,41,31.90,0.0,80,1,0,2640
0,1970-01-01 00:00:00,0.000000,0.000000,564,40,32.00,0.0,79,1,0,C1D9
0,1970-01-01 00:00:00,0.000000,0.000000,564,40,31.90,0.0,79,1,0,1E50
0,1970-01-01 00:00:00,0.000000,0.000000,555,40,32.00,0.0,78,1,0,6AB7
0,1970-01-01 00:00:00,0.000000,0.000000,555,40,32.00,0.0,77,1,0,39E2
0,1970-01-01 00:00:00,0.000000,0.000000,555,40,32.00,0.0,77,1,0,39E2
0,1970-01-01 00:00:00,0.000000,0.000000,555,40,32.10,0.0,76,1,0,4824
0,1970-01-01 00:00:00,0.000000,0.000000,555,40,32.00,0.0,76,1,0,8D1
0,1970-01-01 00:00:00,0.000000,0.000000,555,40,31.90,0.0,75,1,0,40C1
0,1970-01-01 00:00:00,0.000000,0.000000,555,39,31.90,0.0,75,1,0,A3D2
0,1970-01-01 00:00:00,0.000000,0.000000,564,40,31.80,0.0,75,1,0,5BEB
0,1970-01-01 00:00:00,0.000000,0.000000,564,39,31.90,0.0,75,1,0,398F
0,1970-01-01 00:00:00,0.000000,0.000000,564,39,32.00,0.0,75,1,0,E606
0,1970-01-01 00:00:00,0.000000,0.000000,564,39,31.90,0.0,74,1,0,8BC
0,1970-01-01 00:00:00,0.000000,0.000000,564,39,31.90,0.0,74,1,0,8BC
0,1970-01-01 00:00:00,0.000000,0.000000,564,39,31.80,0.0,74,1,0,89CB
0,1970-01-01 00:00:00,0.000000,0.000000,564,39,31.80,0.0,74,1,0,89CB
0,1970-01-01 00:00:00,0.000000,0.000000,564,38,31.80,0.0,74,1,0,FCC8
0,1970-01-01 00:00:00,0.000000,0.000000,564,38,31.80,0.0,74,1,0,FCC8
0,1970-01-01 00:00:00,0.000000,0.000000,564,38,31.70,0.0,74,1,0,3A3F
0,1970-01-01 00:00:00,0.000000,0.000000,564,38,31.70,0.0,74,1,0,3A3F
0,1970-01-01 00:00:00,0.000000,0.000000,564,38,31.80,0.0,74,1,0,FCC8
0,1970-01-01 00:00:00,0.000000,0.000000,564,38,31.70,0.0,73,1,0,696A
0,1970-01-01 00:00:00,0.000000,0.000000,564,38,31.70,0.0,73,1,0,696A
0,1970-01-01 00:00:00,0.000000,0.000000,574,38,31.70,0.0,73,1,0,C077
0,1970-01-01 00:00:00,0.000000,0.000000,564,38,31.70,0.0,73,1,0,696A
0,1970-01-01 00:00:00,0.000000,0.000000,574,38,31.70,0.0,73,1,0,C077
0,1970-01-01 00:00:00,0.000000,0.000000,574,37,31.60,0.0,73,1,0,11B4
0,1970-01-01 00:00:00,0.000000,0.000000,564,38,31.50,0.0,73,1,0,49E7
0,1970-01-01 00:00:00,0.000000,0.000000,574,39,31.40,0.0,75,1,0,FD9D
0,1970-01-01 00:00:00,0.000000,0.000000,574,40,31.40,0.0,76,1,0,8917
0,1970-01-01 00:00:00,0.000000,0.000000,574,40,31.30,0.0,77,1,0,3953
0,1970-01-01 00:00:00,0.000000,0.000000,564,40,31.30,0.0,78,1,0,C31B
0,1970-01-01 00:00:00,0.000000,0.000000,564,40,31.20,0.0,78,1,0,5EC
0,1970-01-01 00:00:00,0.000000,0.000000,564,40,31.20,0.0,79,1,0,34DF
0,1970-01-01 00:00:00,0.000000,0.000000,574,40,31.10,0.0,79,1,0,D304
0,1970-01-01 00:00:00,0.000000,0.000000,564,41,31.10,0.0,79,1,0,F1A
0,1970-01-01 00:00:00,0.000000,0.000000,564,41,31.10,0.0,80,1,0,4209
0,1970-01-01 00:00:00,0.000000,0.000000,564,41,31.40,0.0,79,1,0,65C
0,1970-01-01 00:00:00,0.000000,0.000000,564,40,31.60,0.0,78,1,0,2625
0,1970-01-01 00:00:00,0.000000,0.000000,564,40,31.70,0.0,77,1,0,3BB6
0,1970-01-01 00:00:00,0.000000,0.000000,564,40,31.80,0.0,76,1,0,CC72
0,1970-01-01 00:00:00,0.000000,0.000000,574,40,31.80,0.0,75,1,0,F2F6
0,1970-01-01 00:00:00,0.000000,0.000000,574,40,31.90,0.0,75,1,0,7381
0,1970-01-01 00:00:00,0.000000,0.000000,574,40,32.00,0.0,74,1,0,9D3B
0,1970-01-01 00:00:00,0.000000,0.000000,574,39,32.00,0.0,74,1,0,7E28
0,1970-01-01 00:00:00,0.000000,0.000000,574,39,32.00,0.0,73,1,0,2D7D
0,1970-01-01 00:00:00,0.000000,0.000000,574,40,32.10,0.0,73,1,0,8E9B
0,1970-01-01 00:00:00,0.000000,0.000000,574,39,32.20,0.0,73,1,0,4336
0,1970-01-01 00:00:00,0.000000,0.000000,574,39,32.10,0.0,73,1,0,6D88
0,1970-01-01 00:00:00,0.000000,0.000000,574,39,32.10,0.0,73,1,0,6D88
0,1970-01-01 00:00:00,0.000000,0.000000,574,40,32.20,0.0,73,1,0,A025
0,1970-01-01 00:00:00,0.000000,0.000000,583,40,32.20,0.0,73,1,0,2DC5
0,1970-01-01 00:00:00,0.000000,0.000000,574,39,32.20,0.0,73,1,0,4336
0,1970-01-01 00:00:00,0.000000,0.000000,583,40,32.20,0.0,72,1,0,1CF6
0,1970-01-01 00:00:00,0.000000,0.000000,583,39,32.30,0.0,72,1,0,502C
0,1970-01-01 00:00:00,0.000000,0.000000,583,40,32.30,0.0,72,1,0,B33F
0,1970-01-01 00:00:00,0.000000,0.000000,583,40,32.30,0.0,72,1,0,B33F
0,1970-01-01 00:00:00,0.000000,0.000000,583,40,32.40,0.0,72,1,0,5230
0,1970-01-01 00:00:00,0.000000,0.000000,583,40,32.40,0.0,72,1,0,5230
0,1970-01-01 00:00:00,0.000000,0.000000,583,40,32.40,0.0,72,1,0,5230
0,1970-01-01 00:00:00,0.000000,0.000000,583,40,32.40,0.0,72,1,0,5230
0,1970-01-01 00:00:00,0.000000,0.000000,583,40,32.50,0.0,72,1,0,D432
0,1970-01-01 00:00:00,0.000000,0.000000,593,40,32.40,0.0,72,1,0,C2FD
0,1970-01-01 00:00:00,0.000000,0.000000,583,40,32.50,0.0,72,1,0,D432
0,1970-01-01 00:00:00,0.000000,0.000000,593,40,32.50,0.0,73,1,0,75CC
0,1970-01-01 00:00:00,0.000000,0.000000,583,40,32.50,0.0,72,1,0,D432
0,1970-01-01 00:00:00,0.000000,0.000000,583,40,32.50,0.0,73,1,0,E501
0,1970-01-01 00:00:00,0.000000,0.000000,593,40,32.50,0.0,72,1,0,44FF
0,1970-01-01 00:00:00,0.000000,0.000000,593,40,32.50,0.0,73,1,0,75CC
0,1970-01-01 00:00:00,0.000000,0.000000,593,40,32.50,0.0,73,1,0,75CC
0,1970-01-01 00:00:00,0.000000,0.000000,593,40,32.50,0.0,73,1,0,75CC
0,1970-01-01 00:00:00,0.000000,0.000000,593,40,32.50,0.0,73,1,0,75CC
0,1970-01-01 00:00:00,0.000000,0.000000,593,40,32.50,0.0,73,1,0,75CC
0,1970-01-01 00:00:00,0.000000,0.000000,593,40,32.50,0.0,73,1,0,75CC
0,1970-01-01 00:00:00,0.000000,0.000000,593,40,32.50,0.0,73,1,0,75CC
0,1970-01-01 00:00:00,0.000000,0.000000,593,40,32.60,0.0,73,1,0,3539
0,1970-01-01 00:00:00,0.000000,0.000000,593,40,32.60,0.0,73,1,0,3539
0,1970-01-01 00:00:00,0.000000,0.000000,593,40,32.60,0.0,73,1,0,3539
0,1970-01-01 00:00:00,0.000000,0.000000,603,40,32.60,0.0,73,1,0,9C24
0,1970-01-01 00:00:00,0.000000,0.000000,603,40,32.60,0.0,73,1,0,9C24
0,1970-01-01 00:00:00,0.000000,0.000000,603,40,32.60,0.0,73,1,0,9C24
0,1970-01-01 00:00:00,0.000000,0.000000,603,40,32.60,0.0,73,1,0,9C24
0,1970-01-01 00:00:00,0.000000,0.000000,603,40,32.60,0.0,73,1,0,9C24
0,1970-01-01 00:00:00,0.000000,0.000000,603,40,32.60,0.0,73,1,0,9C24
0,1970-01-01 00:00:00,0.000000,0.000000,603,40,32.60,0.0,73,1,0,9C24
0,1970-01-01 00:00:00,0.000000,0.000000,603,40,32.60,0.0,72,1,0,AD17
0,1970-01-01 00:00:00,0.000000,0.000000,603,40,32.60,0.0,72,1,0,AD17
0,1970-01-01 00:00:00,0.000000,0.000000,603,40,32.60,0.0,72,1,0,AD17
0,1970-01-01 00:00:00,0.000000,0.000000,603,40,32.70,0.0,72,1,0,83A9
0,1970-01-01 00:00:00,0.000000,0.000000,613,40,32.70,0.0,72,1,0,B712
0,1970-01-01 00:00:00,0.000000,0.000000,603,40,32.70,0.0,72,1,0,83A9
0,1970-01-01 00:00:00,0.000000,0.000000,603,40,32.60,0.0,72,1,0,AD17
0,1970-01-01 00:00:00,0.000000,0.000000,603,39,32.70,0.0,72,1,0,60BA
0,1970-01-01 00:00:00,0.000000,0.000000,603,40,32.60,0.0,72,1,0,AD17
0,1970-01-01 00:00:00,0.000000,0.000000,613,40,32.70,0.0,72,1,0,B712
0,1970-01-01 00:00:00,0.000000,0.000000,613,40,32.70,0.0,72,1,0,B712
0,1970-01-01 00:00:00,0.000000,0.000000,613,40,32.70,0.0,72,1,0,B712
0,1970-01-01 00:00:00,0.000000,0.000000,613,40,32.60,0.0,72,1,0,99AC
0,1970-01-01 00:00:00,0.000000,0.000000,613,40,32.70,0.0,72,1,0,B712
0,1970-01-01 00:00:00,0.000000,0.000000,613,40,32.70,0.0,72,1,0,B712
0,1970-01-01 00:00:00,0.000000,0.000000,613,40,32.70,0.0,72,1,0,B712
0,1970-01-01 00:00:00,0.000000,0.000000,613,40,32.70,0.0,72,1,0,B712
0,1970-01-01 00:00:00,0.000000,0.000000,613,40,32.70,0.0,72,1,0,B712
0,1970-01-01 00:00:00,0.000000,0.000000,613,40,32.70,0.0,72,1,0,B712
0,1970-01-01 00:00:00,0.000000,0.000000,613,40,32.70,0.0,72,1,0,B712
0,1970-01-01 00:00:00,0.000000,0.000000,613,40,32.70,0.0,72,1,0,B712
0,1970-01-01 00:00:00,0.000000,0.000000,613,40,32.70,0.0,72,1,0,B712
0,1970-01-01 00:00:00,0.000000,0.000000,613,40,32.70,0.0,72,1,0,B712
0,1970-01-01 00:00:00,0.000000,0.000000,613,40,32.70,0.0,72,1,0,B712
0,1970-01-01 00:00:00,0.000000,0.000000,624,40,32.70,0.0,72,1,0,8452
0,1970-01-01 00:00:00,0.000000,0.000000,624,40,32.70,0.0,72,1,0,8452
0,1970-01-01 00:00:00,0.000000,0.000000,624,40,32.70,0.0,72,1,0,8452
0,1970-01-01 00:00:00,0.000000,0.000000,624,40,32.80,0.0,72,1,0,2B9B
0,1970-01-01 00:00:00,0.000000,0.000000,613,40,32.70,0.0,72,1,0,B712
0,1970-01-01 00:00:00,0.000000,0.000000,624,40,32.80,0.0,72,1,0,2B9B
0,1970-01-01 00:00:00,0.000000,0.000000,624,40,32.80,0.0,72,1,0,2B9B
0,1970-01-01 00:00:00,0.000000,0.000000,624,40,32.80,0.0,72,1,0,2B9B
0,1970-01-01 00:00:00,0.000000,0.000000,624,40,32.80,0.0,72,1,0,2B9B
0,1970-01-01 00:00:00,0.000000,0.000000,624,40,32.80,0.0,72,1,0,2B9B
0,1970-01-01 00:00:00,0.000000,0.000000,624,40,32.80,0.0,72,1,0,2B9B
0,1970-01-01 00:00:00,0.000000,0.000000,624,40,32.90,0.0,72,1,0,CA94
0,1970-01-01 00:00:00,0.000000,0.000000,624,40,32.90,0.0,72,1,0,CA94
0,1970-01-01 00:00:00,0.000000,0.000000,635,40,32.90,0.0,72,1,0,2F2
0,1970-01-01 00:00:00,0.000000,0.000000,635,40,33.00,0.0,72,1,0,E9FF
0,1970-01-01 00:00:00,0.000000,0.000000,635,40,32.90,0.0,72,1,0,2F2
0,1970-01-01 00:00:00,0.000000,0.000000,635,40,32.90,0.0,72,1,0,2F2
0,1970-01-01 00:00:00,0.000000,0.000000,635,40,32.90,0.0,72,1,0,2F2
0,1970-01-01 00:00:00,0.000000,0.000000,635,40,33.00,0.0,72,1,0,E9FF
0,1970-01-01 00:00:00,0.000000,0.000000,635,40,33.00,0.0,72,1,0,E9FF
0,1970-01-01 00:00:00,0.000000,0.000000,635,40,33.00,0.0,72,1,0,E9FF
0,1970-01-01 00:00:00,0.000000,0.000000,635,40,33.00,0.0,72,1,0,E9FF
0,1970-01-01 00:00:00,0.000000,0.000000,635,40,33.00,0.0,72,1,0,E9FF
0,1970-01-01 00:00:00,0.000000,0.000000,635,40,33.10,0.0,72,1,0,A90A
0,1970-01-01 00:00:00,0.000000,0.000000,635,40,33.10,0.0,72,1,0,A90A
0,1970-01-01 00:00:00,0.000000,0.000000,635,40,33.10,0.0,72,1,0,A90A
0,1970-01-01 00:00:00,0.000000,0.000000,646,40,33.20,0.0,72,1,0,D1FE
0,1970-01-01 00:00:00,0.000000,0.000000,635,40,33.10,0.0,72,1,0,A90A
0,1970-01-01 00:00:00,0.000000,0.000000,646,40,33.10,0.0,72,1,0,FF40
0,1970-01-01 00:00:00,0.000000,0.000000,646,40,33.20,0.0,72,1,0,D1FE
0,1970-01-01 00:00:00,0.000000,0.000000,646,40,33.20,0.0,72,1,0,D1FE
0,1970-01-01 00:00:00,0.000000,0.000000,646,40,33.20,0.0,72,1,0,D1FE
0,1970-01-01 00:00:00,0.000000,0.000000,646,40,33.20,0.0,72,1,0,D1FE
0,1970-01-01 00:00:00,0.000000,0.000000,646,40,33.30,0.0,72,1,0,7E37
0,1970-01-01 00:00:00,0.000000,0.000000,646,39,33.30,0.0,72,1,0,9D24
0,1970-01-01 00:00:00,0.000000,0.000000,646,40,33.30,0.0,72,1,0,7E37
0,1970-01-01 00:00:00,0.000000,0.000000,646,40,33.30,0.0,73,1,0,4F04
0,1970-01-01 00:00:00,0.000000,0.000000,657,39,33.30,0.0,73,1,0,5DA1
0,1970-01-01 00:00:00,0.000000,0.000000,657,39,33.30,0.0,73,1,0,5DA1
0,1970-01-01 00:00:00,0.000000,0.000000,657,39,33.30,0.0,73,1,0,5DA1
0,1970-01-01 00:00:00,0.000000,0.000000,657,39,33.30,0.0,73,1,0,5DA1
0,1970-01-01 00:00:00,0.000000,0.000000,657,39,33.30,0.0,73,1,0,5DA1
0,1970-01-01 00:00:00,0.000000,0.000000,646,38,33.30,0.0,73,1,0,D914
0,1970-01-01 00:00:00,0.000000,0.000000,657,38,33.30,0.0,73,1,0,28A2
0,1970-01-01 00:00:00,0.000000,0.000000,657,38,33.00,0.0,73,1,0,E920
0,1970-01-01 00:00:00,0.000000,0.000000,657,38,32.90,0.0,74,1,0,5178
0,1970-01-01 00:00:00,0.000000,0.000000,657,38,32.60,0.0,74,1,0,3100
0,1970-01-01 00:00:00,0.000000,0.000000,646,39,32.60,0.0,76,1,0,131F
0,1970-01-01 00:00:00,0.000000,0.000000,657,38,32.40,0.0,77,1,0,606E
0,1970-01-01 00:00:00,0.000000,0.000000,657,39,32.40,0.0,77,1,0,156D
0,1970-01-01 00:00:00,0.000000,0.000000,657,39,32.20,0.0,78,1,0,8FE
0,1970-01-01 00:00:00,0.000000,0.000000,657,40,32.00,0.0,79,1,0,B495
0,1970-01-01 00:00:00,0.000000,0.000000,646,39,32.00,0.0,79,1,0,A630
0,1970-01-01 00:00:00,0.000000,0.000000,657,39,32.10,0.0,79,1,0,1773
0,1970-01-01 00:00:00,0.000000,0.000000,657,39,32.00,0.0,80,1,0,1A95
0,1970-01-01 00:00:00,0.000000,0.000000,657,39,31.90,0.0,80,1,0,C51C
0,1970-01-01 00:00:00,0.000000,0.000000,657,39,31.90,0.0,80,1,0,C51C
0,1970-01-01 00:00:00,0.000000,0.000000,657,39,31.90,0.0,80,1,0,C51C
0,1970-01-01 00:00:00,0.000000,0.000000,657,38,31.80,0.0,80,1,0,3168
0,1970-01-01 00:00:00,0.000000,0.000000,646,38,31.80,0.0,80,1,0,C0DE
0,1970-01-01 00:00:00,0.000000,0.000000,657,38,31.50,0.0,80,1,0,D712
0,1970-01-01 00:00:00,0.000000,0.000000,646,38,31.40,0.0,80,1,0,2CA6
0,1970-01-01 00:00:00,0.000000,0.000000,646,38,31.30,0.0,81,1,0,9CE2
0,1970-01-01 00:00:00,0.000000,0.000000,646,38,31.10,0.0,81,1,0,14D3
0,1970-01-01 00:00:00,0.000000,0.000000,646,38,31.00,0.0,81,1,0,7A98
0,1970-01-01 00:00:00,0.000000,0.000000,646,38,31.00,0.0,81,1,0,7A98
0,1970-01-01 00:00:00,0.000000,0.000000,646,38,30.90,0.0,81,1,0,AA84
0,1970-01-01 00:00:00,0.000000,0.000000,646,38,30.80,0.0,81,1,0,2BF3
0,1970-01-01 00:00:00,0.000000,0.000000,646,38,30.80,0.0,81,1,0,2BF3
0,1970-01-01 00:00:00,0.000000,0.000000,646,38,30.70,0.0,81,1,0,ED04
0,1970-01-01 00:00:00,0.000000,0.000000,646,38,30.60,0.0,82,1,0,F097
0,1970-01-01 00:00:00,0.000000,0.000000,646,38,30.60,0.0,82,1,0,F097
0,1970-01-01 00:00:00,0.000000,0.000000,635,38,30.50,0.0,82,1,0,C896
0,1970-01-01 00:00:00,0.000000,0.000000,635,38,30.50,0.0,82,1,0,C896
0,1970-01-01 00:00:00,0.000000,0.000000,635,37,30.50,0.0,82,1,0,5793
0,1970-01-01 00:00:00,0.000000,0.000000,635,38,30.40,0.0,82,1,0,C294
0,1970-01-01 00:00:00,0.000000,0.000000,635,38,30.40,0.0,82,1,0,C294
0,1970-01-01 00:00:00,0.000000,0.000000,635,38,30.30,0.0,82,1,0,43E3
0,1970-01-01 00:00:00,0.000000,0.000000,635,38,30.30,0.0,82,1,0,43E3
0,1970-01-01 00:00:00,0.000000,0.000000,624,37,30.20,0.0,82,1,0,D277
0,1970-01-01 00:00:00,0.000000,0.000000,635,37,30.20,0.0,82,1,0,1A11
0,1970-01-01 00:00:00,0.000000,0.000000,624,37,30.20,0.0,82,1,0,D277
0,1970-01-01 00:00:00,0.000000,0.000000,624,37,30.10,0.0,82,1,0,9CB1
0,1970-01-01 00:00:00,0.000000,0.000000,624,37,30.00,0.0,82,1,0,F2FA
0,1970-01-01 00:00:00,0.000000,0.000000,624,37,30.00,0.0,82,1,0,F2FA
0,1970-01-01 00:00:00,0.000000,0.000000,624,37,30.00,0.0,82,1,0,F2FA
0,1970-01-01 00:00:00,0.000000,0.000000,624,37,29.90,0.0,82,1,0,96DB
0,1970-01-01 00:00:00,0.000000,0.000000,624,37,29.80,0.0,82,1,0,17AC
0,1970-01-01 00:00:00,0.000000,0.000000,613,38,29.80,0.0,82,1,0,BBE9
0,1970-01-01 00:00:00,0.000000,0.000000,624,38,29.90,0.0,82,1,0,9DE
0,1970-01-01 00:00:00,0.000000,0.000000,624,37,30.20,0.0,81,1,0,8122
0,1970-01-01 00:00:00,0.000000,0.000000,613,37,30.50,0.0,80,1,0,CED3
0,1970-01-01 00:00:00,0.000000,0.000000,613,37,30.60,0.0,78,1,0,DCB8
0,1970-01-01 00:00:00,0.000000,0.000000,624,37,30.80,0.0,77,1,0,349C
0,1970-01-01 00:00:00,0.000000,0.000000,613,36,30.80,0.0,76,1,0,43EC
0,1970-01-01 00:00:00,0.000000,0.000000,624,36,31.00,0.0,75,1,0,B65E
0,1970-01-01 00:00:00,0.000000,0.000000,613,36,31.00,0.0,74,1,0,B42D
0,1970-01-01 00:00:00,0.000000,0.000000,624,35,31.10,0.0,74,1,0,A22E
0,1970-01-01 00:00:00,0.000000,0.000000,624,35,31.10,0.0,73,1,0,F17B
0,1970-01-01 00:00:00,0.000000,0.000000,613,35,31.20,0.0,73,1,0,8CFD
0,1970-01-01 00:00:00,0.000000,0.000000,613,35,31.20,0.0,73,1,0,8CFD
0,1970-01-01 00:00:00,0.000000,0.000000,624,35,31.30,0.0,73,1,0,794A
0,1970-01-01 00:00:00,0.000000,0.000000,624,35,31.30,0.0,72,1,0,4879
0,1970-01-01 00:00:00,0.000000,0.000000,613,35,31.40,0.0,72,1,0,FA4E
0,1970-01-01 00:00:00,0.000000,0.000000,613,35,31.40,0.0,72,1,0,FA4E
0,1970-01-01 00:00:00,0.000000,0.000000,613,35,31.40,0.0,72,1,0,FA4E
0,1970-01-01 00:00:00,0.000000,0.000000,613,35,31.50,0.0,72,1,0,F04C
0,1970-01-01 00:00:00,0.000000,0.000000,624,35,31.50,0.0,72,1,0,C30C
0,1970-01-01 00:00:00,0.000000,0.000000,613,35,31.50,0.0,72,1,0,F04C
0,1970-01-01 00:00:00,0.000000,0.000000,613,35,31.60,0.0,72,1,0,9E07
0,1970-01-01 00:00:00,0.000000,0.000000,624,35,31.60,0.0,72,1,0,AD47
0,1970-01-01 00:00:00,0.000000,0.000000,613,35,31.60,0.0,72,1,0,9E07
0,1970-01-01 00:00:00,0.000000,0.000000,613,35,31.60,0.0,72,1,0,9E07
0,1970-01-01 00:00:00,0.000000,0.000000,613,35,31.60,0.0,72,1,0,9E07
0,1970-01-01 00:00:00,0.000000,0.000000,624,35,31.60,0.0,72,1,0,AD47
0,1970-01-01 00:00:00,0.000000,0.000000,624,35,31.70,0.0,72,1,0,E381
0,1970-01-01 00:00:00,0.000000,0.000000,624,35,31.70,0.0,72,1,0,E381
0,1970-01-01 00:00:00,0.000000,0.000000,624,35,31.80,0.0,72,1,0,2576
0,1970-01-01 00:00:00,0.000000,0.000000,624,35,31.70,0.0,72,1,0,E381
0,1970-01-01 00:00:00,0.000000,0.000000,624,35,31.80,0.0,72,1,0,2576
0,1970-01-01 00:00:00,0.000000,0.000000,624,35,31.80,0.0,72,1,0,2576
0,1970-01-01 00:00:00,0.000000,0.000000,624,35,31.80,0.0,72,1,0,2576
0,1970-01-01 00:00:00,0.000000,0.000000,624,35,31.80,0.0,72,1,0,2576
0,1970-01-01 00:00:00,0.000000,0.000000,624,35,31.90,0.0,72,1,0,A401
0,1970-01-01 00:00:00,0.000000,0.000000,624,35,31.90,0.0,72,1,0,A401
0,1970-01-01 00:00:00,0.000000,0.000000,624,35,31.90,0.0,72,1,0,A401
0,1970-01-01 00:00:00,0.000000,0.000000,624,35,31.90,0.0,73,1,0,9532
0,1970-01-01 00:00:00,0.000000,0.000000,624,35,31.90,0.0,72,1,0,A401
0,1970-01-01 00:00:00,0.000000,0.000000,624,35,31.90,0.0,72,1,0,A401
0,1970-01-01 00:00:00,0.000000,0.000000,635,35,31.90,0.0,73,1,0,5D54
0,1970-01-01 00:00:00,0.000000,0.000000,635,35,31.90,0.0,73,1,0,5D54
0,1970-01-01 00:00:00,0.000000,0.000000,624,35,31.90,0.0,73,1,0,9532
0,1970-01-01 00:00:00,0.000000,0.000000,624,35,31.90,0.0,73,1,0,9532
0,1970-01-01 00:00:00,0.000000,0.000000,635,35,31.90,0.0,73,1,0,5D54
0,1970-01-01 00:00:00,0.000000,0.000000,635,35,32.00,0.0,73,1,0,82DD
0,1970-01-01 00:00:00,0.000000,0.000000,635,35,32.00,0.0,73,1,0,82DD
0,1970-01-01 00:00:00,0.000000,0.000000,635,35,32.00,0.0,73,1,0,82DD
0,1970-01-01 00:00:00,0.000000,0.000000,635,35,32.00,0.0,73,1,0,82DD
0,1970-01-01 00:00:00,0.000000,0.000000,635,35,32.00,0.0,73,1,0,82DD
0,1970-01-01 00:00:00,0.000000,0.000000,635,35,32.10,0.0,73,1,0,C228
0,1970-01-01 00:00:00,0.000000,0.000000,635,35,32.00,0.0,73,1,0,82DD
0,1970-01-01 00:00:00,0.000000,0.000000,646,35,32.00,0.0,73,1,0,D497
0,1970-01-01 00:00:00,0.000000,0.000000,635,35,32.00,0.0,73,1,0,82DD
0,1970-01-01 00:00:00,0.000000,0.000000,635,35,32.10,0.0,73,1,0,C228
0,1970-01-01 00:00:00,0.000000,0.000000,646,35,32.10,0.0,73,1,0,9462
0,1970-01-01 00:00:00,0.000000,0.000000,646,35,32.10,0.0,73,1,0,9462
0,1970-01-01 00:00:00,0.000000,0.000000,646,35,32.10,0.0,73,1,0,9462
0,1970-01-01 00:00:00,0.000000,0.000000,646,35,32.10,0.0,73,1,0,9462
0,1970-01-01 00:00:00,0.000000,0.000000,646,35,32.10,0.0,73,1,0,9462
0,1970-01-01 00:00:00,0.000000,0.000000,646,35,32.20,0.0,73,1,0,BADC
0,1970-01-01 00:00:00,0.000000,0.000000,646,35,32.20,0.0,73,1,0,BADC
0,1970-01-01 00:00:00,0.000000,0.000000,657,35,32.20,0.0,73,1,0,4B6A
0,1970-01-01 00:00:00,0.000000,0.000000,646,35,32.30,0.0,73,1,0,1515
0,1970-01-01 00:00:00,0.000000,0.000000,646,35,32.20,0.0,73,1,0,BADC
0,1970-01-01 00:00:00,0.000000,0.000000,657,35,32.30,0.0,73,1,0,E4A3
0,1970-01-01 00:00:00,0.000000,0.000000,657,35,32.30,0.0,73,1,0,E4A3
0,1970-01-01 00:00:00,0.000000,0.000000,657,35,32.30,0.0,73,1,0,E4A3
0,1970-01-01 00:00:00,0.000000,0.000000,657,33,32.30,0.0,73,1,0,EA5
0,1970-01-01 00:00:00,0.000000,0.000000,657,34,32.20,0.0,73,1,0,3E69
0,1970-01-01 00:00:00,0.000000,0.000000,657,34,31.60,0.0,74,1,0,D5B8
0,1970-01-01 00:00:00,0.000000,0.000000,646,35,31.20,0.0,77,1,0,E55D
0,1970-01-01 00:00:00,0.000000,0.000000,646,36,31.10,0.0,79,1,0,82F5
0,1970-01-01 00:00:00,0.000000,0.000000,646,36,30.90,0.0,80,1,0,71B1
0,1970-01-01 00:00:00,0.000000,0.000000,646,36,30.90,0.0,80,1,0,71B1
0,1970-01-01 00:00:00,0.000000,0.000000,646,36,31.10,0.0,80,1,0,CFE6
0,1970-01-01 00:00:00,0.000000,0.000000,646,36,31.10,0.0,80,1,0,CFE6
0,1970-01-01 00:00:00,0.000000,0.000000,646,36,31.00,0.0,81,1,0,909E
0,1970-01-01 00:00:00,0.000000,0.000000,646,37,31.10,0.0,81,1,0,8BD6
0,1970-01-01 00:00:00,0.000000,0.000000,646,37,31.10,0.0,81,1,0,8BD6
0,1970-01-01 00:00:00,0.000000,0.000000,646,37,31.00,0.0,81,1,0,E59D
0,1970-01-01 00:00:00,0.000000,0.000000,646,36,31.10,0.0,81,1,0,FED5
0,1970-01-01 00:00:00,0.000000,0.000000,646,36,31.10,0.0,81,1,0,FED5
0,1970-01-01 00:00:00,0.000000,0.000000,646,36,31.10,0.0,81,1,0,FED5
0,1970-01-01 00:00:00,0.000000,0.000000,646,36,31.10,0.0,81,1,0,FED5
0,1970-01-01 00:00:00,0.000000,0.000000,657,36,31.00,0.0,82,1,0,327D
0,1970-01-01 00:00:00,0.000000,0.000000,646,36,31.10,0.0,82,1,0,AD80
0,1970-01-01 00:00:00,0.000000,0.000000,646,37,31.10,0.0,82,1,0,D883
0,1970-01-01 00:00:00,0.000000,0.000000,635,36,31.00,0.0,82,1,0,9581
0,1970-01-01 00:00:00,0.000000,0.000000,646,35,31.20,0.0,81,1,0,FB1B
0,1970-01-01 00:00:00,0.000000,0.000000,646,35,31.20,0.0,80,1,0,CA28
0,1970-01-01 00:00:00,0.000000,0.000000,646,35,31.20,0.0,80,1,0,CA28
0,1970-01-01 00:00:00,0.000000,0.000000,646,35,31.10,0.0,79,1,0,C9FD
0,1970-01-01 00:00:00,0.000000,0.000000,646,34,31.00,0.0,79,1,0,D2B5
0,1970-01-01 00:00:00,0.000000,0.000000,646,34,31.00,0.0,79,1,0,D2B5
0,1970-01-01 00:00:00,0.000000,0.000000,635,34,31.00,0.0,78,1,0,B5CC
0,1970-01-01 00:00:00,0.000000,0.000000,635,34,31.10,0.0,78,1,0,DB87
0,1970-01-01 00:00:00,0.000000,0.000000,635,34,31.00,0.0,78,1,0,B5CC
0,1970-01-01 00:00:00,0.000000,0.000000,646,34,31.00,0.0,77,1,0,B0D3
0,1970-01-01 00:00:00,0.000000,0.000000,646,34,31.00,0.0,77,1,0,B0D3
0,1970-01-01 00:00:00,0.000000,0.000000,646,34,31.00,0.0,77,1,0,B0D3
0,1970-01-01 00:00:00,0.000000,0.000000,646,34,30.70,0.0,78,1,0,741A
0,1970-01-01 00:00:00,0.000000,0.000000,635,35,30.50,0.0,80,1,0,BFE
0,1970-01-01 00:00:00,0.000000,0.000000,635,35,30.50,0.0,80,1,0,BFE
0,1970-01-01 00:00:00,0.000000,0.000000,635,35,30.40,0.0,81,1,0,30CF
0,1970-01-01 00:00:00,0.000000,0.000000,635,35,30.30,0.0,81,1,0,B1B8
0,1970-01-01 00:00:00,0.000000,0.000000,635,35,30.20,0.0,82,1,0,241A
0,1970-01-01 00:00:00,0.000000,0.000000,635,35,30.20,0.0,82,1,0,241A
0,1970-01-01 00:00:00,0.000000,0.000000,635,35,30.10,0.0,82,1,0,6ADC
0,1970-01-01 00:00:00,0.000000,0.000000,635,35,30.10,0.0,82,1,0,6ADC
0,1970-01-01 00:00:00,0.000000,0.000000,635,34,30.10,0.0,82,1,0,1FDF
0,1970-01-01 00:00:00,0.000000,0.000000,635,34,30.00,0.0,82,1,0,7194
0,1970-01-01 00:00:00,0.000000,0.000000,635,34,29.80,0.0,82,1,0,94C2
0,1970-01-01 00:00:00,0.000000,0.000000,635,34,29.70,0.0,82,1,0,5235
0,1970-01-01 00:00:00,0.000000,0.000000,624,34,29.60,0.0,82,1,0,D495
0,1970-01-01 00:00:00,0.000000,0.000000,635,34,29.60,0.0,83,1,0,2DC0
0,1970-01-01 00:00:00,0.000000,0.000000,624,34,29.50,0.0,83,1,0,8BED
0,1970-01-01 00:00:00,0.000000,0.000000,624,34,29.50,0.0,83,1,0,8BED
0,1970-01-01 00:00:00,0.000000,0.000000,624,35,29.40,0.0,83,1,0,F4EC
0,1970-01-01 00:00:00,0.000000,0.000000,624,34,29.40,0.0,83,1,0,81EF
0,1970-01-01 00:00:00,0.000000,0.000000,624,35,29.40,0.0,83,1,0,F4EC
0,1970-01-01 00:00:00,0.000000,0.000000,624,35,29.30,0.0,83,1,0,759B
0,1970-01-01 00:00:00,0.000000,0.000000,624,35,29.40,0.0,83,1,0,F4EC
0,1970-01-01 00:00:00,0.000000,0.000000,624,35,29.30,0.0,83,1,0,759B
0,1970-01-01 00:00:00,0.000000,0.000000,613,35,29.40,0.0,83,1,0,C7AC
0,1970-01-01 00:00:00,0.000000,0.000000,624,35,29.30,0.0,83,1,0,759B
0,1970-01-01 00:00:00,0.000000,0.000000,613,35,29.30,0.0,83,1,0,46DB
0,1970-01-01 00:00:00,0.000000,0.000000,613,35,29.40,0.0,82,1,0,F69F
0,1970-01-01 00:00:00,0.000000,0.000000,613,35,29.40,0.0,82,1,0,F69F
0,1970-01-01 00:00:00,0.000000,0.000000,613,35,29.40,0.0,82,1,0,F69F
0,1970-01-01 00:00:00,0.000000,0.000000,613,35,29.40,0.0,82,1,0,F69F
0,1970-01-01 00:00:00,0.000000,0.000000,613,35,29.40,0.0,82,1,0,F69F
0,1970-01-01 00:00:00,0.000000,0.000000,613,35,29.40,0.0,82,1,0,F69F
0,1970-01-01 00:00:00,0.000000,0.000000,613,35,29.40,0.0,82,1,0,F69F
0,1970-01-01 00:00:00,0.000000,0.000000,613,35,29.40,0.0,82,1,0,F69F
0,1970-01-01 00:00:00,0.000000,0.000000,613,35,29.40,0.0,82,1,0,F69F
0,1970-01-01 00:00:00,0.000000,0.000000,613,35,29.30,0.0,82,1,0,77E8
0,1970-01-01 00:00:00,0.000000,0.000000,613,36,29.10,0.0,82,1,0,B4D1
0,1970-01-01 00:00:00,0.000000,0.000000,613,36,29.50,0.0,82,1,0,B795
0,1970-01-01 00:00:00,0.000000,0.000000,613,35,29.80,0.0,80,1,0,7881
0,1970-01-01 00:00:00,0.000000,0.000000,613,35,30.00,0.0,79,1,0,D0C4
0,1970-01-01 00:00:00,0.000000,0.000000,613,35,30.20,0.0,78,1,0,C17A
0,1970-01-01 00:00:00,0.000000,0.000000,624,35,30.30,0.0,77,1,0,6798
0,1970-01-01 00:00:00,0.000000,0.000000,613,34,30.40,0.0,76,1,0,919F
0,1970-01-01 00:00:00,0.000000,0.000000,624,34,30.50,0.0,76,1,0,A8DD
0,1970-01-01 00:00:00,0.000000,0.000000,624,34,30.60,0.0,75,1,0,510F
0,1970-01-01 00:00:00,0.000000,0.000000,624,34,30.70,0.0,75,1,0,1FC9
0,1970-01-01 00:00:00,0.000000,0.000000,624,34,30.70,0.0,74,1,0,2EFA
0,1970-01-01 00:00:00,0.000000,0.000000,624,34,30.80,0.0,74,1,0,E80D
0,1970-01-01 00:00:00,0.000000,0.000000,624,34,30.90,0.0,74,1,0,697A
0,1970-01-01 00:00:00,0.000000,0.000000,624,34,30.90,0.0,74,1,0,697A
0,1970-01-01 00:00:00,0.000000,0.000000,624,34,31.00,0.0,73,1,0,EA33
0,1970-01-01 00:00:00,0.000000,0.000000,624,34,31.00,0.0,73,1,0,EA33
0,1970-01-01 00:00:00,0.000000,0.000000,624,34,31.00,0.0,73,1,0,EA33
0,1970-01-01 00:00:00,0.000000,0.000000,624,34,31.10,0.0,73,1,0,8478
0,1970-01-01 00:00:00,0.000000,0.000000,635,35,31.10,0.0,73,1,0,391D
0,1970-01-01 00:00:00,0.000000,0.000000,635,35,31.10,0.0,73,1,0,391D
0,1970-01-01 00:00:00,0.000000,0.000000,624,35,31.20,0.0,73,1,0,BFBD
0,1970-01-01 00:00:00,0.000000,0.000000,635,35,31.20,0.0,73,1,0,77DB
0,1970-01-01 00:00:00,0.000000,0.000000,635,35,31.20,0.0,73,1,0,77DB
0,1970-01-01 00:00:00,0.000000,0.000000,635,35,31.30,0.0,73,1,0,B12C
0,1970-01-01 00:00:00,0.000000,0.000000,635,35,31.30,0.0,73,1,0,B12C
0,1970-01-01 00:00:00,0.000000,0.000000,646,35,31.40,0.0,73,1,0,6611
0,1970-01-01 00:00:00,0.000000,0.000000,646,35,31.40,0.0,73,1,0,6611
0,1970-01-01 00:00:00,0.000000,0.000000,646,35,31.40,0.0,73,1,0,6611
0,1970-01-01 00:00:00,0.000000,0.000000,646,35,31.40,0.0,74,1,0,3544
0,1970-01-01 00:00:00,0.000000,0.000000,646,35,31.40,0.0,74,1,0,3544
0,1970-01-01 00:00:00,0.000000,0.000000,646,35,31.40,0.0,74,1,0,3544
0,1970-01-01 00:00:00,0.000000,0.000000,646,35,31.40,0.0,74,1,0,3544
0,1970-01-01 00:00:00,0.000000,0.000000,646,35,31.50,0.0,74,1,0,3F46
0,1970-01-01 00:00:00,0.000000,0.000000,657,35,31.50,0.0,74,1,0,CEF0
0,1970-01-01 00:00:00,0.000000,0.000000,657,35,31.50,0.0,74,1,0,CEF0
0,1970-01-01 00:00:00,0.000000,0.000000,657,35,31.50,0.0,74,1,0,CEF0
0,1970-01-01 00:00:00,0.000000,0.000000,657,35,31.60,0.0,74,1,0,A0BB
0,1970-01-01 00:00:00,0.000000,0.000000,657,35,31.50,0.0,74,1,0,CEF0
0,1970-01-01 00:00:00,0.000000,0.000000,657,35,31.60,0.0,74,1,0,A0BB
0,1970-01-01 00:00:00,0.000000,0.000000,657,35,31.60,0.0,74,1,0,A0BB
0,1970-01-01 00:00:00,0.000000,0.000000,657,35,31.60,0.0,74,1,0,A0BB
0,1970-01-01 00:00:00,0.000000,0.000000,668,35,31.60,0.0,74,1,0,FD6
0,1970-01-01 00:00:00,0.000000,0.000000,668,35,31.70,0.0,74,1,0,4110
0,1970-01-01 00:00:00,0.000000,0.000000,668,35,31.70,0.0,74,1,0,4110
0,1970-01-01 00:00:00,0.000000,0.000000,668,35,31.70,0.0,74,1,0,4110
0,1970-01-01 00:00:00,0.000000,0.000000,668,35,31.70,0.0,74,1,0,4110
0,1970-01-01 00:00:00,0.000000,0.000000,680,35,31.70,0.0,74,1,0,DCB6
0,1970-01-01 00:00:00,0.000000,0.000000,680,35,31.70,0.0,74,1,0,DCB6
0,1970-01-01 00:00:00,0.000000,0.000000,680,35,31.80,0.0,74,1,0,1A41
0,1970-01-01 00:00:00,0.000000,0.000000,680,35,31.70,0.0,74,1,0,DCB6
0,1970-01-01 00:00:00,0.000000,0.000000,680,35,31.80,0.0,75,1,0,2B72
0,1970-01-01 00:00:00,0.000000,0.000000,680,35,31.80,0.0,75,1,0,2B72
0,1970-01-01 00:00:00,0.000000,0.000000,680,35,31.80,0.0,75,1,0,2B72
0,1970-01-01 00:00:00,0.000000,0.000000,680,35,31.90,0.0,75,1,0,AA05
0,1970-01-01 00:00:00,0.000000,0.000000,680,35,31.80,0.0,75,1,0,2B72
0,1970-01-01 00:00:00,0.000000,0.000000,692,35,31.90,0.0,75,1,0,93D5
0,1970-01-01 00:00:00,0.000000,0.000000,692,35,31.90,0.0,75,1,0,93D5
0,1970-01-01 00:00:00,0.000000,0.000000,692,35,31.90,0.0,75,1,0,93D5
0,1970-01-01 00:00:00,0.000000,0.000000,692,35,31.90,0.0,75,1,0,93D5
0,1970-01-01 00:00:00,0.000000,0.000000,692,35,31.90,0.0,75,1,0,93D5
0,1970-01-01 00:00:00,0.000000,0.000000,705,35,31.90,0.0,75,1,0,D023
0,1970-01-01 00:00:00,0.000000,0.000000,705,35,32.00,0.0,75,1,0,FAA
0,1970-01-01 00:00:00,0.000000,0.000000,705,35,32.00,0.0,75,1,0,FAA
0,1970-01-01 00:00:00,0.000000,0.000000,692,35,32.00,0.0,75,1,0,4C5C
0,1970-01-01 00:00:00,0.000000,0.000000,705,35,32.00,0.0,75,1,0,FAA
0,1970-01-01 00:00:00,0.000000,0.000000,705,35,32.00,0.0,75,1,0,FAA
0,1970-01-01 00:00:00,0.000000,0.000000,705,35,32.10,0.0,75,1,0,4F5F
0,1970-01-01 00:00:00,0.000000,0.000000,705,35,32.00,0.0,75,1,0,FAA
0,1970-01-01 00:00:00,0.000000,0.000000,705,35,32.10,0.0,75,1,0,4F5F
0,1970-01-01 00:00:00,0.000000,0.000000,717,35,32.10,0.0,75,1,0,8149
0,1970-01-01 00:00:00,0.000000,0.000000,717,35,32.10,0.0,75,1,0,8149
0,1970-01-01 00:00:00,0.000000,0.000000,717,35,32.20,0.0,75,1,0,AFF7
0,1970-01-01 00:00:00,0.000000,0.000000,717,35,32.20,0.0,75,1,0,AFF7
0,1970-01-01 00:00:00,0.000000,0.000000,717,35,32.20,0.0,75,1,0,AFF7
0,1970-01-01 00:00:00,0.000000,0.000000,717,35,32.20,0.0,75,1,0,AFF7
0,1970-01-01 00:00:00,0.000000,0.000000,730,35,32.20,0.0,75,1,0,5E41
0,1970-01-01 00:00:00,0.000000,0.000000,730,35,32.30,0.0,75,1,0,F188
0,1970-01-01 00:00:00,0.000000,0.000000,730,35,32.30,0.0,75,1,0,F188
0,1970-01-01 00:00:00,0.000000,0.000000,730,35,32.30,0.0,75,1,0,F188
0,1970-01-01 00:00:00,0.000000,0.000000,730,35,32.30,0.0,75,1,0,F188
0,1970-01-01 00:00:00,0.000000,0.000000,730,36,32.40,0.0,75,1,0,F188
0,1970-01-01 00:00:00,0.000000,0.000000,730,46,0.00,0.0,0,1,0,73
0,1970-01-01 00:00:00,0.000000,0.000000,743,37,0.00,0.0,0,1,0,A05B
0,1970-01-01 00:00:00,0.000000,0.000000,743,37,0.00,0.0,0,1,0,A05B
0,1970-01-01 00:00:00,0.000000,0.000000,743,37,0.00,0.0,0,1,0,A05B
0,1970-01-01 00:00:00,0.000000,0.000000,743,37,0.00,0.0,0,1,0,A05B
0,1970-01-01 00:00:00,0.000000,0.000000,743,37,0.00,0.0,0,1,0,A05B
0,1970-01-01 00:00:00,0.000000,0.000000,743,37,0.00,0.0,0,1,0,A05B
0,1970-01-01 00:00:00,0.000000,0.000000,757,37,0.00,0.0,0,1,0,956B
0,1970-01-01 00:00:00,0.000000,0.000000,757,37,0.00,0.0,0,1,0,956B
0,1970-01-01 00:00:00,0.000000,0.000000,757,37,0.00,0.0,0,1,0,956B
0,1970-01-01 00:00:00,0.000000,0.000000,757,37,0.00,0.0,0,1,0,956B
0,1970-01-01 00:00:00,0.000000,0.000000,757,37,0.00,0.0,0,1,0,956B
0,1970-01-01 00:00:00,0.000000,0.000000,757,37,0.00,0.0,0,1,0,956B
0,1970-01-01 00:00:00,0.000000,0.000000,757,37,0.00,0.0,0,1,0,956B
0,1970-01-01 00:00:00,0.000000,0.000000,771,37,0.00,0.0,0,1,0,6802
0,1970-01-01 00:00:00,0.000000,0.000000,771,37,0.00,0.0,0,1,0,6802
0,1970-01-01 00:00:00,0.000000,0.000000,771,37,0.00,0.0,0,1,0,6802
0,1970-01-01 00:00:00,0.000000,0.000000,771,37,0.00,0.0,0,1,0,6802
0,1970-01-01 00:00:00,0.000000,0.000000,771,37,0.00,0.0,0,1,0,6802
0,1970-01-01 00:00:00,0.000000,0.000000,771,37,0.00,0.0,0,1,0,6802
0,1970-01-01 00:00:00,0.000000,0.000000,785,37,0.00,0.0,0,1,0,5D32
0,1970-01-01 00:00:00,0.000000,0.000000,785,37,0.00,0.0,0,1,0,5D32
0,1970-01-01 00:00:00,0.000000,0.000000,785,37,0.00,0.0,0,1,0,5D32
0,1970-01-01 00:00:00,0.000000,0.000000,785,37,0.00,0.0,0,1,0,5D32
0,1970-01-01 00:00:00,0.000000,0.000000,785,37,0.00,0.0,0,1,0,5D32
0,1970-01-01 00:00:00,0.000000,0.000000,785,37,0.00,0.0,0,1,0,5D32
0,1970-01-01 00:00:00,0.000000,0.000000,799,37,0.00,0.0,0,1,0,51D2
0,1970-01-01 00:00:00,0.000000,0.000000,799,37,0.00,0.0,0,1,0,51D2
0,1970-01-01 00:00:00,0.000000,0.000000,799,37,0.00,0.0,0,1,0,51D2
0,1970-01-01 00:00:00,0.000000,0.000000,785,37,0.00,0.0,0,1,0,5D32
0,1970-01-01 00:00:00,0.000000,0.000000,785,37,0.00,0.0,0,1,0,5D32
0,1970-01-01 00:00:00,0.000000,0.000000,785,37,0.00,0.0,0,1,0,5D32
0,1970-01-01 00:00:00,0.000000,0.000000,785,37,0.00,0.0,0,1,0,5D32
0,1970-01-01 00:00:00,0.000000,0.000000,785,37,0.00,0.0,0,1,0,5D32
0,1970-01-01 00:00:00,0.000000,0.000000,785,37,0.00,0.0,0,1,0,5D32
0,1970-01-01 00:00:00,0.000000,0.000000,785,37,0.00,0.0,0,1,0,5D32
0,1970-01-01 00:00:00,0.000000,0.000000,785,37,0.00,0.0,0,1,0,5D32
0,1970-01-01 00:00:00,0.000000,0.000000,771,38,0.00,0.0,0,1,0,F707
0,1970-01-01 00:00:00,0.000000,0.000000,785,38,0.00,0.0,0,1,0,C237
0,1970-01-01 00:00:00,0.000000,0.000000,785,38,0.00,0.0,0,1,0,C237
0,1970-01-01 00:00:00,0.000000,0.000000,785,38,0.00,0.0,0,1,0,C237
0,1970-01-01 00:00:00,0.000000,0.000000,771,38,0.00,0.0,0,1,0,F707
0,1970-01-01 00:00:00,0.000000,0.000000,785,38,0.00,0.0,0,1,0,C237
0,1970-01-01 00:00:00,0.000000,0.000000,785,38,0.00,0.0,0,1,0,C237
0,1970-01-01 00:00:00,0.000000,0.000000,771,38,0.00,0.0,0,1,0,F707
0,1970-01-01 00:00:00,0.000000,0.000000,771,38,0.00,0.0,0,1,0,F707
0,1970-01-01 00:00:00,0.000000,0.000000,785,38,0.00,0.0,0,1,0,C237
0,1970-01-01 00:00:00,0.000000,0.000000,785,38,0.00,0.0,0,1,0,C237
0,1970-01-01 00:00:00,0.000000,0.000000,785,38,0.00,0.0,0,1,0,C237
0,1970-01-01 00:00:00,0.000000,0.000000,785,38,0.00,0.0,0,1,0,C237
0,1970-01-01 00:00:00,0.000000,0.000000,771,38,0.00,0.0,0,1,0,F707
0,1970-01-01 00:00:00,0.000000,0.000000,771,38,0.00,0.0,0,1,0,F707
0,1970-01-01 00:00:00,0.000000,0.000000,785,38,0.00,0.0,0,1,0,C237
0,1970-01-01 00:00:00,0.000000,0.000000,785,39,0.00,0.0,0,1,0,B734
0,1970-01-01 00:00:00,0.000000,0.000000,785,39,0.00,0.0,0,1,0,B734
0,1970-01-01 00:00:00,0.000000,0.000000,785,39,0.00,0.0,0,1,0,B734
0,1970-01-01 00:00:00,0.000000,0.000000,785,39,0.00,0.0,0,1,0,B734
0,1970-01-01 00:00:00,0.000000,0.000000,785,39,0.00,0.0,0,1,0,B734
0,1970-01-01 00:00:00,0.000000,0.000000,785,39,0.00,0.0,0,1,0,B734
0,1970-01-01 00:00:00,0.000000,0.000000,785,39,0.00,0.0,0,1,0,B734
0,1970-01-01 00:00:00,0.000000,0.000000,785,39,0.00,0.0,0,1,0,B734
0,1970-01-01 00:00:00,0.000000,0.000000,785,40,0.00,0.0,0,1,0,5427
0,1970-01-01 00:00:00,0.000000,0.000000,799,40,0.00,0.0,0,1,0,58C7
0,1970-01-01 00:00:00,0.000000,0.000000,799,41,0.00,0.0,0,1,0,2DC4
0,1970-01-01 00:00:00,0.000000,0.000000,799,41,0.00,0.0,0,1,0,2DC4
0,1970-01-01 00:00:00,0.000000,0.000000,799,42,0.00,0.0,0,1,0,B2C1
0,1970-01-01 00:00:00,0.000000,0.000000,814,42,0.00,0.0,0,1,0,EBE1
0,1970-01-01 00:00:00,0.000000,0.000000,814,42,0.00,0.0,0,1,0,EBE1
0,1970-01-01 00:00:00,0.000000,0.000000,814,42,0.00,0.0,0,1,0,EBE1
0,1970-01-01 00:00:00,0.000000,0.000000,814,42,0.00,0.0,0,1,0,EBE1
0,1970-01-01 00:00:00,0.000000,0.000000,814,42,0.00,0.0,0,1,0,EBE1
0,1970-01-01 00:00:00,0.000000,0.000000,829,42,0.00,0.0,0,1,0,BFAA
0,1970-01-01 00:00:00,0.000000,0.000000,829,42,0.00,0.0,0,1,0,BFAA
0,1970-01-01 00:00:00,0.000000,0.000000,829,42,0.00,0.0,0,1,0,BFAA
0,1970-01-01 00:00:00,0.000000,0.000000,829,42,0.00,0.0,0,1,0,BFAA
0,1970-01-01 00:00:00,0.000000,0.000000,845,42,0.00,0.0,0,1,0,38DA
0,1970-01-01 00:00:00,0.000000,0.000000,845,42,0.00,0.0,0,1,0,38DA
0,1970-01-01 00:00:00,0.000000,0.000000,845,42,0.00,0.0,0,1,0,38DA
0,1970-01-01 00:00:00,0.000000,0.000000,845,42,0.00,0.0,0,1,0,38DA
0,1970-01-01 00:00:00,0.000000,0.000000,845,42,0.00,0.0,0,1,0,38DA
0,1970-01-01 00:00:00,0.000000,0.000000,845,42,0.00,0.0,0,1,0,38DA
0,1970-01-01 00:00:00,0.000000,0.000000,861,42,0.00,0.0,0,1,0,CF1C
0,1970-01-01 00:00:00,0.000000,0.000000,861,42,0.00,0.0,0,1,0,CF1C
0,1970-01-01 00:00:00,0.000000,0.000000,861,42,0.00,0.0,0,1,0,CF1C
0,1970-01-01 00:00:00,0.000000,0.000000,861,42,0.00,0.0,0,1,0,CF1C
0,1970-01-01 00:00:00,0.000000,0.000000,861,42,0.00,0.0,0,1,0,CF1C
0,1970-01-01 00:00:00,0.000000,0.000000,861,42,0.00,0.0,0,1,0,CF1C
0,1970-01-01 00:00:00,0.000000,0.000000,877,42,0.00,0.0,0,1,0,F747
0,1970-01-01 00:00:00,0.000000,0.000000,861,42,0.00,0.0,0,1,0,CF1C
0,1970-01-01 00:00:00,0.000000,0.000000,861,42,0.00,0.0,0,1,0,CF1C
0,1970-01-01 00:00:00,0.000000,0.000000,877,42,0.00,0.0,0,1,0,F747
0,1970-01-01 00:00:00,0.000000,0.000000,877,42,0.00,0.0,0,1,0,F747
0,1970-01-01 00:00:00,0.000000,0.000000,877,42,0.00,0.0,0,1,0,F747
0,1970-01-01 00:00:00,0.000000,0.000000,877,42,0.00,0.0,0,1,0,F747
0,1970-01-01 00:00:00,0.000000,0.000000,877,42,0.00,0.0,0,1,0,F747
0,1970-01-01 00:00:00,0.000000,0.000000,877,42,0.00,0.0,0,1,0,F747
0,1970-01-01 00:00:00,0.000000,0.000000,877,42,0.00,0.0,0,1,0,F747
0,1970-01-01 00:00:00,0.000000,0.000000,877,42,0.00,0.0,0,1,0,F747
0,1970-01-01 00:00:00,0.000000,0.000000,877,42,0.00,0.0,0,1,0,F747
0,1970-01-01 00:00:00,0.000000,0.000000,877,42,0.00,0.0,0,1,0,F747
0,1970-01-01 00:00:00,0.000000,0.000000,877,42,0.00,0.0,0,1,0,F747
0,1970-01-01 00:00:00,0.000000,0.000000,877,42,0.00,0.0,0,1,0,F747
0,1970-01-01 00:00:00,0.000000,0.000000,894,42,0.00,0.0,0,1,0,A30C
0,1970-01-01 00:00:00,0.000000,0.000000,877,42,0.00,0.0,0,1,0,F747
0,1970-01-01 00:00:00,0.000000,0.000000,894,42,0.00,0.0,0,1,0,A30C
0,1970-01-01 00:00:00,0.000000,0.000000,894,42,0.00,0.0,0,1,0,A30C
0,1970-01-01 00:00:00,0.000000,0.000000,894,43,0.00,0.0,0,1,0,D60F
0,1970-01-01 00:00:00,0.000000,0.000000,894,42,0.00,0.0,0,1,0,A30C
0,1970-01-01 00:00:00,0.000000,0.000000,894,43,0.00,0.0,0,1,0,D60F
0,1970-01-01 00:00:00,0.000000,0.000000,894,43,0.00,0.0,0,1,0,D60F
0,1970-01-01 00:00:00,0.000000,0.000000,894,43,0.00,0.0,0,1,0,D60F
0,1970-01-01 00:00:00,0.000000,0.000000,894,43,0.00,0.0,0,1,0,D60F
0,1970-01-01 00:00:00,0.000000,0.000000,894,43,0.00,0.0,0,1,0,D60F
0,1970-01-01 00:00:00,0.000000,0.000000,894,43,0.00,0.0,0,1,0,D60F
0,1970-01-01 00:00:00,0.000000,0.000000,894,43,0.00,0.0,0,1,0,D60F
0,1970-01-01 00:00:00,0.000000,0.000000,894,43,0.00,0.0,0,1,0,D60F
0,1970-01-01 00:00:00,0.000000,0.000000,894,43,0.00,0.0,0,1,0,D60F
0,1970-01-01 00:00:00,0.000000,0.000000,894,43,0.00,0.0,0,1,0,D60F
0,1970-01-01 00:00:00,0.000000,0.000000,911,43,0.00,0.0,0,1,0,4E53
0,1970-01-01 00:00:00,0.000000,0.000000,911,43,0.00,0.0,0,1,0,4E53
0,1970-01-01 00:00:00,0.000000,0.000000,894,43,0.00,0.0,0,1,0,D60F
0,1970-01-01 00:00:00,0.000000,0.000000,894,44,0.00,0.0,0,1,0,9D07
0,1970-01-01 00:00:00,0.000000,0.000000,911,44,0.00,0.0,0,1,0,55B
0,1970-01-01 00:00:00,0.000000,0.000000,894,44,0.00,0.0,0,1,0,9D07
0,1970-01-01 00:00:00,0.000000,0.000000,911,44,0.00,0.0,0,1,0,55B
0,1970-01-01 00:00:00,0.000000,0.000000,911,44,0.00,0.0,0,1,0,55B
0,1970-01-01 00:00:00,0.000000,0.000000,911,44,0.00,0.0,0,1,0,55B
0,1970-01-01 00:00:00,0.000000,0.000000,911,44,0.00,0.0,0,1,0,55B
0,1970-01-01 00:00:00,0.000000,0.000000,911,44,0.00,0.0,0,1,0,55B
0,1970-01-01 00:00:00,0.000000,0.000000,911,44,0.00,0.0,0,1,0,55B
0,1970-01-01 00:00:00,0.000000,0.000000,911,44,0.00,0.0,0,1,0,55B
0,1970-01-01 00:00:00,0.000000,0.000000,911,44,0.00,0.0,0,1,0,55B
0,1970-01-01 00:00:00,0.000000,0.000000,894,44,0.00,0.0,0,1,0,9D07
0,1970-01-01 00:00:00,0.000000,0.000000,911,44,0.00,0.0,0,1,0,55B
0,1970-01-01 00:00:00,0.000000,0.000000,911,44,0.00,0.0,0,1,0,55B
0,1970-01-01 00:00:00,0.000000,0.000000,911,44,0.00,0.0,0,1,0,55B
0,1970-01-01 00:00:00,0.000000,0.000000,911,44,0.00,0.0,0,1,0,55B
0,1970-01-01 00:00:00,0.000000,0.000000,911,44,0.00,0.0,0,1,0,55B
0,1970-01-01 00:00:00,0.000000,0.000000,911,44,0.00,0.0,0,1,0,55B
0,1970-01-01 00:00:00,0.000000,0.000000,911,44,0.00,0.0,0,1,0,55B
0,1970-01-01 00:00:00,0.000000,0.000000,911,44,0.00,0.0,0,1,0,55B
0,1970-01-01 00:00:00,0.000000,0.000000,911,44,0.00,0.0,0,1,0,55B
0,1970-01-01 00:00:00,0.000000,0.000000,911,44,0.00,0.0,0,1,0,55B
0,1970-01-01 00:00:00,0.000000,0.000000,911,44,0.00,0.0,0,1,0,55B
0,1970-01-01 00:00:00,0.000000,0.000000,911,44,0.00,0.0,0,1,0,55B
0,1970-01-01 00:00:00,0.000000,0.000000,911,44,0.00,0.0,0,1,0,55B
0,1970-01-01 00:00:00,0.000000,0.000000,911,45,0.00,0.0,0,1,0,7058
0,1970-01-01 00:00:00,0.000000,0.000000,911,45,0.00,0.0,0,1,0,7058
0,1970-01-01 00:00:00,0.000000,0.000000,911,45,0.00,0.0,0,1,0,7058
0,1970-01-01 00:00:00,0.000000,0.000000,911,45,0.00,0.0,0,1,0,7058
0,1970-01-01 00:00:00,0.000000,0.000000,911,45,0.00,0.0,0,1,0,7058
0,1970-01-01 00:00:00,0.000000,0.000000,929,45,0.00,0.0,0,1,0,B325
0,1970-01-01 00:00:00,0.000000,0.000000,911,45,0.00,0.0,0,1,0,7058
0,1970-01-01 00:00:00,0.000000,0.000000,929,45,0.00,0.0,0,1,0,B325
0,1970-01-01 00:00:00,0.000000,0.000000,929,45,0.00,0.0,0,1,0,B325
0,1970-01-01 00:00:00,0.000000,0.000000,929,45,0.00,0.0,0,1,0,B325
0,1970-01-01 00:00:00,0.000000,0.000000,929,45,0.00,0.0,0,1,0,B325
0,1970-01-01 00:00:00,0.000000,0.000000,929,45,0.00,0.0,0,1,0,B325
0,1970-01-01 00:00:00,0.000000,0.000000,929,45,0.00,0.0,0,1,0,B325
0,1970-01-01 00:00:00,0.000000,0.000000,929,45,0.00,0.0,0,1,0,B325
0,1970-01-01 00:00:00,0.000000,0.000000,929,45,0.00,0.0,0,1,0,B325
0,1970-01-01 00:00:00,0.000000,0.000000,929,45,0.00,0.0,0,1,0,B325
0,1970-01-01 00:00:00,0.000000,0.000000,929,45,0.00,0.0,0,1,0,B325
0,1970-01-01 00:00:00,0.000000,0.000000,929,45,0.00,0.0,0,1,0,B325
0,1970-01-01 00:00:00,0.000000,0.000000,929,45,0.00,0.0,0,1,0,B325
0,1970-01-01 00:00:00,0.000000,0.000000,929,45,0.00,0.0,0,1,0,B325
0,1970-01-01 00:00:00,0.000000,0.000000,929,45,0.00,0.0,0,1,0,B325
0,1970-01-01 00:00:00,0.000000,0.000000,929,45,0.00,0.0,0,1,0,B325
0,1970-01-01 00:00:00,0.000000,0.000000,929,45,0.00,0.0,0,1,0,B325
0,1970-01-01 00:00:00,0.000000,0.000000,929,45,0.00,0.0,0,1,0,B325
0,1970-01-01 00:00:00,0.000000,0.000000,929,45,0.00,0.0,0,1,0,B325
0,1970-01-01 00:00:00,0.000000,0.000000,929,45,0.00,0.0,0,1,0,B325
0,1970-01-01 00:00:00,0.000000,0.000000,929,45,0.00,0.0,0,1,0,B325
0,1970-01-01 00:00:00,0.000000,0.000000,929,45,0.00,0.0,0,1,0,B325
0,1970-01-01 00:00:00,0.000000,0.000000,929,45,0.00,0.0,0,1,0,B325
0,1970-01-01 00:00:00,0.000000,0.000000,947,45,0.00,0.0,0,1,0,8615
0,1970-01-01 00:00:00,0.000000,0.000000,929,45,0.00,0.0,0,1,0,B325
0,1970-01-01 00:00:00,0.000000,0.000000,929,45,0.00,0.0,0,1,0,B325
0,1970-01-01 00:00:00,0.000000,0.000000,929,46,0.00,0.0,0,1,0,2C20
0,1970-01-01 00:00:00,0.000000,0.000000,947,46,0.00,0.0,0,1,0,1910
0,1970-01-01 00:00:00,0.000000,0.000000,947,46,0.00,0.0,0,1,0,1910
0,1970-01-01 00:00:00,0.000000,0.000000,947,45,0.00,0.0,0,1,0,8615
0,1970-01-01 00:00:00,0.000000,0.000000,947,44,0.00,0.0,0,1,0,F316
0,1970-01-01 00:00:00,0.000000,0.000000,929,44,0.00,0.0,0,1,0,C626
0,1970-01-01 00:00:00,0.000000,0.000000,929,43,0.00,0.0,0,1,0,8D2E
0,1970-01-01 00:00:00,0.000000,0.000000,929,43,0.00,0.0,0,1,0,8D2E
0,1970-01-01 00:00:00,0.000000,0.000000,929,43,0.00,0.0,0,1,0,8D2E
0,1970-01-01 00:00:00,0.000000,0.000000,911,43,0.00,0.0,0,1,0,4E53
0,1970-01-01 00:00:00,0.000000,0.000000,911,43,0.00,0.0,0,1,0,4E53
0,1970-01-01 00:00:00,0.000000,0.000000,911,43,0.00,0.0,0,1,0,4E53
0,1970-01-01 00:00:00,0.000000,0.000000,911,43,0.00,0.0,0,1,0,4E53
0,1970-01-01 00:00:00,0.000000,0.000000,911,43,0.00,0.0,0,1,0,4E53
0,1970-01-01 00:00:00,0.000000,0.000000,911,44,0.00,0.0,0,1,0,55B
0,1970-01-01 00:00:00,0.000000,0.000000,911,44,0.00,0.0,0,1,0,55B
0,1970-01-01 00:00:00,0.000000,0.000000,911,45,0.00,0.0,0,1,0,7058
0,1970-01-01 00:00:00,0.000000,0.000000,894,46,0.00,0.0,0,1,0,7701
0,1970-01-01 00:00:00,0.000000,0.000000,911,47,0.00,0.0,0,1,0,9A5E
0,1970-01-01 00:00:00,0.000000,0.000000,911,47,0.00,0.0,0,1,0,9A5E
0,1970-01-01 00:00:00,0.000000,0.000000,911,47,0.00,0.0,0,1,0,9A5E
0,1970-01-01 00:00:00,0.000000,0.000000,911,47,0.00,0.0,0,1,0,9A5E
0,1970-01-01 00:00:00,0.000000,0.000000,911,47,0.00,0.0,0,1,0,9A5E
0,1970-01-01 00:00:00,0.000000,0.000000,911,47,0.00,0.0,0,1,0,9A5E
0,1970-01-01 00:00:00,0.000000,0.000000,911,47,0.00,0.0,0,1,0,9A5E
0,1970-01-01 00:00:00,0.000000,0.000000,911,47,0.00,0.0,0,1,0,9A5E
0,1970-01-01 00:00:00,0.000000,0.000000,929,47,0.00,0.0,0,1,0,5923
0,1970-01-01 00:00:00,0.000000,0.000000,929,47,0.00,0.0,0,1,0,5923
0,1970-01-01 00:00:00,0.000000,0.000000,929,47,0.00,0.0,0,1,0,5923
0,1970-01-01 00:00:00,0.000000,0.000000,929,47,0.00,0.0,0,1,0,5923
0,1970-01-01 00:00:00,0.000000,0.000000,929,47,0.00,0.0,0,1,0,5923
0,1970-01-01 00:00:00,0.000000,0.000000,929,47,0.00,0.0,0,1,0,5923
0,1970-01-01 00:00:00,0.000000,0.000000,929,47,0.00,0.0,0,1,0,5923
0,1970-01-01 00:00:00,0.000000,0.000000,929,47,0.00,0.0,0,1,0,5923
0,1970-01-01 00:00:00,0.000000,0.000000,929,47,0.00,0.0,0,1,0,5923
0,1970-01-01 00:00:00,0.000000,0.000000,929,47,0.00,0.0,0,1,0,5923
0,1970-01-01 00:00:00,0.000000,0.000000,929,47,0.00,0.0,0,1,0,5923
0,1970-01-01 00:00:00,0.000000,0.000000,929,47,0.00,0.0,0,1,0,5923
0,1970-01-01 00:00:00,0.000000,0.000000,929,47,0.00,0.0,0,1,0,5923
0,1970-01-01 00:00:00,0.000000,0.000000,929,47,33.40,0.0,86,1,0,2B8
0,1970-01-01 00:00:00,0.000000,0.000000,929,47,0.00,0.0,0,1,0,5923
0,1970-01-01 00:00:00,0.000000,0.000000,929,47,0.00,0.0,0,1,0,5923
0,1970-01-01 00:00:00,0.000000,0.000000,929,47,0.00,0.0,0,1,0,5923
0,1970-01-01 00:00:00,0.000000,0.000000,929,47,0.00,0.0,0,1,0,5923
0,1970-01-01 00:00:00,0.000000,0.000000,929,47,0.00,0.0,0,1,0,5923
0,1970-01-01 00:00:00,0.000000,0.000000,929,47,0.00,0.0,0,1,0,5923
0,1970-01-01 00:00:00,0.000000,0.000000,929,47,0.00,0.0,0,1,0,5923
0,1970-01-01 00:00:00,0.000000,0.000000,947,47,0.00,0.0,0,1,0,6C13
0,1970-01-01 00:00:00,0.000000,0.000000,947,47,0.00,0.0,0,1,0,6C13
0,1970-01-01 00:00:00,0.000000,0.000000,947,47,0.00,0.0,0,1,0,6C13
0,1970-01-01 00:00:00,0.000000,0.000000,947,47,0.00,0.0,0,1,0,6C13
0,1970-01-01 00:00:00,0.000000,0.000000,947,47,0.00,0.0,0,1,0,6C13
0,1970-01-01 00:00:00,0.000000,0.000000,947,47,0.00,0.0,0,1,0,6C13
0,1970-01-01 00:00:00,0.000000,0.000000,947,47,0.00,0.0,0,1,0,6C13
0,1970-01-01 00:00:00,0.000000,0.000000,947,47,0.00,0.0,0,1,0,6C13
0,1970-01-01 00:00:00,0.000000,0.000000,947,47,0.00,0.0,0,1,0,6C13
0,1970-01-01 00:00:00,0.000000,0.000000,947,47,0.00,0.0,0,1,0,6C13
0,1970-01-01 00:00:00,0.000000,0.000000,947,47,0.00,0.0,0,1,0,6C13
0,1970-01-01 00:00:00,0.000000,0.000000,947,47,0.00,0.0,0,1,0,6C13
0,1970-01-01 00:00:00,0.000000,0.000000,947,47,0.00,0.0,0,1,0,6C13
0,1970-01-01 00:00:00,0.000000,0.000000,947,47,0.00,0.0,0,1,0,6C13
0,1970-01-01 00:00:00,0.000000,0.000000,947,47,0.00,0.0,0,1,0,6C13
0,1970-01-01 00:00:00,0.000000,0.000000,947,47,0.00,0.0,0,1,0,6C13
0,1970-01-01 00:00:00,0.000000,0.000000,947,47,0.00,0.0,0,1,0,6C13
0,1970-01-01 00:00:00,0.000000,0.000000,947,47,0.00,0.0,0,1,0,6C13
0,1970-01-01 00:00:00,0.000000,0.000000,947,47,0.00,0.0,0,1,0,6C13
0,1970-01-01 00:00:00,0.000000,0.000000,947,47,0.00,0.0,0,1,0,6C13
0,1970-01-01 00:00:00,0.000000,0.000000,947,47,0.00,0.0,0,1,0,6C13
0,1970-01-01 00:00:00,0.000000,0.000000,947,47,0.00,0.0,0,1,0,6C13
0,1970-01-01 00:00:00,0.000000,0.000000,947,47,0.00,0.0,0,1,0,6C13
0,1970-01-01 00:00:00,0.000000,0.000000,947,47,0.00,0.0,0,1,0,6C13
0,1970-01-01 00:00:00,0.000000,0.000000,966,47,0.00,0.0,0,1,0,2FE5
0,1970-01-01 00:00:00,0.000000,0.000000,966,47,0.00,0.0,0,1,0,2FE5
0,1970-01-01 00:00:00,0.000000,0.000000,966,47,0.00,0.0,0,1,0,2FE5
0,1970-01-01 00:00:00,0.000000,0.000000,966,47,0.00,0.0,0,1,0,2FE5
0,1970-01-01 00:00:00,0.000000,0.000000,966,47,0.00,0.0,0,1,0,2FE5
0,1970-01-01 00:00:00,0.000000,0.000000,966,46,0.00,0.0,0,1,0,5AE6
0,1970-01-01 00:00:00,0.000000,0.000000,966,46,0.00,0.0,0,1,0,5AE6
0,1970-01-01 00:00:00,0.000000,0.000000,947,46,0.00,0.0,0,1,0,1910
0,1970-01-01 00:00:00,0.000000,0.000000,966,46,0.00,0.0,0,1,0,5AE6
0,1970-01-01 00:00:00,0.000000,0.000000,966,46,0.00,0.0,0,1,0,5AE6
0,1970-01-01 00:00:00,0.000000,0.000000,966,46,0.00,0.0,0,1,0,5AE6
0,1970-01-01 00:00:00,0.000000,0.000000,966,46,0.00,0.0,0,1,0,5AE6
0,1970-01-01 00:00:00,0.000000,0.000000,966,46,0.00,0.0,0,1,0,5AE6
0,1970-01-01 00:00:00,0.000000,0.000000,966,46,0.00,0.0,0,1,0,5AE6
0,1970-01-01 00:00:00,0.000000,0.000000,966,46,0.00,0.0,0,1,0,5AE6
0,1970-01-01 00:00:00,0.000000,0.000000,966,46,0.00,0.0,0,1,0,5AE6
0,1970-01-01 00:00:00,0.000000,0.000000,966,46,0.00,0.0,0,1,0,5AE6
0,1970-01-01 00:00:00,0.000000,0.000000,966,46,0.00,0.0,0,1,0,5AE6
0,1970-01-01 00:00:00,0.000000,0.000000,966,46,0.00,0.0,0,1,0,5AE6
0,1970-01-01 00:00:00,0.000000,0.000000,966,46,0.00,0.0,0,1,0,5AE6
0,1970-01-01 00:00:00,0.000000,0.000000,966,46,0.00,0.0,0,1,0,5AE6
0,1970-01-01 00:00:00,0.000000,0.000000,966,46,0.00,0.0,0,1,0,5AE6
0,1970-01-01 00:00:00,0.000000,0.000000,966,46,0.00,0.0,0,1,0,5AE6
0,1970-01-01 00:00:00,0.000000,0.000000,985,46,0.00,0.0,0,1,0,C0BB
0,1970-01-01 00:00:00,0.000000,0.000000,985,46,0.00,0.0,0,1,0,C0BB
0,1970-01-01 00:00:00,0.000000,0.000000,966,46,0.00,0.0,0,1,0,5AE6
0,1970-01-01 00:00:00,0.000000,0.000000,966,46,0.00,0.0,0,1,0,5AE6
0,1970-01-01 00:00:00,0.000000,0.000000,985,46,0.00,0.0,0,1,0,C0BB
0,1970-01-01 00:00:00,0.000000,0.000000,985,46,0.00,0.0,0,1,0,C0BB
0,1970-01-01 00:00:00,0.000000,0.000000,966,46,0.00,0.0,0,1,0,5AE6
0,1970-01-01 00:00:00,0.000000,0.000000,985,46,0.00,0.0,0,1,0,C0BB
0,1970-01-01 00:00:00,0.000000,0.000000,985,46,0.00,0.0,0,1,0,C0BB
0,1970-01-01 00:00:00,0.000000,0.000000,985,46,0.00,0.0,0,1,0,C0BB
0,1970-01-01 00:00:00,0.000000,0.000000,985,46,0.00,0.0,0,1,0,C0BB
0,1970-01-01 00:00:00,0.000000,0.000000,985,46,0.00,0.0,0,1,0,C0BB
0,1970-01-01 00:00:00,0.000000,0.000000,985,46,0.00,0.0,0,1,0,C0BB
0,1970-01-01 00:00:00,0.000000,0.000000,985,46,0.00,0.0,0,1,0,C0BB
0,1970-01-01 00:00:00,0.000000,0.000000,985,46,0.00,0.0,0,1,0,C0BB
0,1970-01-01 00:00:00,0.000000,0.000000,985,46,0.00,0.0,0,1,0,C0BB
0,1970-01-01 00:00:00,0.000000,0.000000,985,46,0.00,0.0,0,1,0,C0BB
0,1970-01-01 00:00:00,0.000000,0.000000,985,46,0.00,0.0,0,1,0,C0BB
0,1970-01-01 00:00:00,0.000000,0.000000,985,46,0.00,0.0,0,1,0,C0BB
0,1970-01-01 00:00:00,0.000000,0.000000,985,46,0.00,0.0,0,1,0,C0BB
0,1970-01-01 00:00:00,0.000000,0.000000,985,46,0.00,0.0,0,1,0,C0BB
0,1970-01-01 00:00:00,0.000000,0.000000,985,46,0.00,0.0,0,1,0,C0BB
0,1970-01-01 00:00:00,0.000000,0.000000,985,46,0.00,0.0,0,1,0,C0BB
0,1970-01-01 00:00:00,0.000000,0.000000,985,46,0.00,0.0,0,1,0,C0BB
0,1970-01-01 00:00:00,0.000000,0.000000,985,45,0.00,0.0,0,1,0,5FBE
0,1970-01-01 00:00:00,0.000000,0.000000,985,46,0.00,0.0,0,1,0,C0BB
0,1970-01-01 00:00:00,0.000000,0.000000,1005,46,0.00,0.0,0,1,0,5D1D
0,1970-01-01 00:00:00,0.000000,0.000000,1005,46,0.00,0.0,0,1,0,5D1D
0,1970-01-01 00:00:00,0.000000,0.000000,1005,46,0.00,0.0,0,1,0,5D1D
0,1970-01-01 00:00:00,0.000000,0.000000,1005,46,0.00,0.0,0,1,0,5D1D
0,1970-01-01 00:00:00,0.000000,0.000000,1005,46,0.00,0.0,0,1,0,5D1D
0,1970-01-01 00:00:00,0.000000,0.000000,1005,46,0.00,0.0,0,1,0,5D1D
0,1970-01-01 00:00:00,0.000000,0.000000,1005,46,0.00,0.0,0,1,0,5D1D
0,1970-01-01 00:00:00,0.000000,0.000000,1005,46,0.00,0.0,0,1,0,5D1D
0,1970-01-01 00:00:00,0.000000,0.000000,1005,45,0.00,0.0,0,1,0,C218
0,1970-01-01 00:00:00,0.000000,0.000000,1005,45,0.00,0.0,0,1,0,C218
0,1970-01-01 00:00:00,0.000000,0.000000,1005,45,0.00,0.0,0,1,0,C218
0,1970-01-01 00:00:00,0.000000,0.000000,1005,45,0.00,0.0,0,1,0,C218
0,1970-01-01 00:00:00,0.000000,0.000000,1005,45,0.00,0.0,0,1,0,C218
0,1970-01-01 00:00:00,0.000000,0.000000,1005,45,0.00,0.0,0,1,0,C218
0,1970-01-01 00:00:00,0.000000,0.000000,1005,45,0.00,0.0,0,1,0,C218
0,1970-01-01 00:00:00,0.000000,0.000000,1025,45,0.00,0.0,0,1,0,A25
0,1970-01-01 00:00:00,0.000000,0.000000,1005,45,0.00,0.0,0,1,0,C218
0,1970-01-01 00:00:00,0.000000,0.000000,1005,45,0.00,0.0,0,1,0,C218
0,1970-01-01 00:00:00,0.000000,0.000000,1025,45,0.00,0.0,0,1,0,A25
0,1970-01-01 00:00:00,0.000000,0.000000,1025,45,0.00,0.0,0,1,0,A25
0,1970-01-01 00:00:00,0.000000,0.000000,1025,45,0.00,0.0,0,1,0,A25
0,1970-01-01 00:00:00,0.000000,0.000000,1025,44,0.00,0.0,0,1,0,7F26
0,1970-01-01 00:00:00,0.000000,0.000000,1005,42,0.00,0.0,0,1,0,8910
0,1970-01-01 00:00:00,0.000000,0.000000,1005,43,0.00,0.0,0,1,0,FC13
0,1970-01-01 00:00:00,0.000000,0.000000,1005,41,0.00,0.0,0,1,0,1615
0,1970-01-01 00:00:00,0.000000,0.000000,985,42,0.00,0.0,0,1,0,14B6
0,1970-01-01 00:00:00,0.000000,0.000000,966,42,0.00,0.0,0,1,0,8EEB
0,1970-01-01 00:00:00,0.000000,0.000000,966,43,0.00,0.0,0,1,0,FBE8
0,1970-01-01 00:00:00,0.000000,0.000000,966,44,0.00,0.0,0,1,0,B0E0
0,1970-01-01 00:00:00,0.000000,0.000000,966,44,0.00,0.0,0,1,0,B0E0
0,1970-01-01 00:00:00,0.000000,0.000000,966,44,0.00,0.0,0,1,0,B0E0
0,1970-01-01 00:00:00,0.000000,0.000000,966,44,0.00,0.0,0,1,0,B0E0
0,1970-01-01 00:00:00,0.000000,0.000000,966,44,0.00,0.0,0,1,0,B0E0
0,1970-01-01 00:00:00,0.000000,0.000000,966,44,0.00,0.0,0,1,0,B0E0
0,1970-01-01 00:00:00,0.000000,0.000000,947,44,0.00,0.0,0,1,0,F316
0,1970-01-01 00:00:00,0.000000,0.000000,966,44,0.00,0.0,0,1,0,B0E0
0,1970-01-01 00:00:00,0.000000,0.000000,947,44,0.00,0.0,0,1,0,F316
0,1970-01-01 00:00:00,0.000000,0.000000,947,44,0.00,0.0,0,1,0,F316
0,1970-01-01 00:00:00,0.000000,0.000000,947,44,0.00,0.0,0,1,0,F316
0,1970-01-01 00:00:00,0.000000,0.000000,947,44,0.00,0.0,0,1,0,F316
0,1970-01-01 00:00:00,0.000000,0.000000,947,44,0.00,0.0,0,1,0,F316
0,1970-01-01 00:00:00,0.000000,0.000000,947,44,0.00,0.0,0,1,0,F316
0,1970-01-01 00:00:00,0.000000,0.000000,947,45,0.00,0.0,0,1,0,8615
0,1970-01-01 00:00:00,0.000000,0.000000,947,46,0.00,0.0,0,1,0,1910
0,1970-01-01 00:00:00,0.000000,0.000000,947,46,0.00,0.0,0,1,0,1910
0,1970-01-01 00:00:00,0.000000,0.000000,947,47,0.00,0.0,0,1,0,6C13
0,1970-01-01 00:00:00,0.000000,0.000000,966,46,0.00,0.0,0,1,0,5AE6
0,1970-01-01 00:00:00,0.000000,0.000000,966,46,0.00,0.0,0,1,0,5AE6
0,1970-01-01 00:00:00,0.000000,0.000000,966,46,0.00,0.0,0,1,0,5AE6
0,1970-01-01 00:00:00,0.000000,0.000000,966,46,0.00,0.0,0,1,0,5AE6
0,1970-01-01 00:00:00,0.000000,0.000000,966,46,0.00,0.0,0,1,0,5AE6
0,1970-01-01 00:00:00,0.000000,0.000000,985,46,0.00,0.0,0,1,0,C0BB
0,1970-01-01 00:00:00,0.000000,0.000000,966,46,0.00,0.0,0,1,0,5AE6
0,1970-01-01 00:00:00,0.000000,0.000000,985,46,0.00,0.0,0,1,0,C0BB
0,1970-01-01 00:00:00,0.000000,0.000000,985,46,0.00,0.0,0,1,0,C0BB
0,1970-01-01 00:00:00,0.000000,0.000000,985,46,0.00,0.0,0,1,0,C0BB
0,1970-01-01 00:00:00,0.000000,0.000000,985,46,0.00,0.0,0,1,0,C0BB
0,1970-01-01 00:00:00,0.000000,0.000000,985,46,0.00,0.0,0,1,0,C0BB
0,1970-01-01 00:00:00,0.000000,0.000000,985,46,0.00,0.0,0,1,0,C0BB
0,1970-01-01 00:00:00,0.000000,0.000000,985,46,0.00,0.0,0,1,0,C0BB
0,1970-01-01 00:00:00,0.000000,0.000000,985,46,0.00,0.0,0,1,0,C0BB
0,1970-01-01 00:00:00,0.000000,0.000000,985,46,0.00,0.0,0,1,0,C0BB
0,1970-01-01 00:00:00,0.000000,0.000000,985,45,0.00,0.0,0,1,0,5FBE
0,1970-01-01 00:00:00,0.000000,0.000000,985,45,0.00,0.0,0,1,0,5FBE
0,1970-01-01 00:00:00,0.000000,0.000000,985,45,0.00,0.0,0,1,0,5FBE
0,1970-01-01 00:00:00,0.000000,0.000000,985,45,0.00,0.0,0,1,0,5FBE
0,1970-01-01 00:00:00,0.000000,0.000000,985,45,0.00,0.0,0,1,0,5FBE
0,1970-01-01 00:00:00,0.000000,0.000000,985,45,0.00,0.0,0,1,0,5FBE
0,1970-01-01 00:00:00,0.000000,0.000000,985,45,0.00,0.0,0,1,0,5FBE
0,1970-01-01 00:00:00,0.000000,0.000000,985,45,0.00,0.0,0,1,0,5FBE
0,1970-01-01 00:00:00,0.000000,0.000000,985,45,0.00,0.0,0,1,0,5FBE
0,1970-01-01 00:00:00,0.000000,0.000000,985,45,0.00,0.0,0,1,0,5FBE
0,1970-01-01 00:00:00,0.000000,0.000000,985,45,0.00,0.0,0,1,0,5FBE
0,1970-01-01 00:00:00,0.000000,0.000000,985,45,0.00,0.0,0,1,0,5FBE
0,1970-01-01 00:00:00,0.000000,0.000000,985,45,0.00,0.0,0,1,0,5FBE
0,1970-01-01 00:00:00,0.000000,0.000000,985,45,0.00,0.0,0,1,0,5FBE
0,1970-01-01 00:00:00,0.000000,0.000000,985,45,0.00,0.0,0,1,0,5FBE
0,1970-01-01 00:00:00,0.000000,0.000000,985,45,0.00,0.0,0,1,0,5FBE
0,1970-01-01 00:00:00,0.000000,0.000000,985,45,0.00,0.0,0,1,0,5FBE
0,1970-01-01 00:00:00,0.000000,0.000000,985,45,0.00,0.0,0,1,0,5FBE
0,1970-01-01 00:00:00,0.000000,0.000000,985,45,0.00,0.0,0,1,0,5FBE
0,1970-01-01 00:00:00,0.000000,0.000000,985,45,0.00,0.0,0,1,0,5FBE
0,1970-01-01 00:00:00,0.000000,0.000000,985,45,0.00,0.0,0,1,0,5FBE
0,1970-01-01 00:00:00,0.000000,0.000000,985,45,0.00,0.0,0,1,0,5FBE
0,1970-01-01 00:00:00,0.000000,0.000000,985,45,0.00,0.0,0,1,0,5FBE
0,1970-01-01 00:00:00,0.000000,0.000000,985,45,0.00,0.0,0,1,0,5FBE
0,1970-01-01 00:00:00,0.000000,0.000000,985,45,0.00,0.0,0,1,0,5FBE
0,1970-01-01 00:00:00,0.000000,0.000000,985,45,0.00,0.0,0,1,0,5FBE
0,1970-01-01 00:00:00,0.000000,0.000000,985,45,0.00,0.0,0,1,0,5FBE
0,1970-01-01 00:00:00,0.000000,0.000000,985,45,0.00,0.0,0,1,0,5FBE
0,1970-01-01 00:00:00,0.000000,0.000000,985,45,0.00,0.0,0,1,0,5FBE
0,1970-01-01 00:00:00,0.000000,0.000000,985,45,0.00,0.0,0,1,0,5FBE
0,1970-01-01 00:00:00,0.000000,0.000000,985,45,0.00,0.0,0,1,0,5FBE
0,1970-01-01 00:00:00,0.000000,0.000000,985,45,0.00,0.0,0,1,0,5FBE
0,1970-01-01 00:00:00,0.000000,0.000000,985,45,0.00,0.0,0,1,0,5FBE
0,1970-01-01 00:00:00,0.000000,0.000000,985,45,0.00,0.0,0,1,0,5FBE
0,1970-01-01 00:00:00,0.000000,0.000000,985,45,0.00,0.0,0,1,0,5FBE
0,1970-01-01 00:00:00,0.000000,0.000000,985,45,0.00,0.0,0,1,0,5FBE
0,1970-01-01 00:00:00,0.000000,0.000000,985,45,0.00,0.0,0,1,0,5FBE
0,1970-01-01 00:00:00,0.000000,0.000000,985,45,0.00,0.0,0,1,0,5FBE
0,1970-01-01 00:00:00,0.000000,0.000000,985,45,0.00,0.0,0,1,0,5FBE
0,1970-01-01 00:00:00,0.000000,0.000000,985,45,0.00,0.0,0,1,0,5FBE
0,1970-01-01 00:00:00,0.000000,0.000000,985,45,0.00,0.0,0,1,0,5FBE
0,1970-01-01 00:00:00,0.000000,0.000000,985,45,0.00,0.0,0,1,0,5FBE
0,1970-01-01 00:00:00,0.000000,0.000000,985,45,0.00,0.0,0,1,0,5FBE
0,1970-01-01 00:00:00,0.000000,0.000000,985,45,0.00,0.0,0,1,0,5FBE
0,1970-01-01 00:00:00,0.000000,0.000000,985,45,0.00,0.0,0,1,0,5FBE
0,1970-01-01 00:00:00,0.000000,0.000000,985,45,0.00,0.0,0,1,0,5FBE
0,1970-01-01 00:00:00,0.000000,0.000000,985,44,0.00,0.0,0,1,0,2ABD
0,1970-01-01 00:00:00,0.000000,0.000000,985,45,0.00,0.0,0,1,0,5FBE
0,1970-01-01 00:00:00,0.000000,0.000000,985,44,0.00,0.0,0,1,0,2ABD
0,1970-01-01 00:00:00,0.000000,0.000000,985,44,0.00,0.0,0,1,0,2ABD
0,1970-01-01 00:00:00,0.000000,0.000000,985,44,0.00,0.0,0,1,0,2ABD
0,1970-01-01 00:00:00,0.000000,0.000000,966,45,0.00,0.0,0,1,0,C5E3
0,1970-01-01 00:00:00,0.000000,0.000000,966,44,0.00,0.0,0,1,0,B0E0
0,1970-01-01 00:00:00,0.000000,0.000000,966,45,0.00,0.0,0,1,0,C5E3
0,1970-01-01 00:00:00,0.000000,0.000000,966,44,0.00,0.0,0,1,0,B0E0
0,1970-01-01 00:00:00,0.000000,0.000000,985,44,0.00,0.0,0,1,0,2ABD
0,1970-01-01 00:00:00,0.000000,0.000000,985,45,0.00,0.0,0,1,0,5FBE
0,1970-01-01 00:00:00,0.000000,0.000000,985,45,0.00,0.0,0,1,0,5FBE
0,1970-01-01 00:00:00,0.000000,0.000000,985,45,0.00,0.0,0,1,0,5FBE
0,1970-01-01 00:00:00,0.000000,0.000000,966,45,0.00,0.0,0,1,0,C5E3
0,1970-01-01 00:00:00,0.000000,0.000000,985,45,0.00,0.0,0,1,0,5FBE
0,1970-01-01 00:00:00,0.000000,0.000000,985,45,0.00,0.0,0,1,0,5FBE
0,1970-01-01 00:00:00,0.000000,0.000000,966,45,0.00,0.0,0,1,0,C5E3
0,1970-01-01 00:00:00,0.000000,0.000000,966,45,0.00,0.0,0,1,0,C5E3
0,1970-01-01 00:00:00,0.000000,0.000000,985,45,0.00,0.0,0,1,0,5FBE
0,1970-01-01 00:00:00,0.000000,0.000000,966,45,0.00,0.0,0,1,0,C5E3
0,1970-01-01 00:00:00,0.000000,0.000000,966,45,0.00,0.0,0,1,0,C5E3
30000,818,3.998,3083,0.3083,749,414,2.023,34128,11.3758,1,-1000.00,-1.0
600000,848,4.145,3715,0.3715,488,313,1.530,2042,2.0415,122,-1000.00,-1.0
1200000,851,4.159,3638,0.3638,512,289,1.413,2286,2.2858,87,-1000.00,-1.0
1800000,852,4.164,3613,0.3613,520,291,1.422,2264,2.2639,90,-1000.00,-1.0
2400000,852,4.164,3613,0.3613,520,292,1.427,2253,2.2531,91,-1000.00,-1.0
3000000,853,4.169,3587,0.3587,528,297,1.452,2200,2.2000,98,-1000.00,-1.0
3600000,853,4.169,3587,0.3587,528,297,1.452,2200,2.2000,98,-1000.00,-1.0
4200000,853,4.169,3587,0.3587,528,294,1.437,2232,2.2316,94,-1000.00,-1.0
4800000,855,4.179,3537,0.3537,546,298,1.457,2190,2.1896,99,-1000.00,-1.0
5400000,859,4.198,3437,0.3437,583,300,1.466,2169,2.1690,102,-1000.00,-1.0
6000000,855,4.179,3537,0.3537,546,298,1.457,2190,2.1896,99,-1000.00,-1.0
6600000,859,4.198,3437,0.3437,583,302,1.476,2149,2.1487,105,-1000.00,-1.0
7200000,858,4.194,3462,0.3462,574,303,1.481,2139,2.1386,106,-1000.00,-1.0
7800000,845,4.130,3792,0.3792,465,344,1.681,1776,1.7765,184,-1000.00,-1.0
8400000,851,4.159,3638,0.3638,512,330,1.613,1890,1.8900,153,-1000.00,-1.0
9000000,850,4.154,3664,0.3664,504,330,1.613,1890,1.8900,153,-1000.00,-1.0
9600000,847,4.140,3740,0.3740,480,334,1.632,1857,1.8566,161,-1000.00,-1.0
10200000,850,4.154,3664,0.3664,504,408,1.994,1357,1.3566,407,-1000.00,-1.0
10800000,859,4.198,3437,0.3437,583,381,1.862,1517,1.5165,293,-1000.00,-1.0
11400000,853,4.169,3587,0.3587,528,369,1.804,1595,1.5951,252,-1000.00,-1.0
12000000,849,4.150,3689,0.3689,496,379,1.852,1529,1.5293,286,-1000.00,-1.0
12600000,840,4.106,3921,0.3921,431,387,1.891,1479,1.4791,315,-1000.00,-1.0
13200000,840,4.106,3921,0.3921,431,387,1.891,1479,1.4791,315,-1000.00,-1.0
13800000,842,4.115,3869,0.3869,444,384,1.877,1498,1.4977,304,-1000.00,-1.0
14400000,842,4.115,3869,0.3869,444,381,1.862,1517,1.5165,293,-1000.00,-1.0
15000000,842,4.115,3869,0.3869,444,380,1.857,1523,1.5229,289,-1000.00,-1.0
15600000,842,4.115,3869,0.3869,444,379,1.852,1529,1.5293,286,-1000.00,-1.0
16200000,844,4.125,3818,0.3818,458,374,1.828,1562,1.5618,268,-1000.00,-1.0
16800000,846,4.135,3766,0.3766,473,370,1.808,1588,1.5884,255,-1000.00,-1.0
17400000,849,4.150,3689,0.3689,496,369,1.804,1595,1.5951,252,-1000.00,-1.0
18000000,854,4.174,3562,0.3562,537,368,1.799,1602,1.6019,249,-1000.00,-1.0
18600000,857,4.189,3487,0.3487,564,363,1.774,1636,1.6364,234,-1000.00,-1.0
19200000,858,4.194,3462,0.3462,574,360,1.760,1658,1.6575,225,-1000.00,-1.0
19800000,860,4.203,3412,0.3412,593,362,1.769,1643,1.6434,231,-1000.00,-1.0
20400000,860,4.203,3412,0.3412,593,358,1.750,1672,1.6718,220,-1000.00,-1.0
21000000,860,4.203,3412,0.3412,593,357,1.745,1679,1.6790,217,-1000.00,-1.0
21600000,859,4.198,3437,0.3437,583,358,1.750,1672,1.6718,220,-1000.00,-1.0
22200000,859,4.198,3437,0.3437,583,359,1.755,1665,1.6646,222,-1000.00,-1.0
22800000,859,4.198,3437,0.3437,583,359,1.755,1665,1.6646,222,-1000.00,-1.0
23400000,859,4.198,3437,0.3437,583,359,1.755,1665,1.6646,222,-1000.00,-1.0
24000000,840,4.106,3921,0.3921,431,318,1.554,1995,1.9953,130,-1000.00,-1.0
24600000,842,4.115,3869,0.3869,444,309,1.510,2080,2.0796,115,-1000.00,-1.0
25200000,842,4.115,3869,0.3869,444,312,1.525,2051,2.0510,120,-1000.00,-1.0
25800000,843,4.120,3843,0.3843,451,314,1.535,2032,2.0322,123,-1000.00,-1.0
26400000,838,4.096,3974,0.3974,418,322,1.574,1959,1.9593,137,-1000.00,-1.0
27000000,839,4.101,3948,0.3948,424,319,1.559,1986,1.9862,132,-1000.00,-1.0
27600000,837,4.091,4000,0.4000,411,323,1.579,1950,1.9505,139,-1000.00,-1.0
28200000,838,4.096,3974,0.3974,418,321,1.569,1968,1.9682,136,-1000.00,-1.0
28800000,826,4.037,4293,0.4293,350,348,1.701,1746,1.7457,193,-1000.00,-1.0
29400000,833,4.071,4106,0.4106,387,337,1.647,1832,1.8320,168,-1000.00,-1.0
30000000,835,4.081,4053,0.4053,399,331,1.618,1882,1.8816,155,-1000.00,-1.0
30600000,843,4.120,3843,0.3843,451,334,1.632,1857,1.8566,161,-1000.00,-1.0
31200000,822,4.018,4401,0.4401,330,340,1.662,1808,1.8079,174,-1000.00,-1.0
31800000,836,4.086,4026,0.4026,405,338,1.652,1824,1.8240,170,-1000.00,-1.0
32400000,841,4.110,3895,0.3895,437,332,1.623,1873,1.8732,157,-1000.00,-1.0
33000000,842,4.115,3869,0.3869,444,330,1.613,1890,1.8900,153,-1000.00,-1.0
33600000,842,4.115,3869,0.3869,444,333,1.628,1865,1.8649,159,-1000.00,-1.0
34200000,843,4.120,3843,0.3843,451,332,1.623,1873,1.8732,157,-1000.00,-1.0
34800000,845,4.130,3792,0.3792,465,328,1.603,1907,1.9070,149,-1000.00,-1.0
35400000,845,4.130,3792,0.3792,465,329,1.608,1898,1.8985,151,-1000.00,-1.0
36000000,845,4.130,3792,0.3792,465,329,1.608,1898,1.8985,151,-1000.00,-1.0
36600000,832,4.066,4132,0.4132,382,349,1.706,1738,1.7381,196,-1000.00,-1.0
37200000,836,4.086,4026,0.4026,405,346,1.691,1761,1.7610,188,-1000.00,-1.0
37800000,834,4.076,4079,0.4079,393,347,1.696,1753,1.7533,191,-1000.00,-1.0
38400000,835,4.081,4053,0.4053,399,345,1.686,1769,1.7687,186,-1000.00,-1.0
39000000,835,4.081,4053,0.4053,399,345,1.686,1769,1.7687,186,-1000.00,-1.0
39600000,834,4.076,4079,0.4079,393,345,1.686,1769,1.7687,186,-1000.00,-1.0
39600000,834,4.076,4079,0.4079,335,345,1.686,1769,1.7687,211,-1000.00,-1.0
39600000,834,4.076,4079,0.4079,365,345,1.686,1769,1.7687,198,-1000.00,-1.0
39600000,834,4.076,4079,0.4079,376,345,1.686,1769,1.7687,193,-1000.00,-1.0
39600000,834,4.076,4079,0.4079,382,345,1.686,1769,1.7687,191,-1000.00,-1.0
39600000,834,4.076,4079,0.4079,382,345,1.686,1769,1.7687,188,-1000.00,-1.0
39600000,834,4.076,4079,0.4079,382,345,1.686,1769,1.7687,188,-1000.00,-1.0
39600000,834,4.076,4079,0.4079,382,345,1.686,1769,1.7687,186,-1000.00,-1.0
39600000,834,4.076,4079,0.4079,371,345,1.686,1769,1.7687,188,-1000.00,-1.0
39600000,834,4.076,4079,0.4079,371,345,1.686,1769,1.7687,188,-1000.00,-1.0
39600000,834,4.076,4079,0.4079,371,345,1.686,1769,1.7687,186,-1000.00,-1.0
39600000,834,4.076,4079,0.4079,376,345,1.686,1769,1.7687,184,-1000.00,-1.0
39600000,834,4.076,4079,0.4079,376,345,1.686,1769,1.7687,181,-1000.00,-1.0
39600000,834,4.076,4079,0.4079,382,345,1.686,1769,1.7687,179,-1000.00,-1.0
39600000,834,4.076,4079,0.4079,382,345,1.686,1769,1.7687,179,-1000.00,-1.0
39600000,834,4.076,4079,0.4079,382,345,1.686,1769,1.7687,177,-1000.00,-1.0
39600000,834,4.076,4079,0.4079,382,345,1.686,1769,1.7687,177,-1000.00,-1.0
39600000,834,4.076,4079,0.4079,387,345,1.686,1769,1.7687,174,-1000.00,-1.0
39600000,834,4.076,4079,0.4079,387,345,1.686,1769,1.7687,174,-1000.00,-1.0
39600000,834,4.076,4079,0.4079,387,345,1.686,1769,1.7687,172,-1000.00,-1.0
39600000,834,4.076,4079,0.4079,393,345,1.686,1769,1.7687,170,-1000.00,-1.0
39600000,834,4.076,4079,0.4079,393,345,1.686,1769,1.7687,168,-1000.00,-1.0
39600000,834,4.076,4079,0.4079,393,345,1.686,1769,1.7687,168,-1000.00,-1.0
39600000,834,4.076,4079,0.4079,399,345,1.686,1769,1.7687,165,-1000.00,-1.0
39600000,834,4.076,4079,0.4079,405,345,1.686,1769,1.7687,163,-1000.00,-1.0
39600000,834,4.076,4079,0.4079,405,345,1.686,1769,1.7687,163,-1000.00,-1.0
39600000,834,4.076,4079,0.4079,399,345,1.686,1769,1.7687,163,-1000.00,-1.0
39600000,834,4.076,4079,0.4079,405,345,1.686,1769,1.7687,161,-1000.00,-1.0
39600000,834,4.076,4079,0.4079,405,345,1.686,1769,1.7687,159,-1000.00,-1.0
39600000,834,4.076,4079,0.4079,411,345,1.686,1769,1.7687,159,-1000.00,-1.0
39600000,834,4.076,4079,0.4079,411,345,1.686,1769,1.7687,157,-1000.00,-1.0
39600000,834,4.076,4079,0.4079,411,345,1.686,1769,1.7687,157,-1000.00,-1.0
39600000,834,4.076,4079,0.4079,411,345,1.686,1769,1.7687,155,-1000.00,-1.0
39600000,834,4.076,4079,0.4079,411,345,1.686,1769,1.7687,155,-1000.00,-1.0
39600000,834,4.076,4079,0.4079,405,345,1.686,1769,1.7687,157,-1000.00,-1.0
39600000,834,4.076,4079,0.4079,405,345,1.686,1769,1.7687,157,-1000.00,-1.0
39600000,834,4.076,4079,0.4079,405,345,1.686,1769,1.7687,155,-1000.00,-1.0
39600000,834,4.076,4079,0.4079,411,345,1.686,1769,1.7687,153,-1000.00,-1.0
39600000,834,4.076,4079,0.4079,411,345,1.686,1769,1.7687,151,-1000.00,-1.0
39600000,834,4.076,4079,0.4079,411,345,1.686,1769,1.7687,151,-1000.00,-1.0
39600000,834,4.076,4079,0.4079,418,345,1.686,1769,1.7687,151,-1000.00,-1.0
39600000,834,4.076,4079,0.4079,418,345,1.686,1769,1.7687,149,-1000.00,-1.0
39600000,834,4.076,4079,0.4079,418,345,1.686,1769,1.7687,149,-1000.00,-1.0
39600000,834,4.076,4079,0.4079,418,345,1.686,1769,1.7687,149,-1000.00,-1.0
39600000,834,4.076,4079,0.4079,424,345,1.686,1769,1.7687,147,-1000.00,-1.0
39600000,834,4.076,4079,0.4079,418,345,1.686,1769,1.7687,147,-1000.00,-1.0
39600000,834,4.076,4079,0.4079,424,345,1.686,1769,1.7687,145,-1000.00,-1.0
39600000,834,4.076,4079,0.4079,424,345,1.686,1769,1.7687,145,-1000.00,-1.0
39600000,834,4.076,4079,0.4079,424,345,1.686,1769,1.7687,147,-1000.00,-1.0
39600000,834,4.076,4079,0.4079,418,345,1.686,1769,1.7687,147,-1000.00,-1.0
39600000,834,4.076,4079,0.4079,424,345,1.686,1769,1.7687,147,-1000.00,-1.0
39600000,834,4.076,4079,0.4079,424,345,1.686,1769,1.7687,147,-1000.00,-1.0
39600000,834,4.076,4079,0.4079,431,345,1.686,1769,1.7687,145,-1000.00,-1.0
39600000,834,4.076,4079,0.4079,431,345,1.686,1769,1.7687,143,-1000.00,-1.0
39600000,834,4.076,4079,0.4079,431,345,1.686,1769,1.7687,143,-1000.00,-1.0
39600000,834,4.076,4079,0.4079,431,345,1.686,1769,1.7687,143,-1000.00,-1.0
39600000,834,4.076,4079,0.4079,437,345,1.686,1769,1.7687,141,-1000.00,-1.0
39600000,834,4.076,4079,0.4079,437,345,1.686,1769,1.7687,141,-1000.00,-1.0
39600000,834,4.076,4079,0.4079,444,345,1.686,1769,1.7687,139,-1000.00,-1.0
39600000,834,4.076,4079,0.4079,444,345,1.686,1769,1.7687,139,-1000.00,-1.0
39600000,834,4.076,4079,0.4079,444,345,1.686,1769,1.7687,137,-1000.00,-1.0
39600000,834,4.076,4079,0.4079,444,345,1.686,1769,1.7687,137,-1000.00,-1.0
39600000,834,4.076,4079,0.4079,451,345,1.686,1769,1.7687,137,-1000.00,-1.0
39600000,834,4.076,4079,0.4079,451,345,1.686,1769,1.7687,134,-1000.00,-1.0
39600000,834,4.076,4079,0.4079,458,345,1.686,1769,1.7687,134,-1000.00,-1.0
39600000,834,4.076,4079,0.4079,458,345,1.686,1769,1.7687,134,-1000.00,-1.0
39600000,834,4.076,4079,0.4079,458,345,1.686,1769,1.7687,134,-1000.00,-1.0
39600000,834,4.076,4079,0.4079,458,345,1.686,1769,1.7687,132,-1000.00,-1.0
39600000,834,4.076,4079,0.4079,458,345,1.686,1769,1.7687,132,-1000.00,-1.0
39600000,834,4.076,4079,0.4079,458,345,1.686,1769,1.7687,130,-1000.00,-1.0
39600000,834,4.076,4079,0.4079,451,345,1.686,1769,1.7687,134,-1000.00,-1.0
39600000,834,4.076,4079,0.4079,458,345,1.686,1769,1.7687,132,-1000.00,-1.0
39600000,834,4.076,4079,0.4079,437,345,1.686,1769,1.7687,91,-1000.00,-1.0600000,859,4.198,3437,0.3437,583,299,1.461,2179,2.1793,100,-1000.00,-1.0
1200000,860,4.203,3412,0.3412,593,273,1.334,2473,2.4725,69,-1000.00,-1.0
1800000,859,4.198,3437,0.3437,583,273,1.334,2473,2.4725,69,-1000.00,-1.0
2400000,856,4.184,3512,0.3512,555,277,1.354,2424,2.4238,73,-1000.00,-1.0
3000000,858,4.194,3462,0.3462,574,275,1.344,2448,2.4480,71,-1000.00,-1.0
3600000,856,4.184,3512,0.3512,555,272,1.329,2485,2.4849,68,-1000.00,-1.0
4200000,857,4.189,3487,0.3487,564,270,1.320,2510,2.5100,66,-1000.00,-1.0
4800000,858,4.194,3462,0.3462,574,267,1.305,2548,2.5483,63,-1000.00,-1.0
5400000,857,4.189,3487,0.3487,564,269,1.315,2523,2.5227,65,-1000.00,-1.0
6000000,857,4.189,3487,0.3487,564,268,1.310,2535,2.5354,64,-1000.00,-1.0
6600000,856,4.184,3512,0.3512,555,271,1.325,2497,2.4974,67,-1000.00,-1.0
7200000,857,4.189,3487,0.3487,564,270,1.320,2510,2.5100,66,-1000.00,-1.0
7800000,858,4.194,3462,0.3462,574,274,1.339,2460,2.4602,70,-1000.00,-1.0
8400000,860,4.203,3412,0.3412,593,273,1.334,2473,2.4725,69,-1000.00,-1.0
9000000,861,4.208,3387,0.3387,603,271,1.325,2497,2.4974,67,-1000.00,-1.0
9600000,861,4.208,3387,0.3387,603,273,1.334,2473,2.4725,69,-1000.00,-1.0
10200000,862,4.213,3362,0.3362,613,273,1.334,2473,2.4725,69,-1000.00,-1.0
10800000,862,4.213,3362,0.3362,613,273,1.334,2473,2.4725,69,-1000.00,-1.0
11400000,863,4.218,3337,0.3337,624,273,1.334,2473,2.4725,69,-1000.00,-1.0
12000000,863,4.218,3337,0.3337,624,272,1.329,2485,2.4849,68,-1000.00,-1.0
12600000,864,4.223,3313,0.3313,635,272,1.329,2485,2.4849,68,-1000.00,-1.0
13200000,864,4.223,3313,0.3313,635,272,1.329,2485,2.4849,68,-1000.00,-1.0
13800000,865,4.228,3288,0.3288,646,272,1.329,2485,2.4849,68,-1000.00,-1.0
14400000,865,4.228,3288,0.3288,646,272,1.329,2485,2.4849,68,-1000.00,-1.0
15000000,865,4.228,3288,0.3288,646,272,1.329,2485,2.4849,68,-1000.00,-1.0
15600000,865,4.228,3288,0.3288,646,271,1.325,2497,2.4974,67,-1000.00,-1.0
16200000,863,4.218,3337,0.3337,624,272,1.329,2485,2.4849,68,-1000.00,-1.0
16800000,861,4.208,3387,0.3387,603,272,1.329,2485,2.4849,68,-1000.00,-1.0
17400000,860,4.203,3412,0.3412,593,271,1.325,2497,2.4974,67,-1000.00,-1.0
18000000,859,4.198,3437,0.3437,583,270,1.320,2510,2.5100,66,-1000.00,-1.0
18600000,859,4.198,3437,0.3437,583,270,1.320,2510,2.5100,66,-1000.00,-1.0
19200000,859,4.198,3437,0.3437,583,271,1.325,2497,2.4974,67,-1000.00,-1.0
19800000,859,4.198,3437,0.3437,583,271,1.325,2497,2.4974,67,-1000.00,-1.0
20400000,860,4.203,3412,0.3412,593,270,1.320,2510,2.5100,66,-1000.00,-1.0
21000000,860,4.203,3412,0.3412,593,269,1.315,2523,2.5227,65,-1000.00,-1.0
21600000,860,4.203,3412,0.3412,593,269,1.315,2523,2.5227,65,-1000.00,-1.0
22200000,861,4.208,3387,0.3387,603,268,1.310,2535,2.5354,64,-1000.00,-1.0
22800000,861,4.208,3387,0.3387,603,268,1.310,2535,2.5354,64,-1000.00,-1.0
23400000,861,4.208,3387,0.3387,603,268,1.310,2535,2.5354,64,-1000.00,-1.0
24000000,861,4.208,3387,0.3387,603,268,1.310,2535,2.5354,64,-1000.00,-1.0
24600000,861,4.208,3387,0.3387,603,269,1.315,2523,2.5227,65,-1000.00,-1.0
25200000,861,4.208,3387,0.3387,603,269,1.315,2523,2.5227,65,-1000.00,-1.0
25800000,861,4.208,3387,0.3387,603,268,1.310,2535,2.5354,64,-1000.00,-1.0
26400000,861,4.208,3387,0.3387,603,268,1.310,2535,2.5354,64,-1000.00,-1.0
27000000,861,4.208,3387,0.3387,603,268,1.310,2535,2.5354,64,-1000.00,-1.0
27600000,861,4.208,3387,0.3387,603,267,1.305,2548,2.5483,63,-1000.00,-1.0
28200000,861,4.208,3387,0.3387,603,267,1.305,2548,2.5483,63,-1000.00,-1.0
28800000,862,4.213,3362,0.3362,613,267,1.305,2548,2.5483,63,-1000.00,-1.0
29400000,863,4.218,3337,0.3337,624,268,1.310,2535,2.5354,64,-1000.00,-1.0
30000000,865,4.228,3288,0.3288,646,270,1.320,2510,2.5100,66,-1000.00,-1.0
30600000,866,4.233,3263,0.3263,657,270,1.320,2510,2.5100,66,-1000.00,-1.0
31200000,867,4.238,3239,0.3239,668,269,1.315,2523,2.5227,65,-1000.00,-1.0
31800000,868,4.242,3214,0.3214,680,268,1.310,2535,2.5354,64,-1000.00,-1.0
32400000,868,4.242,3214,0.3214,680,269,1.315,2523,2.5227,65,-1000.00,-1.0
33000000,868,4.242,3214,0.3214,680,269,1.315,2523,2.5227,65,-1000.00,-1.0
33600000,869,4.247,3190,0.3190,692,269,1.315,2523,2.5227,65,-1000.00,-1.0
34200000,869,4.247,3190,0.3190,692,269,1.315,2523,2.5227,65,-1000.00,-1.0
34800000,869,4.247,3190,0.3190,692,269,1.315,2523,2.5227,65,-1000.00,-1.0
35400000,870,4.252,3166,0.3166,705,269,1.315,2523,2.5227,65,-1000.00,-1.0
36000000,870,4.252,3166,0.3166,705,269,1.315,2523,2.5227,65,-1000.00,-1.0
36600000,870,4.252,3166,0.3166,705,269,1.315,2523,2.5227,65,-1000.00,-1.0
37200000,870,4.252,3166,0.3166,705,269,1.315,2523,2.5227,65,-1000.00,-1.0
37800000,870,4.252,3166,0.3166,705,268,1.310,2535,2.5354,64,-1000.00,-1.0
38400000,870,4.252,3166,0.3166,705,268,1.310,2535,2.5354,64,-1000.00,-1.0
39000000,871,4.257,3141,0.3141,717,268,1.310,2535,2.5354,64,-1000.00,-1.0
39600000,871,4.257,3141,0.3141,717,268,1.310,2535,2.5354,64,-1000.00,-1.0
40200000,871,4.257,3141,0.3141,717,268,1.310,2535,2.5354,64,-1000.00,-1.0
40800000,871,4.257,3141,0.3141,717,268,1.310,2535,2.5354,64,-1000.00,-1.0
41400000,871,4.257,3141,0.3141,717,268,1.310,2535,2.5354,64,-1000.00,-1.0
42000000,871,4.257,3141,0.3141,717,268,1.310,2535,2.5354,64,-1000.00,-1.0
42600000,872,4.262,3117,0.3117,730,268,1.310,2535,2.5354,64,-1000.00,-1.0
43200000,871,4.257,3141,0.3141,717,268,1.310,2535,2.5354,64,-1000.00,-1.0
43800000,871,4.257,3141,0.3141,717,267,1.305,2548,2.5483,63,-1000.00,-1.0
44400000,872,4.262,3117,0.3117,730,267,1.305,2548,2.5483,63,-1000.00,-1.0
45000000,872,4.262,3117,0.3117,730,267,1.305,2548,2.5483,63,-1000.00,-1.0
45600000,872,4.262,3117,0.3117,730,267,1.305,2548,2.5483,63,-1000.00,-1.0
46200000,872,4.262,3117,0.3117,730,267,1.305,2548,2.5483,63,-1000.00,-1.0
46800000,872,4.262,3117,0.3117,730,267,1.305,2548,2.5483,63,-1000.00,-1.0
47400000,872,4.262,3117,0.3117,730,267,1.305,2548,2.5483,63,-1000.00,-1.0
48000000,872,4.262,3117,0.3117,730,267,1.305,2548,2.5483,63,-1000.00,-1.0
48600000,872,4.262,3117,0.3117,730,267,1.305,2548,2.5483,63,-1000.00,-1.0
49200000,872,4.262,3117,0.3117,730,266,1.300,2561,2.5613,62,-1000.00,-1.0
49800000,873,4.267,3093,0.3093,743,266,1.300,2561,2.5613,62,-1000.00,-1.0
50400000,873,4.267,3093,0.3093,743,266,1.300,2561,2.5613,62,-1000.00,-1.0
51000000,873,4.267,3093,0.3093,743,266,1.300,2561,2.5613,62,-1000.00,-1.0
51600000,873,4.267,3093,0.3093,743,266,1.300,2561,2.5613,62,-1000.00,-1.0
52200000,873,4.267,3093,0.3093,743,266,1.300,2561,2.5613,62,-1000.00,-1.0
52800000,873,4.267,3093,0.3093,743,265,1.295,2574,2.5743,61,-1000.00,-1.0
53400000,873,4.267,3093,0.3093,743,265,1.295,2574,2.5743,61,-1000.00,-1.0
54000000,873,4.267,3093,0.3093,743,265,1.295,2574,2.5743,61,-1000.00,-1.0
54600000,873,4.267,3093,0.3093,743,265,1.295,2574,2.5743,61,-1000.00,-1.0
55200000,873,4.267,3093,0.3093,743,265,1.295,2574,2.5743,61,-1000.00,-1.0
55800000,873,4.267,3093,0.3093,743,265,1.295,2574,2.5743,61,-1000.00,-1.0
56400000,873,4.267,3093,0.3093,743,265,1.295,2574,2.5743,61,-1000.00,-1.0
57000000,874,4.272,3069,0.3069,757,264,1.290,2588,2.5875,61,-1000.00,-1.0
57600000,873,4.267,3093,0.3093,743,264,1.290,2588,2.5875,61,-1000.00,-1.0
58200000,874,4.272,3069,0.3069,757,264,1.290,2588,2.5875,61,-1000.00,-1.0
58800000,874,4.272,3069,0.3069,757,264,1.290,2588,2.5875,61,-1000.00,-1.0
59400000,874,4.272,3069,0.3069,757,263,1.285,2601,2.6008,60,-1000.00,-1.0
60000000,874,4.272,3069,0.3069,757,263,1.285,2601,2.6008,60,-1000.00,-1.0
60600000,874,4.272,3069,0.3069,757,263,1.285,2601,2.6008,60,-1000.00,-1.0
61200000,874,4.272,3069,0.3069,757,263,1.285,2601,2.6008,60,-1000.00,-1.0
61800000,874,4.272,3069,0.3069,757,262,1.281,2614,2.6141,59,-1000.00,-1.0
62400000,874,4.272,3069,0.3069,757,262,1.281,2614,2.6141,59,-1000.00,-1.0
63000000,874,4.272,3069,0.3069,757,262,1.281,2614,2.6141,59,-1000.00,-1.0
63600000,874,4.272,3069,0.3069,757,262,1.281,2614,2.6141,59,-1000.00,-1.0
64200000,874,4.272,3069,0.3069,757,261,1.276,2628,2.6276,58,-1000.00,-1.0
64800000,874,4.272,3069,0.3069,757,261,1.276,2628,2.6276,58,-1000.00,-1.0
65400000,875,4.277,3045,0.3045,771,261,1.276,2628,2.6276,58,-1000.00,-1.0
66000000,875,4.277,3045,0.3045,771,261,1.276,2628,2.6276,58,-1000.00,-1.0
66600000,875,4.277,3045,0.3045,771,261,1.276,2628,2.6276,58,-1000.00,-1.0
67200000,874,4.272,3069,0.3069,757,260,1.271,2641,2.6412,57,-1000.00,-1.0
67800000,875,4.277,3045,0.3045,771,260,1.271,2641,2.6412,57,-1000.00,-1.0
68400000,875,4.277,3045,0.3045,771,260,1.271,2641,2.6412,57,-1000.00,-1.0
69000000,875,4.277,3045,0.3045,771,260,1.271,2641,2.6412,57,-1000.00,-1.0
69600000,875,4.277,3045,0.3045,771,259,1.266,2655,2.6548,56,-1000.00,-1.0
70200000,875,4.277,3045,0.3045,771,259,1.266,2655,2.6548,56,-1000.00,-1.0
70800000,875,4.277,3045,0.3045,771,259,1.266,2655,2.6548,56,-1000.00,-1.0
71400000,875,4.277,3045,0.3045,771,259,1.266,2655,2.6548,56,-1000.00,-1.0
72000000,875,4.277,3045,0.3045,771,258,1.261,2669,2.6686,55,-1000.00,-1.0
72600000,875,4.277,3045,0.3045,771,258,1.261,2669,2.6686,55,-1000.00,-1.0
73200000,875,4.277,3045,0.3045,771,258,1.261,2669,2.6686,55,-1000.00,-1.0
73800000,875,4.277,3045,0.3045,771,258,1.261,2669,2.6686,55,-1000.00,-1.0
74400000,875,4.277,3045,0.3045,771,257,1.256,2682,2.6825,54,-1000.00,-1.0
75000000,875,4.277,3045,0.3045,771,257,1.256,2682,2.6825,54,-1000.00,-1.0
75600000,875,4.277,3045,0.3045,771,257,1.256,2682,2.6825,54,-1000.00,-1.0
76200000,875,4.277,3045,0.3045,771,257,1.256,2682,2.6825,54,-1000.00,-1.0
76800000,875,4.277,3045,0.3045,771,257,1.256,2682,2.6825,54,-1000.00,-1.0
77400000,875,4.277,3045,0.3045,771,257,1.256,2682,2.6825,54,-1000.00,-1.0
78000000,876,4.282,3021,0.3021,785,257,1.256,2682,2.6825,54,-1000.00,-1.0
78600000,876,4.282,3021,0.3021,785,256,1.251,2696,2.6965,54,-1000.00,-1.0
79200000,876,4.282,3021,0.3021,785,256,1.251,2696,2.6965,54,-1000.00,-1.0
79800000,876,4.282,3021,0.3021,785,256,1.251,2696,2.6965,54,-1000.00,-1.0
80400000,876,4.282,3021,0.3021,785,256,1.251,2696,2.6965,54,-1000.00,-1.0
81000000,876,4.282,3021,0.3021,785,256,1.251,2696,2.6965,54,-1000.00,-1.0
81600000,876,4.282,3021,0.3021,785,256,1.251,2696,2.6965,54,-1000.00,-1.0
82200000,875,4.277,3045,0.3045,771,256,1.251,2696,2.6965,54,-1000.00,-1.0
82800000,876,4.282,3021,0.3021,785,256,1.251,2696,2.6965,54,-1000.00,-1.0
83400000,875,4.277,3045,0.3045,771,258,1.261,2669,2.6686,55,-1000.00,-1.0
84000000,875,4.277,3045,0.3045,771,258,1.261,2669,2.6686,55,-1000.00,-1.0
84600000,875,4.277,3045,0.3045,771,257,1.256,2682,2.6825,54,-1000.00,-1.0
85200000,875,4.277,3045,0.3045,771,258,1.261,2669,2.6686,55,-1000.00,-1.0
85800000,873,4.267,3093,0.3093,743,259,1.266,2655,2.6548,56,-1000.00,-1.0
86400000,873,4.267,3093,0.3093,743,259,1.266,2655,2.6548,56,-1000.00,-1.0
87000000,874,4.272,3069,0.3069,757,258,1.261,2669,2.6686,55,-1000.00,-1.0
87600000,874,4.272,3069,0.3069,757,257,1.256,2682,2.6825,54,-1000.00,-1.0
88200000,874,4.272,3069,0.3069,757,257,1.256,2682,2.6825,54,-1000.00,-1.0
88800000,874,4.272,3069,0.3069,757,257,1.256,2682,2.6825,54,-1000.00,-1.0
89400000,874,4.272,3069,0.3069,757,256,1.251,2696,2.6965,54,-1000.00,-1.0
90000000,875,4.277,3045,0.3045,771,256,1.251,2696,2.6965,54,-1000.00,-1.0
90600000,875,4.277,3045,0.3045,771,255,1.246,2711,2.7106,53,-1000.00,-1.0
91200000,875,4.277,3045,0.3045,771,255,1.246,2711,2.7106,53,-1000.00,-1.0
91800000,875,4.277,3045,0.3045,771,254,1.241,2725,2.7248,52,-1000.00,-1.0
92400000,875,4.277,3045,0.3045,771,254,1.241,2725,2.7248,52,-1000.00,-1.0
93000000,875,4.277,3045,0.3045,771,253,1.237,2739,2.7391,51,-1000.00,-1.0
93600000,875,4.277,3045,0.3045,771,253,1.237,2739,2.7391,51,-1000.00,-1.0
94200000,875,4.277,3045,0.3045,771,253,1.237,2739,2.7391,51,-1000.00,-1.0
94800000,875,4.277,3045,0.3045,771,252,1.232,2754,2.7536,50,-1000.00,-1.0
95400000,875,4.277,3045,0.3045,771,252,1.232,2754,2.7536,50,-1000.00,-1.0
96000000,876,4.282,3021,0.3021,785,251,1.227,2768,2.7681,50,-1000.00,-1.0
96600000,876,4.282,3021,0.3021,785,251,1.227,2768,2.7681,50,-1000.00,-1.0
97200000,876,4.282,3021,0.3021,785,251,1.227,2768,2.7681,50,-1000.00,-1.0
97800000,876,4.282,3021,0.3021,785,250,1.222,2783,2.7828,49,-1000.00,-1.0
98400000,876,4.282,3021,0.3021,785,250,1.222,2783,2.7828,49,-1000.00,-1.0
99000000,876,4.282,3021,0.3021,785,250,1.222,2783,2.7828,49,-1000.00,-1.0
99600000,876,4.282,3021,0.3021,785,249,1.217,2798,2.7976,48,-1000.00,-1.0
100200000,876,4.282,3021,0.3021,785,249,1.217,2798,2.7976,48,-1000.00,-1.0
100800000,876,4.282,3021,0.3021,785,249,1.217,2798,2.7976,48,-1000.00,-1.0
101400000,876,4.282,3021,0.3021,785,248,1.212,2812,2.8125,47,-1000.00,-1.0
102000000,876,4.282,3021,0.3021,785,248,1.212,2812,2.8125,47,-1000.00,-1.0
102600000,876,4.282,3021,0.3021,785,248,1.212,2812,2.8125,47,-1000.00,-1.0
103200000,876,4.282,3021,0.3021,785,248,1.212,2812,2.8125,47,-1000.00,-1.0
103800000,876,4.282,3021,0.3021,785,247,1.207,2828,2.8275,47,-1000.00,-1.0
104400000,877,4.286,2997,0.2997,799,247,1.207,2828,2.8275,47,-1000.00,-1.0
105000000,877,4.286,2997,0.2997,799,247,1.207,2828,2.8275,47,-1000.00,-1.0
105600000,877,4.286,2997,0.2997,799,246,1.202,2843,2.8427,46,-1000.00,-1.0
106200000,877,4.286,2997,0.2997,799,246,1.202,2843,2.8427,46,-1000.00,-1.0
106800000,877,4.286,2997,0.2997,799,246,1.202,2843,2.8427,46,-1000.00,-1.0
107400000,877,4.286,2997,0.2997,799,246,1.202,2843,2.8427,46,-1000.00,-1.0
108000000,877,4.286,2997,0.2997,799,245,1.197,2858,2.8580,45,-1000.00,-1.0
108600000,877,4.286,2997,0.2997,799,245,1.197,2858,2.8580,45,-1000.00,-1.0
109200000,877,4.286,2997,0.2997,799,245,1.197,2858,2.8580,45,-1000.00,-1.0
109800000,877,4.286,2997,0.2997,799,245,1.197,2858,2.8580,45,-1000.00,-1.0
110400000,877,4.286,2997,0.2997,799,244,1.193,2873,2.8734,44,-1000.00,-1.0
111000000,877,4.286,2997,0.2997,799,244,1.193,2873,2.8734,44,-1000.00,-1.0
111600000,877,4.286,2997,0.2997,799,244,1.193,2873,2.8734,44,-1000.00,-1.0
112200000,877,4.286,2997,0.2997,799,244,1.193,2873,2.8734,44,-1000.00,-1.0
112800000,877,4.286,2997,0.2997,799,244,1.193,2873,2.8734,44,-1000.00,-1.0
113400000,851,4.159,3638,0.3638,512,292,1.427,2253,2.2531,91,-1000.00,-1.0
114000000,858,4.194,3462,0.3462,574,282,1.378,2365,2.3649,79,-1000.00,-1.0
114000000,858,4.194,3462,0.3462,444,282,1.378,2365,2.3649,106,-1000.00,-1.0
114000000,858,4.194,3462,0.3462,465,282,1.378,2365,2.3649,100,-1000.00,-1.0
114000000,858,4.194,3462,0.3462,512,282,1.378,2365,2.3649,95,-1000.00,-1.0
114000000,858,4.194,3462,0.3462,546,282,1.378,2365,2.3649,94,-1000.00,-1.0
114000000,858,4.194,3462,0.3462,546,282,1.378,2365,2.3649,70,-1000.00,-1.0
114000000,858,4.194,3462,0.3462,680,282,1.378,2365,2.3649,196,-1000.00,-1.0
114000000,858,4.194,3462,0.3462,692,282,1.378,2365,2.3649,188,-1000.00,-1.0
114000000,858,4.194,3462,0.3462,692,282,1.378,2365,2.3649,184,-1000.00,-1.0
114000000,858,4.194,3462,0.3462,717,282,1.378,2365,2.3649,181,-1000.00,-1.0
114000000,858,4.194,3462,0.3462,717,282,1.378,2365,2.3649,179,-1000.00,-1.0
114000000,858,4.194,3462,0.3462,717,282,1.378,2365,2.3649,177,-1000.00,-1.0
114000000,858,4.194,3462,0.3462,705,282,1.378,2365,2.3649,174,-1000.00,-1.0
114000000,858,4.194,3462,0.3462,717,282,1.378,2365,2.3649,172,-1000.00,-1.0
114000000,858,4.194,3462,0.3462,717,282,1.378,2365,2.3649,170,-1000.00,-1.0
114000000,858,4.194,3462,0.3462,717,282,1.378,2365,2.3649,168,-1000.00,-1.0
114000000,858,4.194,3462,0.3462,717,282,1.378,2365,2.3649,168,-1000.00,-1.0
114000000,858,4.194,3462,0.3462,730,282,1.378,2365,2.3649,165,-1000.00,-1.0
114000000,858,4.194,3462,0.3462,743,282,1.378,2365,2.3649,165,-1000.00,-1.0
114000000,858,4.194,3462,0.3462,743,282,1.378,2365,2.3649,163,-1000.00,-1.0
114000000,858,4.194,3462,0.3462,743,282,1.378,2365,2.3649,161,-1000.00,-1.0
114000000,858,4.194,3462,0.3462,757,282,1.378,2365,2.3649,161,-1000.00,-1.0
114000000,858,4.194,3462,0.3462,757,282,1.378,2365,2.3649,159,-1000.00,-1.0
114000000,858,4.194,3462,0.3462,771,282,1.378,2365,2.3649,157,-1000.00,-1.0
114000000,858,4.194,3462,0.3462,799,282,1.378,2365,2.3649,155,-1000.00,-1.0
114000000,858,4.194,3462,0.3462,799,282,1.378,2365,2.3649,155,-1000.00,-1.0
114000000,858,4.194,3462,0.3462,814,282,1.378,2365,2.3649,153,-1000.00,-1.0
114000000,858,4.194,3462,0.3462,814,282,1.378,2365,2.3649,151,-1000.00,-1.0
114000000,858,4.194,3462,0.3462,829,282,1.378,2365,2.3649,151,-1000.00,-1.0
114000000,858,4.194,3462,0.3462,829,282,1.378,2365,2.3649,149,-1000.00,-1.0
114000000,858,4.194,3462,0.3462,829,282,1.378,2365,2.3649,149,-1000.00,-1.0
114000000,858,4.194,3462,0.3462,829,282,1.378,2365,2.3649,149,-1000.00,-1.0
114000000,858,4.194,3462,0.3462,829,282,1.378,2365,2.3649,147,-1000.00,-1.0
114000000,858,4.194,3462,0.3462,829,282,1.378,2365,2.3649,147,-1000.00,-1.0
114000000,858,4.194,3462,0.3462,829,282,1.378,2365,2.3649,145,-1000.00,-1.0
114000000,858,4.194,3462,0.3462,829,282,1.378,2365,2.3649,145,-1000.00,-1.0
114000000,858,4.194,3462,0.3462,814,282,1.378,2365,2.3649,145,-1000.00,-1.0
114000000,858,4.194,3462,0.3462,799,282,1.378,2365,2.3649,143,-1000.00,-1.0
114000000,858,4.194,3462,0.3462,799,282,1.378,2365,2.3649,143,-1000.00,-1.0
114000000,858,4.194,3462,0.3462,799,282,1.378,2365,2.3649,143,-1000.00,-1.0
114000000,858,4.194,3462,0.3462,799,282,1.378,2365,2.3649,141,-1000.00,-1.0
114000000,858,4.194,3462,0.3462,799,282,1.378,2365,2.3649,141,-1000.00,-1.0
114000000,858,4.194,3462,0.3462,799,282,1.378,2365,2.3649,139,-1000.00,-1.0
114000000,858,4.194,3462,0.3462,799,282,1.378,2365,2.3649,139,-1000.00,-1.0
114000000,858,4.194,3462,0.3462,799,282,1.378,2365,2.3649,139,-1000.00,-1.0
114000000,858,4.194,3462,0.3462,799,282,1.378,2365,2.3649,137,-1000.00,-1.0
114000000,858,4.194,3462,0.3462,785,282,1.378,2365,2.3649,137,-1000.00,-1.0
114000000,858,4.194,3462,0.3462,785,282,1.378,2365,2.3649,136,-1000.00,-1.0
114000000,858,4.194,3462,0.3462,785,282,1.378,2365,2.3649,136,-1000.00,-1.0
114000000,858,4.194,3462,0.3462,785,282,1.378,2365,2.3649,136,-1000.00,-1.0
114000000,858,4.194,3462,0.3462,785,282,1.378,2365,2.3649,134,-1000.00,-1.0
114000000,858,4.194,3462,0.3462,785,282,1.378,2365,2.3649,134,-1000.00,-1.0
114000000,858,4.194,3462,0.3462,785,282,1.378,2365,2.3649,132,-1000.00,-1.0
114000000,858,4.194,3462,0.3462,785,282,1.378,2365,2.3649,130,-1000.00,-1.0
114000000,858,4.194,3462,0.3462,785,282,1.378,2365,2.3649,130,-1000.00,-1.0
114000000,858,4.194,3462,0.3462,785,282,1.378,2365,2.3649,130,-1000.00,-1.0
114000000,858,4.194,3462,0.3462,799,282,1.378,2365,2.3649,129,-1000.00,-1.0
114000000,858,4.194,3462,0.3462,799,282,1.378,2365,2.3649,129,-1000.00,-1.0
114000000,858,4.194,3462,0.3462,799,282,1.378,2365,2.3649,129,-1000.00,-1.0
114000000,858,4.194,3462,0.3462,799,282,1.378,2365,2.3649,127,-1000.00,-1.0
114000000,858,4.194,3462,0.3462,799,282,1.378,2365,2.3649,127,-1000.00,-1.0
114000000,858,4.194,3462,0.3462,799,282,1.378,2365,2.3649,125,-1000.00,-1.0
114000000,858,4.194,3462,0.3462,799,282,1.378,2365,2.3649,125,-1000.00,-1.0
114000000,858,4.194,3462,0.3462,799,282,1.378,2365,2.3649,123,-1000.00,-1.0
114000000,858,4.194,3462,0.3462,799,282,1.378,2365,2.3649,122,-1000.00,-1.0
114000000,858,4.194,3462,0.3462,799,282,1.378,2365,2.3649,122,-1000.00,-1.0
114000000,858,4.194,3462,0.3462,799,282,1.378,2365,2.3649,122,-1000.00,-1.0
114000000,858,4.194,3462,0.3462,799,282,1.378,2365,2.3649,122,-1000.00,-1.0
114000000,858,4.194,3462,0.3462,799,282,1.378,2365,2.3649,120,-1000.00,-1.0
114000000,858,4.194,3462,0.3462,799,282,1.378,2365,2.3649,120,-1000.00,-1.0
114000000,858,4.194,3462,0.3462,799,282,1.378,2365,2.3649,119,-1000.00,-1.0
114000000,858,4.194,3462,0.3462,799,282,1.378,2365,2.3649,119,-1000.00,-1.0
114000000,858,4.194,3462,0.3462,799,282,1.378,2365,2.3649,117,-1000.00,-1.0
114000000,858,4.194,3462,0.3462,799,282,1.378,2365,2.3649,117,-1000.00,-1.0
114000000,858,4.194,3462,0.3462,814,282,1.378,2365,2.3649,117,-1000.00,-1.0
114000000,858,4.194,3462,0.3462,799,282,1.378,2365,2.3649,115,-1000.00,-1.0
114000000,858,4.194,3462,0.3462,799,282,1.378,2365,2.3649,115,-1000.00,-1.0
114000000,858,4.194,3462,0.3462,799,282,1.378,2365,2.3649,114,-1000.00,-1.0
114000000,858,4.194,3462,0.3462,799,282,1.378,2365,2.3649,115,-1000.00,-1.0
114000000,858,4.194,3462,0.3462,799,282,1.378,2365,2.3649,114,-1000.00,-1.0
114000000,858,4.194,3462,0.3462,799,282,1.378,2365,2.3649,112,-1000.00,-1.0
114000000,858,4.194,3462,0.3462,799,282,1.378,2365,2.3649,114,-1000.00,-1.0
114000000,858,4.194,3462,0.3462,799,282,1.378,2365,2.3649,112,-1000.00,-1.0
114000000,858,4.194,3462,0.3462,799,282,1.378,2365,2.3649,112,-1000.00,-1.0
114000000,858,4.194,3462,0.3462,799,282,1.378,2365,2.3649,112,-1000.00,-1.0
114000000,858,4.194,3462,0.3462,814,282,1.378,2365,2.3649,111,-1000.00,-1.0
114000000,858,4.194,3462,0.3462,814,282,1.378,2365,2.3649,109,-1000.00,-1.0
114000000,858,4.194,3462,0.3462,814,282,1.378,2365,2.3649,109,-1000.00,-1.0
114000000,858,4.194,3462,0.3462,814,282,1.378,2365,2.3649,108,-1000.00,-1.0
114000000,858,4.194,3462,0.3462,829,282,1.378,2365,2.3649,108,-1000.00,-1.0
114000000,858,4.194,3462,0.3462,829,282,1.378,2365,2.3649,108,-1000.00,-1.0
114000000,858,4.194,3462,0.3462,829,282,1.378,2365,2.3649,106,-1000.00,-1.0
114000000,858,4.194,3462,0.3462,829,282,1.378,2365,2.3649,106,-1000.00,-1.0
114000000,858,4.194,3462,0.3462,829,282,1.378,2365,2.3649,105,-1000.00,-1.0
114000000,858,4.194,3462,0.3462,829,282,1.378,2365,2.3649,105,-1000.00,-1.0
114000000,858,4.194,3462,0.3462,829,282,1.378,2365,2.3649,105,-1000.00,-1.0
114000000,858,4.194,3462,0.3462,829,282,1.378,2365,2.3649,103,-1000.00,-1.0
114000000,858,4.194,3462,0.3462,829,282,1.378,2365,2.3649,103,-1000.00,-1.0
114000000,858,4.194,3462,0.3462,829,282,1.378,2365,2.3649,103,-1000.00,-1.0
114000000,858,4.194,3462,0.3462,829,282,1.378,2365,2.3649,103,-1000.00,-1.0
114000000,858,4.194,3462,0.3462,829,282,1.378,2365,2.3649,102,-1000.00,-1.0
114000000,858,4.194,3462,0.3462,829,282,1.378,2365,2.3649,102,-1000.00,-1.0
114000000,858,4.194,3462,0.3462,829,282,1.378,2365,2.3649,100,-1000.00,-1.0
114000000,858,4.194,3462,0.3462,829,282,1.378,2365,2.3649,100,-1000.00,-1.0
114000000,858,4.194,3462,0.3462,829,282,1.378,2365,2.3649,99,-1000.00,-1.0
114000000,858,4.194,3462,0.3462,845,282,1.378,2365,2.3649,99,-1000.00,-1.0
114000000,858,4.194,3462,0.3462,845,282,1.378,2365,2.3649,98,-1000.00,-1.0
114000000,858,4.194,3462,0.3462,845,282,1.378,2365,2.3649,98,-1000.00,-1.0
114000000,858,4.194,3462,0.3462,845,282,1.378,2365,2.3649,98,-1000.00,-1.0
114000000,858,4.194,3462,0.3462,845,282,1.378,2365,2.3649,96,-1000.00,-1.0
114000000,858,4.194,3462,0.3462,845,282,1.378,2365,2.3649,96,-1000.00,-1.0
114000000,858,4.194,3462,0.3462,845,282,1.378,2365,2.3649,96,-1000.00,-1.0
114000000,858,4.194,3462,0.3462,845,282,1.378,2365,2.3649,95,-1000.00,-1.0
114000000,858,4.194,3462,0.3462,845,282,1.378,2365,2.3649,95,-1000.00,-1.0
114000000,858,4.194,3462,0.3462,845,282,1.378,2365,2.3649,94,-1000.00,-1.0
114000000,858,4.194,3462,0.3462,845,282,1.378,2365,2.3649,94,-1000.00,-1.0
114000000,858,4.194,3462,0.3462,861,282,1.378,2365,2.3649,94,-1000.00,-1.0
114000000,858,4.194,3462,0.3462,845,282,1.378,2365,2.3649,92,-1000.00,-1.0
114000000,858,4.194,3462,0.3462,845,282,1.378,2365,2.3649,92,-1000.00,-1.0
114000000,858,4.194,3462,0.3462,861,282,1.378,2365,2.3649,92,-1000.00,-1.0
114000000,858,4.194,3462,0.3462,861,282,1.378,2365,2.3649,92,-1000.00,-1.0
114000000,858,4.194,3462,0.3462,861,282,1.378,2365,2.3649,92,-1000.00,-1.0
114000000,858,4.194,3462,0.3462,861,282,1.378,2365,2.3649,91,-1000.00,-1.0
114000000,858,4.194,3462,0.3462,861,282,1.378,2365,2.3649,91,-1000.00,-1.0
114000000,858,4.194,3462,0.3462,861,282,1.378,2365,2.3649,91,-1000.00,-1.0
114000000,858,4.194,3462,0.3462,861,282,1.378,2365,2.3649,90,-1000.00,-1.0
114000000,858,4.194,3462,0.3462,861,282,1.378,2365,2.3649,90,-1000.00,-1.0
114000000,858,4.194,3462,0.3462,861,282,1.378,2365,2.3649,90,-1000.00,-1.0
114000000,858,4.194,3462,0.3462,861,282,1.378,2365,2.3649,89,-1000.00,-1.0
114000000,858,4.194,3462,0.3462,861,282,1.378,2365,2.3649,89,-1000.00,-1.0
114000000,858,4.194,3462,0.3462,861,282,1.378,2365,2.3649,87,-1000.00,-1.0
114000000,858,4.194,3462,0.3462,861,282,1.378,2365,2.3649,87,-1000.00,-1.0
114000000,858,4.194,3462,0.3462,861,282,1.378,2365,2.3649,87,-1000.00,-1.0
114000000,858,4.194,3462,0.3462,861,282,1.378,2365,2.3649,86,-1000.00,-1.0
114000000,858,4.194,3462,0.3462,861,282,1.378,2365,2.3649,86,-1000.00,-1.0
114000000,858,4.194,3462,0.3462,861,282,1.378,2365,2.3649,86,-1000.00,-1.0
114000000,858,4.194,3462,0.3462,861,282,1.378,2365,2.3649,85,-1000.00,-1.0
114000000,858,4.194,3462,0.3462,861,282,1.378,2365,2.3649,85,-1000.00,-1.0
114000000,858,4.194,3462,0.3462,861,282,1.378,2365,2.3649,85,-1000.00,-1.0
114000000,858,4.194,3462,0.3462,861,282,1.378,2365,2.3649,84,-1000.00,-1.0
114000000,858,4.194,3462,0.3462,877,282,1.378,2365,2.3649,84,-1000.00,-1.0
114000000,858,4.194,3462,0.3462,877,282,1.378,2365,2.3649,82,-1000.00,-1.0
114000000,858,4.194,3462,0.3462,877,282,1.378,2365,2.3649,82,-1000.00,-1.0
114000000,858,4.194,3462,0.3462,877,282,1.378,2365,2.3649,81,-1000.00,-1.0
114000000,858,4.194,3462,0.3462,877,282,1.378,2365,2.3649,81,-1000.00,-1.0
114000000,858,4.194,3462,0.3462,877,282,1.378,2365,2.3649,80,-1000.00,-1.0
114000000,858,4.194,3462,0.3462,877,282,1.378,2365,2.3649,80,-1000.00,-1.0
114000000,858,4.194,3462,0.3462,877,282,1.378,2365,2.3649,80,-1000.00,-1.0
114000000,858,4.194,3462,0.3462,877,282,1.378,2365,2.3649,79,-1000.00,-1.0
114000000,858,4.194,3462,0.3462,877,282,1.378,2365,2.3649,79,-1000.00,-1.0
114000000,858,4.194,3462,0.3462,877,282,1.378,2365,2.3649,78,-1000.00,-1.0
114000000,858,4.194,3462,0.3462,877,282,1.378,2365,2.3649,78,-1000.00,-1.0
114000000,858,4.194,3462,0.3462,877,282,1.378,2365,2.3649,78,-1000.00,-1.0
114000000,858,4.194,3462,0.3462,894,282,1.378,2365,2.3649,77,-1000.00,-1.0
114000000,858,4.194,3462,0.3462,877,282,1.378,2365,2.3649,77,-1000.00,-1.0
114000000,858,4.194,3462,0.3462,894,282,1.378,2365,2.3649,76,-1000.00,-1.0
114000000,858,4.194,3462,0.3462,894,282,1.378,2365,2.3649,76,-1000.00,-1.0
114000000,858,4.194,3462,0.3462,894,282,1.378,2365,2.3649,76,-1000.00,-1.0
114000000,858,4.194,3462,0.3462,894,282,1.378,2365,2.3649,74,-1000.00,-1.0
114000000,858,4.194,3462,0.3462,894,282,1.378,2365,2.3649,74,-1000.00,-1.0
114000000,858,4.194,3462,0.3462,894,282,1.378,2365,2.3649,73,-1000.00,-1.0
114000000,858,4.194,3462,0.3462,894,282,1.378,2365,2.3649,73,-1000.00,-1.0
114000000,858,4.194,3462,0.3462,894,282,1.378,2365,2.3649,73,-1000.00,-1.0
114000000,858,4.194,3462,0.3462,894,282,1.378,2365,2.3649,73,-1000.00,-1.0
114000000,858,4.194,3462,0.3462,877,282,1.378,2365,2.3649,72,-1000.00,-1.0
114000000,858,4.194,3462,0.3462,894,282,1.378,2365,2.3649,72,-1000.00,-1.0
114000000,858,4.194,3462,0.3462,894,282,1.378,2365,2.3649,72,-1000.00,-1.0
114000000,858,4.194,3462,0.3462,877,282,1.378,2365,2.3649,71,-1000.00,-1.0
114000000,858,4.194,3462,0.3462,877,282,1.378,2365,2.3649,71,-1000.00,-1.0
114000000,858,4.194,3462,0.3462,894,282,1.378,2365,2.3649,71,-1000.00,-1.0
114000000,858,4.194,3462,0.3462,877,282,1.378,2365,2.3649,70,-1000.00,-1.0
114000000,858,4.194,3462,0.3462,877,282,1.378,2365,2.3649,70,-1000.00,-1.0
114000000,858,4.194,3462,0.3462,877,282,1.378,2365,2.3649,70,-1000.00,-1.0
114000000,858,4.194,3462,0.3462,877,282,1.378,2365,2.3649,70,-1000.00,-1.0
114000000,858,4.194,3462,0.3462,877,282,1.378,2365,2.3649,69,-1000.00,-1.0
114000000,858,4.194,3462,0.3462,877,282,1.378,2365,2.3649,69,-1000.00,-1.0
114000000,858,4.194,3462,0.3462,877,282,1.378,2365,2.3649,69,-1000.00,-1.0
114000000,858,4.194,3462,0.3462,877,282,1.378,2365,2.3649,68,-1000.00,-1.0
114000000,858,4.194,3462,0.3462,877,282,1.378,2365,2.3649,68,-1000.00,-1.0
114000000,858,4.194,3462,0.3462,877,282,1.378,2365,2.3649,68,-1000.00,-1.0
114000000,858,4.194,3462,0.3462,877,282,1.378,2365,2.3649,68,-1000.00,-1.0
114000000,858,4.194,3462,0.3462,877,282,1.378,2365,2.3649,67,-1000.00,-1.0
114000000,858,4.194,3462,0.3462,877,282,1.378,2365,2.3649,67,-1000.00,-1.0
114000000,858,4.194,3462,0.3462,877,282,1.378,2365,2.3649,67,-1000.00,-1.0
114000000,858,4.194,3462,0.3462,877,282,1.378,2365,2.3649,66,-1000.00,-1.0
114000000,858,4.194,3462,0.3462,877,282,1.378,2365,2.3649,66,-1000.00,-1.0
114000000,858,4.194,3462,0.3462,877,282,1.378,2365,2.3649,66,-1000.00,-1.0
114000000,858,4.194,3462,0.3462,877,282,1.378,2365,2.3649,65,-1000.00,-1.0
114000000,858,4.194,3462,0.3462,877,282,1.378,2365,2.3649,65,-1000.00,-1.0
114000000,858,4.194,3462,0.3462,877,282,1.378,2365,2.3649,65,-1000.00,-1.0
114000000,858,4.194,3462,0.3462,877,282,1.378,2365,2.3649,64,-1000.00,-1.0
114000000,858,4.194,3462,0.3462,877,282,1.378,2365,2.3649,64,-1000.00,-1.0
114000000,858,4.194,3462,0.3462,861,282,1.378,2365,2.3649,64,-1000.00,-1.0
114000000,858,4.194,3462,0.3462,877,282,1.378,2365,2.3649,63,-1000.00,-1.0
114000000,858,4.194,3462,0.3462,877,282,1.378,2365,2.3649,63,-1000.00,-1.0
114000000,858,4.194,3462,0.3462,861,282,1.378,2365,2.3649,62,-1000.00,-1.0
114000000,858,4.194,3462,0.3462,861,282,1.378,2365,2.3649,62,-1000.00,-1.0
114000000,858,4.194,3462,0.3462,861,282,1.378,2365,2.3649,62,-1000.00,-1.0
114000000,858,4.194,3462,0.3462,861,282,1.378,2365,2.3649,62,-1000.00,-1.0
114000000,858,4.194,3462,0.3462,861,282,1.378,2365,2.3649,61,-1000.00,-1.0
114000000,858,4.194,3462,0.3462,877,282,1.378,2365,2.3649,61,-1000.00,-1.0
114000000,858,4.194,3462,0.3462,877,282,1.378,2365,2.3649,61,-1000.00,-1.0
114000000,858,4.194,3462,0.3462,877,282,1.378,2365,2.3649,61,-1000.00,-1.0
114000000,858,4.194,3462,0.3462,861,282,1.378,2365,2.3649,61,-1000.00,-1.0
114000000,858,4.194,3462,0.3462,877,282,1.378,2365,2.3649,61,-1000.00,-1.0
114000000,858,4.194,3462,0.3462,877,282,1.378,2365,2.3649,60,-1000.00,-1.0
114000000,858,4.194,3462,0.3462,861,282,1.378,2365,2.3649,60,-1000.00,-1.0
114000000,858,4.194,3462,0.3462,861,282,1.378,2365,2.3649,60,-1000.00,-1.0
114000000,858,4.194,3462,0.3462,861,282,1.378,2365,2.3649,60,-1000.00,-1.0
114000000,858,4.194,3462,0.3462,861,282,1.378,2365,2.3649,59,-1000.00,-1.0
114000000,858,4.194,3462,0.3462,861,282,1.378,2365,2.3649,59,-1000.00,-1.0
114000000,858,4.194,3462,0.3462,861,282,1.378,2365,2.3649,59,-1000.00,-1.0
114000000,858,4.194,3462,0.3462,861,282,1.378,2365,2.3649,59,-1000.00,-1.0
114000000,858,4.194,3462,0.3462,861,282,1.378,2365,2.3649,58,-1000.00,-1.0
114000000,858,4.194,3462,0.3462,861,282,1.378,2365,2.3649,58,-1000.00,-1.0
114000000,858,4.194,3462,0.3462,861,282,1.378,2365,2.3649,58,-1000.00,-1.0
114000000,858,4.194,3462,0.3462,861,282,1.378,2365,2.3649,57,-1000.00,-1.0
114000000,858,4.194,3462,0.3462,861,282,1.378,2365,2.3649,57,-1000.00,-1.0
114000000,858,4.194,3462,0.3462,861,282,1.378,2365,2.3649,57,-1000.00,-1.0
114000000,858,4.194,3462,0.3462,861,282,1.378,2365,2.3649,57,-1000.00,-1.0
114000000,858,4.194,3462,0.3462,861,282,1.378,2365,2.3649,56,-1000.00,-1.0
114000000,858,4.194,3462,0.3462,861,282,1.378,2365,2.3649,56,-1000.00,-1.0
114000000,858,4.194,3462,0.3462,861,282,1.378,2365,2.3649,56,-1000.00,-1.0
114000000,858,4.194,3462,0.3462,861,282,1.378,2365,2.3649,56,-1000.00,-1.0
114000000,858,4.194,3462,0.3462,861,282,1.378,2365,2.3649,55,-1000.00,-1.0
114000000,858,4.194,3462,0.3462,861,282,1.378,2365,2.3649,55,-1000.00,-1.0
114000000,858,4.194,3462,0.3462,861,282,1.378,2365,2.3649,55,-1000.00,-1.0
114000000,858,4.194,3462,0.3462,861,282,1.378,2365,2.3649,55,-1000.00,-1.0
114000000,858,4.194,3462,0.3462,861,282,1.378,2365,2.3649,54,-1000.00,-1.0
114000000,858,4.194,3462,0.3462,861,282,1.378,2365,2.3649,54,-1000.00,-1.0
114000000,858,4.194,3462,0.3462,861,282,1.378,2365,2.3649,54,-1000.00,-1.0
114000000,858,4.194,3462,0.3462,861,282,1.378,2365,2.3649,54,-1000.00,-1.0
114000000,858,4.194,3462,0.3462,861,282,1.378,2365,2.3649,54,-1000.00,-1.0
114000000,858,4.194,3462,0.3462,861,282,1.378,2365,2.3649,54,-1000.00,-1.0
114000000,858,4.194,3462,0.3462,861,282,1.378,2365,2.3649,54,-1000.00,-1.0
114000000,858,4.194,3462,0.3462,861,282,1.378,2365,2.3649,54,-1000.00,-1.0
114000000,858,4.194,3462,0.3462,861,282,1.378,2365,2.3649,54,-1000.00,-1.0
114000000,858,4.194,3462,0.3462,861,282,1.378,2365,2.3649,54,-1000.00,-1.0
114000000,858,4.194,3462,0.3462,861,282,1.378,2365,2.3649,53,-1000.00,-1.0
114000000,858,4.194,3462,0.3462,861,282,1.378,2365,2.3649,53,-1000.00,-1.0
114000000,858,4.194,3462,0.3462,861,282,1.378,2365,2.3649,52,-1000.00,-1.0
114000000,858,4.194,3462,0.3462,861,282,1.378,2365,2.3649,52,-1000.00,-1.0
114000000,858,4.194,3462,0.3462,861,282,1.378,2365,2.3649,52,-1000.00,-1.0
114000000,858,4.194,3462,0.3462,861,282,1.378,2365,2.3649,52,-1000.00,-1.0
114000000,858,4.194,3462,0.3462,861,282,1.378,2365,2.3649,51,-1000.00,-1.0
114000000,858,4.194,3462,0.3462,861,282,1.378,2365,2.3649,51,-1000.00,-1.0
114000000,858,4.194,3462,0.3462,861,282,1.378,2365,2.3649,51,-1000.00,-1.0
114000000,858,4.194,3462,0.3462,861,282,1.378,2365,2.3649,51,-1000.00,-1.0
114000000,858,4.194,3462,0.3462,861,282,1.378,2365,2.3649,51,-1000.00,-1.0
114000000,858,4.194,3462,0.3462,861,282,1.378,2365,2.3649,51,-1000.00,-1.0
114000000,858,4.194,3462,0.3462,861,282,1.378,2365,2.3649,50,-1000.00,-1.0
114000000,858,4.194,3462,0.3462,861,282,1.378,2365,2.3649,50,-1000.00,-1.0
114000000,858,4.194,3462,0.3462,861,282,1.378,2365,2.3649,50,-1000.00,-1.0
114000000,858,4.194,3462,0.3462,861,282,1.378,2365,2.3649,50,-1000.00,-1.0
114000000,858,4.194,3462,0.3462,861,282,1.378,2365,2.3649,50,-1000.00,-1.0
114000000,858,4.194,3462,0.3462,877,282,1.378,2365,2.3649,50,-1000.00,-1.0
114000000,858,4.194,3462,0.3462,877,282,1.378,2365,2.3649,50,-1000.00,-1.0
114000000,858,4.194,3462,0.3462,877,282,1.378,2365,2.3649,49,-1000.00,-1.0
114000000,858,4.194,3462,0.3462,877,282,1.378,2365,2.3649,49,-1000.00,-1.0
114000000,858,4.194,3462,0.3462,877,282,1.378,2365,2.3649,49,-1000.00,-1.0
114000000,858,4.194,3462,0.3462,877,282,1.378,2365,2.3649,49,-1000.00,-1.0
114000000,858,4.194,3462,0.3462,877,282,1.378,2365,2.3649,48,-1000.00,-1.0
114000000,858,4.194,3462,0.3462,877,282,1.378,2365,2.3649,48,-1000.00,-1.0
114000000,858,4.194,3462,0.3462,877,282,1.378,2365,2.3649,48,-1000.00,-1.0
114000000,858,4.194,3462,0.3462,877,282,1.378,2365,2.3649,48,-1000.00,-1.0
114000000,858,4.194,3462,0.3462,877,282,1.378,2365,2.3649,47,-1000.00,-1.0
114000000,858,4.194,3462,0.3462,877,282,1.378,2365,2.3649,47,-1000.00,-1.0
114000000,858,4.194,3462,0.3462,877,282,1.378,2365,2.3649,47,-1000.00,-1.0
114000000,858,4.194,3462,0.3462,877,282,1.378,2365,2.3649,47,-1000.00,-1.0
114000000,858,4.194,3462,0.3462,877,282,1.378,2365,2.3649,47,-1000.00,-1.0
114000000,858,4.194,3462,0.3462,877,282,1.378,2365,2.3649,47,-1000.00,-1.0
114000000,858,4.194,3462,0.3462,894,282,1.378,2365,2.3649,47,-1000.00,-1.0
114000000,858,4.194,3462,0.3462,894,282,1.378,2365,2.3649,47,-1000.00,-1.0
114000000,858,4.194,3462,0.3462,894,282,1.378,2365,2.3649,47,-1000.00,-1.0
114000000,858,4.194,3462,0.3462,894,282,1.378,2365,2.3649,47,-1000.00,-1.0
114000000,858,4.194,3462,0.3462,894,282,1.378,2365,2.3649,46,-1000.00,-1.0
114000000,858,4.194,3462,0.3462,894,282,1.378,2365,2.3649,46,-1000.00,-1.0
114000000,858,4.194,3462,0.3462,894,282,1.378,2365,2.3649,46,-1000.00,-1.0
114000000,858,4.194,3462,0.3462,894,282,1.378,2365,2.3649,46,-1000.00,-1.0
114000000,858,4.194,3462,0.3462,894,282,1.378,2365,2.3649,46,-1000.00,-1.0
114000000,858,4.194,3462,0.3462,894,282,1.378,2365,2.3649,46,-1000.00,-1.0
114000000,858,4.194,3462,0.3462,894,282,1.378,2365,2.3649,45,-1000.00,-1.0
114000000,858,4.194,3462,0.3462,894,282,1.378,2365,2.3649,45,-1000.00,-1.0
114000000,858,4.194,3462,0.3462,894,282,1.378,2365,2.3649,45,-1000.00,-1.0
114000000,858,4.194,3462,0.3462,894,282,1.378,2365,2.3649,45,-1000.00,-1.0
114000000,858,4.194,3462,0.3462,894,282,1.378,2365,2.3649,45,-1000.00,-1.0
114000000,858,4.194,3462,0.3462,911,282,1.378,2365,2.3649,45,-1000.00,-1.0
114000000,858,4.194,3462,0.3462,911,282,1.378,2365,2.3649,44,-1000.00,-1.0
114000000,858,4.194,3462,0.3462,911,282,1.378,2365,2.3649,44,-1000.00,-1.0
114000000,858,4.194,3462,0.3462,911,282,1.378,2365,2.3649,44,-1000.00,-1.0
114000000,858,4.194,3462,0.3462,911,282,1.378,2365,2.3649,44,-1000.00,-1.0
114000000,858,4.194,3462,0.3462,911,282,1.378,2365,2.3649,44,-1000.00,-1.0
114000000,858,4.194,3462,0.3462,911,282,1.378,2365,2.3649,44,-1000.00,-1.0
114000000,858,4.194,3462,0.3462,911,282,1.378,2365,2.3649,44,-1000.00,-1.0
114000000,858,4.194,3462,0.3462,911,282,1.378,2365,2.3649,44,-1000.00,-1.0
114000000,858,4.194,3462,0.3462,911,282,1.378,2365,2.3649,44,-1000.00,-1.0
114000000,858,4.194,3462,0.3462,911,282,1.378,2365,2.3649,44,-1000.00,-1.0
114000000,858,4.194,3462,0.3462,911,282,1.378,2365,2.3649,43,-1000.00,-1.0
114000000,858,4.194,3462,0.3462,911,282,1.378,2365,2.3649,43,-1000.00,-1.0
114000000,858,4.194,3462,0.3462,911,282,1.378,2365,2.3649,43,-1000.00,-1.0
114000000,858,4.194,3462,0.3462,911,282,1.378,2365,2.3649,43,-1000.00,-1.0
114000000,858,4.194,3462,0.3462,911,282,1.378,2365,2.3649,43,-1000.00,-1.0
114000000,858,4.194,3462,0.3462,911,282,1.378,2365,2.3649,42,-1000.00,-1.0
114000000,858,4.194,3462,0.3462,911,282,1.378,2365,2.3649,42,-1000.00,-1.0
114000000,858,4.194,3462,0.3462,911,282,1.378,2365,2.3649,42,-1000.00,-1.0
114000000,858,4.194,3462,0.3462,911,282,1.378,2365,2.3649,42,-1000.00,-1.0
114000000,858,4.194,3462,0.3462,911,282,1.378,2365,2.3649,42,-1000.00,-1.0
114000000,858,4.194,3462,0.3462,911,282,1.378,2365,2.3649,42,-1000.00,-1.0
114000000,858,4.194,3462,0.3462,911,282,1.378,2365,2.3649,42,-1000.00,-1.0
114000000,858,4.194,3462,0.3462,911,282,1.378,2365,2.3649,42,-1000.00,-1.0
114000000,858,4.194,3462,0.3462,911,282,1.378,2365,2.3649,42,-1000.00,-1.0
114000000,858,4.194,3462,0.3462,911,282,1.378,2365,2.3649,42,-1000.00,-1.0
114000000,858,4.194,3462,0.3462,894,282,1.378,2365,2.3649,42,-1000.00,-1.0
114000000,858,4.194,3462,0.3462,911,282,1.378,2365,2.3649,42,-1000.00,-1.0
114000000,858,4.194,3462,0.3462,894,282,1.378,2365,2.3649,41,-1000.00,-1.0
114000000,858,4.194,3462,0.3462,894,282,1.378,2365,2.3649,41,-1000.00,-1.0
114000000,858,4.194,3462,0.3462,894,282,1.378,2365,2.3649,41,-1000.00,-1.0
114000000,858,4.194,3462,0.3462,894,282,1.378,2365,2.3649,41,-1000.00,-1.0
114000000,858,4.194,3462,0.3462,894,282,1.378,2365,2.3649,41,-1000.00,-1.0
114000000,858,4.194,3462,0.3462,894,282,1.378,2365,2.3649,41,-1000.00,-1.0
114000000,858,4.194,3462,0.3462,894,282,1.378,2365,2.3649,41,-1000.00,-1.0
114000000,858,4.194,3462,0.3462,894,282,1.378,2365,2.3649,40,-1000.00,-1.0
114000000,858,4.194,3462,0.3462,894,282,1.378,2365,2.3649,40,-1000.00,-1.0
114000000,858,4.194,3462,0.3462,894,282,1.378,2365,2.3649,40,-1000.00,-1.0
114000000,858,4.194,3462,0.3462,894,282,1.378,2365,2.3649,40,-1000.00,-1.0
114000000,858,4.194,3462,0.3462,894,282,1.378,2365,2.3649,40,-1000.00,-1.0
114000000,858,4.194,3462,0.3462,894,282,1.378,2365,2.3649,40,-1000.00,-1.0
114000000,858,4.194,3462,0.3462,894,282,1.378,2365,2.3649,40,-1000.00,-1.0
114000000,858,4.194,3462,0.3462,894,282,1.378,2365,2.3649,40,-1000.00,-1.0
114000000,858,4.194,3462,0.3462,894,282,1.378,2365,2.3649,40,-1000.00,-1.0
114000000,858,4.194,3462,0.3462,894,282,1.378,2365,2.3649,40,-1000.00,-1.0
114000000,858,4.194,3462,0.3462,894,282,1.378,2365,2.3649,39,-1000.00,-1.0
114000000,858,4.194,3462,0.3462,894,282,1.378,2365,2.3649,39,-1000.00,-1.0
114000000,858,4.194,3462,0.3462,877,282,1.378,2365,2.3649,39,-1000.00,-1.0
114000000,858,4.194,3462,0.3462,877,282,1.378,2365,2.3649,39,-1000.00,-1.0
114000000,858,4.194,3462,0.3462,877,282,1.378,2365,2.3649,39,-1000.00,-1.0
114000000,858,4.194,3462,0.3462,877,282,1.378,2365,2.3649,39,-1000.00,-1.0
114000000,858,4.194,3462,0.3462,877,282,1.378,2365,2.3649,38,-1000.00,-1.0
114000000,858,4.194,3462,0.3462,877,282,1.378,2365,2.3649,38,-1000.00,-1.0
114000000,858,4.194,3462,0.3462,877,282,1.378,2365,2.3649,38,-1000.00,-1.0
114000000,858,4.194,3462,0.3462,877,282,1.378,2365,2.3649,38,-1000.00,-1.0
114000000,858,4.194,3462,0.3462,877,282,1.378,2365,2.3649,38,-1000.00,-1.0
114000000,858,4.194,3462,0.3462,877,282,1.378,2365,2.3649,38,-1000.00,-1.0
114000000,858,4.194,3462,0.3462,877,282,1.378,2365,2.3649,38,-1000.00,-1.0
114000000,858,4.194,3462,0.3462,877,282,1.378,2365,2.3649,38,-1000.00,-1.0
114000000,858,4.194,3462,0.3462,877,282,1.378,2365,2.3649,38,-1000.00,-1.0
114000000,858,4.194,3462,0.3462,877,282,1.378,2365,2.3649,38,-1000.00,-1.0
114000000,858,4.194,3462,0.3462,877,282,1.378,2365,2.3649,38,-1000.00,-1.0
114000000,858,4.194,3462,0.3462,877,282,1.378,2365,2.3649,38,-1000.00,-1.0
114000000,858,4.194,3462,0.3462,877,282,1.378,2365,2.3649,38,-1000.00,-1.0
114000000,858,4.194,3462,0.3462,877,282,1.378,2365,2.3649,38,-1000.00,-1.0
114000000,858,4.194,3462,0.3462,861,282,1.378,2365,2.3649,37,-1000.00,-1.0
114000000,858,4.194,3462,0.3462,861,282,1.378,2365,2.3649,37,-1000.00,-1.0
114000000,858,4.194,3462,0.3462,861,282,1.378,2365,2.3649,37,-1000.00,-1.0
114000000,858,4.194,3462,0.3462,861,282,1.378,2365,2.3649,37,-1000.00,-1.0
114000000,858,4.194,3462,0.3462,861,282,1.378,2365,2.3649,37,-1000.00,-1.0
114000000,858,4.194,3462,0.3462,861,282,1.378,2365,2.3649,37,-1000.00,-1.0
114000000,858,4.194,3462,0.3462,861,282,1.378,2365,2.3649,37,-1000.00,-1.0
114000000,858,4.194,3462,0.3462,845,282,1.378,2365,2.3649,37,-1000.00,-1.0
114000000,858,4.194,3462,0.3462,861,282,1.378,2365,2.3649,37,-1000.00,-1.0
114000000,858,4.194,3462,0.3462,845,282,1.378,2365,2.3649,37,-1000.00,-1.0
114000000,858,4.194,3462,0.3462,845,282,1.378,2365,2.3649,37,-1000.00,-1.0
114000000,858,4.194,3462,0.3462,845,282,1.378,2365,2.3649,37,-1000.00,-1.0
114000000,858,4.194,3462,0.3462,845,282,1.378,2365,2.3649,37,-1000.00,-1.0
114000000,858,4.194,3462,0.3462,845,282,1.378,2365,2.3649,37,-1000.00,-1.0
114000000,858,4.194,3462,0.3462,845,282,1.378,2365,2.3649,36,-1000.00,-1.0
114000000,858,4.194,3462,0.3462,845,282,1.378,2365,2.3649,36,-1000.00,-1.0
114000000,858,4.194,3462,0.3462,845,282,1.378,2365,2.3649,36,-1000.00,-1.0
114000000,858,4.194,3462,0.3462,845,282,1.378,2365,2.3649,36,-1000.00,-1.0
114000000,858,4.194,3462,0.3462,829,282,1.378,2365,2.3649,36,-1000.00,-1.0
114000000,858,4.194,3462,0.3462,829,282,1.378,2365,2.3649,36,-1000.00,-1.0
114000000,858,4.194,3462,0.3462,829,282,1.378,2365,2.3649,36,-1000.00,-1.0
114000000,858,4.194,3462,0.3462,829,282,1.378,2365,2.3649,36,-1000.00,-1.0
114000000,858,4.194,3462,0.3462,829,282,1.378,2365,2.3649,36,-1000.00,-1.0
114000000,858,4.194,3462,0.3462,829,282,1.378,2365,2.3649,36,-1000.00,-1.0
114000000,858,4.194,3462,0.3462,829,282,1.378,2365,2.3649,35,-1000.00,-1.0
114000000,858,4.194,3462,0.3462,829,282,1.378,2365,2.3649,35,-1000.00,-1.0
114000000,858,4.194,3462,0.3462,829,282,1.378,2365,2.3649,35,-1000.00,-1.0
114000000,858,4.194,3462,0.3462,829,282,1.378,2365,2.3649,35,-1000.00,-1.0
114000000,858,4.194,3462,0.3462,829,282,1.378,2365,2.3649,35,-1000.00,-1.0
114000000,858,4.194,3462,0.3462,829,282,1.378,2365,2.3649,35,-1000.00,-1.0
114000000,858,4.194,3462,0.3462,829,282,1.378,2365,2.3649,35,-1000.00,-1.0
114000000,858,4.194,3462,0.3462,829,282,1.378,2365,2.3649,35,-1000.00,-1.0
114000000,858,4.194,3462,0.3462,829,282,1.378,2365,2.3649,35,-1000.00,-1.0
114000000,858,4.194,3462,0.3462,829,282,1.378,2365,2.3649,35,-1000.00,-1.0
114000000,858,4.194,3462,0.3462,829,282,1.378,2365,2.3649,35,-1000.00,-1.0
114000000,858,4.194,3462,0.3462,829,282,1.378,2365,2.3649,35,-1000.00,-1.0
114000000,858,4.194,3462,0.3462,829,282,1.378,2365,2.3649,35,-1000.00,-1.0
114000000,858,4.194,3462,0.3462,829,282,1.378,2365,2.3649,35,-1000.00,-1.0
114000000,858,4.194,3462,0.3462,814,282,1.378,2365,2.3649,35,-1000.00,-1.0
114000000,858,4.194,3462,0.3462,814,282,1.378,2365,2.3649,35,-1000.00,-1.0
114000000,858,4.194,3462,0.3462,814,282,1.378,2365,2.3649,35,-1000.00,-1.0
114000000,858,4.194,3462,0.3462,814,282,1.378,2365,2.3649,35,-1000.00,-1.0
114000000,858,4.194,3462,0.3462,814,282,1.378,2365,2.3649,35,-1000.00,-1.0
114000000,858,4.194,3462,0.3462,814,282,1.378,2365,2.3649,35,-1000.00,-1.0
114000000,858,4.194,3462,0.3462,814,282,1.378,2365,2.3649,35,-1000.00,-1.0
114000000,858,4.194,3462,0.3462,814,282,1.378,2365,2.3649,35,-1000.00,-1.0
114000000,858,4.194,3462,0.3462,814,282,1.378,2365,2.3649,35,-1000.00,-1.0
114000000,858,4.194,3462,0.3462,799,282,1.378,2365,2.3649,35,-1000.00,-1.0
114000000,858,4.194,3462,0.3462,799,282,1.378,2365,2.3649,35,-1000.00,-1.0
114000000,858,4.194,3462,0.3462,799,282,1.378,2365,2.3649,35,-1000.00,-1.0
114000000,858,4.194,3462,0.3462,799,282,1.378,2365,2.3649,35,-1000.00,-1.0
114000000,858,4.194,3462,0.3462,799,282,1.378,2365,2.3649,35,-1000.00,-1.0
114000000,858,4.194,3462,0.3462,799,282,1.378,2365,2.3649,35,-1000.00,-1.0
114000000,858,4.194,3462,0.3462,799,282,1.378,2365,2.3649,35,-1000.00,-1.0
114000000,858,4.194,3462,0.3462,799,282,1.378,2365,2.3649,35,-1000.00,-1.0
114000000,858,4.194,3462,0.3462,799,282,1.378,2365,2.3649,34,-1000.00,-1.0
114000000,858,4.194,3462,0.3462,799,282,1.378,2365,2.3649,34,-1000.00,-1.0
114000000,858,4.194,3462,0.3462,799,282,1.378,2365,2.3649,34,-1000.00,-1.0
114000000,858,4.194,3462,0.3462,799,282,1.378,2365,2.3649,34,-1000.00,-1.0
114000000,858,4.194,3462,0.3462,785,282,1.378,2365,2.3649,34,-1000.00,-1.0
114000000,858,4.194,3462,0.3462,785,282,1.378,2365,2.3649,34,-1000.00,-1.0
114000000,858,4.194,3462,0.3462,785,282,1.378,2365,2.3649,34,-1000.00,-1.0
114000000,858,4.194,3462,0.3462,785,282,1.378,2365,2.3649,34,-1000.00,-1.0
114000000,858,4.194,3462,0.3462,785,282,1.378,2365,2.3649,34,-1000.00,-1.0
114000000,858,4.194,3462,0.3462,785,282,1.378,2365,2.3649,34,-1000.00,-1.0
114000000,858,4.194,3462,0.3462,785,282,1.378,2365,2.3649,34,-1000.00,-1.0
114000000,858,4.194,3462,0.3462,785,282,1.378,2365,2.3649,34,-1000.00,-1.0
114000000,858,4.194,3462,0.3462,785,282,1.378,2365,2.3649,34,-1000.00,-1.0
114000000,858,4.194,3462,0.3462,785,282,1.378,2365,2.3649,34,-1000.00,-1.0
114000000,858,4.194,3462,0.3462,785,282,1.378,2365,2.3649,34,-1000.00,-1.0
114000000,858,4.194,3462,0.3462,785,282,1.378,2365,2.3649,34,-1000.00,-1.0
114000000,858,4.194,3462,0.3462,785,282,1.378,2365,2.3649,34,-1000.00,-1.0
114000000,858,4.194,3462,0.3462,771,282,1.378,2365,2.3649,34,-1000.00,-1.0
114000000,858,4.194,3462,0.3462,771,282,1.378,2365,2.3649,34,-1000.00,-1.0
114000000,858,4.194,3462,0.3462,771,282,1.378,2365,2.3649,34,-1000.00,-1.0
114000000,858,4.194,3462,0.3462,771,282,1.378,2365,2.3649,34,-1000.00,-1.0
114000000,858,4.194,3462,0.3462,771,282,1.378,2365,2.3649,34,-1000.00,-1.0
114000000,858,4.194,3462,0.3462,771,282,1.378,2365,2.3649,34,-1000.00,-1.0
114000000,858,4.194,3462,0.3462,771,282,1.378,2365,2.3649,34,-1000.00,-1.0
114000000,858,4.194,3462,0.3462,771,282,1.378,2365,2.3649,34,-1000.00,-1.0
114000000,858,4.194,3462,0.3462,771,282,1.378,2365,2.3649,34,-1000.00,-1.0
114000000,858,4.194,3462,0.3462,771,282,1.378,2365,2.3649,34,-1000.00,-1.0
114000000,858,4.194,3462,0.3462,771,282,1.378,2365,2.3649,34,-1000.00,-1.0
114000000,858,4.194,3462,0.3462,771,282,1.378,2365,2.3649,33,-1000.00,-1.0
114000000,858,4.194,3462,0.3462,757,282,1.378,2365,2.3649,33,-1000.00,-1.0
114000000,858,4.194,3462,0.3462,757,282,1.378,2365,2.3649,33,-1000.00,-1.0
114000000,858,4.194,3462,0.3462,757,282,1.378,2365,2.3649,33,-1000.00,-1.0
114000000,858,4.194,3462,0.3462,757,282,1.378,2365,2.3649,33,-1000.00,-1.0
114000000,858,4.194,3462,0.3462,757,282,1.378,2365,2.3649,33,-1000.00,-1.0
114000000,858,4.194,3462,0.3462,757,282,1.378,2365,2.3649,33,-1000.00,-1.0
114000000,858,4.194,3462,0.3462,757,282,1.378,2365,2.3649,33,-1000.00,-1.0
114000000,858,4.194,3462,0.3462,757,282,1.378,2365,2.3649,33,-1000.00,-1.0
114000000,858,4.194,3462,0.3462,757,282,1.378,2365,2.3649,33,-1000.00,-1.0
114000000,858,4.194,3462,0.3462,757,282,1.378,2365,2.3649,33,-1000.00,-1.0
114000000,858,4.194,3462,0.3462,757,282,1.378,2365,2.3649,33,-1000.00,-1.0
114000000,858,4.194,3462,0.3462,757,282,1.378,2365,2.3649,33,-1000.00,-1.0
114000000,858,4.194,3462,0.3462,757,282,1.378,2365,2.3649,33,-1000.00,-1.0
114000000,858,4.194,3462,0.3462,757,282,1.378,2365,2.3649,33,-1000.00,-1.0
114000000,858,4.194,3462,0.3462,757,282,1.378,2365,2.3649,33,-1000.00,-1.0
114000000,858,4.194,3462,0.3462,743,282,1.378,2365,2.3649,33,-1000.00,-1.0
114000000,858,4.194,3462,0.3462,743,282,1.378,2365,2.3649,33,-1000.00,-1.0
114000000,858,4.194,3462,0.3462,743,282,1.378,2365,2.3649,33,-1000.00,-1.0
114000000,858,4.194,3462,0.3462,743,282,1.378,2365,2.3649,33,-1000.00,-1.0
114000000,858,4.194,3462,0.3462,743,282,1.378,2365,2.3649,33,-1000.00,-1.0
114000000,858,4.194,3462,0.3462,743,282,1.378,2365,2.3649,33,-1000.00,-1.0
114000000,858,4.194,3462,0.3462,743,282,1.378,2365,2.3649,33,-1000.00,-1.0
114000000,858,4.194,3462,0.3462,743,282,1.378,2365,2.3649,33,-1000.00,-1.0
114000000,858,4.194,3462,0.3462,743,282,1.378,2365,2.3649,33,-1000.00,-1.0
114000000,858,4.194,3462,0.3462,743,282,1.378,2365,2.3649,33,-1000.00,-1.0
114000000,858,4.194,3462,0.3462,743,282,1.378,2365,2.3649,33,-1000.00,-1.0
114000000,858,4.194,3462,0.3462,743,282,1.378,2365,2.3649,32,-1000.00,-1.0
114000000,858,4.194,3462,0.3462,730,282,1.378,2365,2.3649,32,-1000.00,-1.0
114000000,858,4.194,3462,0.3462,730,282,1.378,2365,2.3649,32,-1000.00,-1.0
114000000,858,4.194,3462,0.3462,730,282,1.378,2365,2.3649,32,-1000.00,-1.0
114000000,858,4.194,3462,0.3462,730,282,1.378,2365,2.3649,32,-1000.00,-1.0
114000000,858,4.194,3462,0.3462,730,282,1.378,2365,2.3649,32,-1000.00,-1.0
114000000,858,4.194,3462,0.3462,730,282,1.378,2365,2.3649,32,-1000.00,-1.0
114000000,858,4.194,3462,0.3462,730,282,1.378,2365,2.3649,32,-1000.00,-1.0
114000000,858,4.194,3462,0.3462,730,282,1.378,2365,2.3649,32,-1000.00,-1.0
114000000,858,4.194,3462,0.3462,730,282,1.378,2365,2.3649,32,-1000.00,-1.0
114000000,858,4.194,3462,0.3462,730,282,1.378,2365,2.3649,32,-1000.00,-1.0
114000000,858,4.194,3462,0.3462,730,282,1.378,2365,2.3649,32,-1000.00,-1.0
114000000,858,4.194,3462,0.3462,730,282,1.378,2365,2.3649,32,-1000.00,-1.0
114000000,858,4.194,3462,0.3462,717,282,1.378,2365,2.3649,32,-1000.00,-1.0
114000000,858,4.194,3462,0.3462,717,282,1.378,2365,2.3649,32,-1000.00,-1.0
114000000,858,4.194,3462,0.3462,717,282,1.378,2365,2.3649,32,-1000.00,-1.0
114000000,858,4.194,3462,0.3462,717,282,1.378,2365,2.3649,32,-1000.00,-1.0
114000000,858,4.194,3462,0.3462,717,282,1.378,2365,2.3649,32,-1000.00,-1.0
114000000,858,4.194,3462,0.3462,717,282,1.378,2365,2.3649,32,-1000.00,-1.0
114000000,858,4.194,3462,0.3462,717,282,1.378,2365,2.3649,32,-1000.00,-1.0
114000000,858,4.194,3462,0.3462,717,282,1.378,2365,2.3649,32,-1000.00,-1.0
114000000,858,4.194,3462,0.3462,717,282,1.378,2365,2.3649,32,-1000.00,-1.0
114000000,858,4.194,3462,0.3462,717,282,1.378,2365,2.3649,32,-1000.00,-1.0
114000000,858,4.194,3462,0.3462,717,282,1.378,2365,2.3649,32,-1000.00,-1.0
114000000,858,4.194,3462,0.3462,717,282,1.378,2365,2.3649,32,-1000.00,-1.0
114000000,858,4.194,3462,0.3462,717,282,1.378,2365,2.3649,32,-1000.00,-1.0
114000000,858,4.194,3462,0.3462,705,282,1.378,2365,2.3649,32,-1000.00,-1.0
114000000,858,4.194,3462,0.3462,705,282,1.378,2365,2.3649,32,-1000.00,-1.0
114000000,858,4.194,3462,0.3462,705,282,1.378,2365,2.3649,32,-1000.00,-1.0
114000000,858,4.194,3462,0.3462,705,282,1.378,2365,2.3649,32,-1000.00,-1.0
114000000,858,4.194,3462,0.3462,705,282,1.378,2365,2.3649,32,-1000.00,-1.0
114000000,858,4.194,3462,0.3462,705,282,1.378,2365,2.3649,32,-1000.00,-1.0
114000000,858,4.194,3462,0.3462,705,282,1.378,2365,2.3649,32,-1000.00,-1.0
114000000,858,4.194,3462,0.3462,705,282,1.378,2365,2.3649,32,-1000.00,-1.0
114000000,858,4.194,3462,0.3462,705,282,1.378,2365,2.3649,32,-1000.00,-1.0
114000000,858,4.194,3462,0.3462,705,282,1.378,2365,2.3649,31,-1000.00,-1.0
114000000,858,4.194,3462,0.3462,705,282,1.378,2365,2.3649,31,-1000.00,-1.0
114000000,858,4.194,3462,0.3462,705,282,1.378,2365,2.3649,31,-1000.00,-1.0
114000000,858,4.194,3462,0.3462,705,282,1.378,2365,2.3649,31,-1000.00,-1.0
114000000,858,4.194,3462,0.3462,705,282,1.378,2365,2.3649,31,-1000.00,-1.0
114000000,858,4.194,3462,0.3462,705,282,1.378,2365,2.3649,31,-1000.00,-1.0
114000000,858,4.194,3462,0.3462,705,282,1.378,2365,2.3649,31,-1000.00,-1.0
114000000,858,4.194,3462,0.3462,692,282,1.378,2365,2.3649,31,-1000.00,-1.0
114000000,858,4.194,3462,0.3462,692,282,1.378,2365,2.3649,31,-1000.00,-1.0
114000000,858,4.194,3462,0.3462,692,282,1.378,2365,2.3649,31,-1000.00,-1.0
114000000,858,4.194,3462,0.3462,692,282,1.378,2365,2.3649,31,-1000.00,-1.0
114000000,858,4.194,3462,0.3462,692,282,1.378,2365,2.3649,31,-1000.00,-1.0
114000000,858,4.194,3462,0.3462,692,282,1.378,2365,2.3649,31,-1000.00,-1.0
114000000,858,4.194,3462,0.3462,692,282,1.378,2365,2.3649,31,-1000.00,-1.0
114000000,858,4.194,3462,0.3462,692,282,1.378,2365,2.3649,31,-1000.00,-1.0
114000000,858,4.194,3462,0.3462,692,282,1.378,2365,2.3649,31,-1000.00,-1.0
114000000,858,4.194,3462,0.3462,692,282,1.378,2365,2.3649,30,-1000.00,-1.0
114000000,858,4.194,3462,0.3462,692,282,1.378,2365,2.3649,30,-1000.00,-1.0
114000000,858,4.194,3462,0.3462,692,282,1.378,2365,2.3649,30,-1000.00,-1.0
114000000,858,4.194,3462,0.3462,680,282,1.378,2365,2.3649,30,-1000.00,-1.0
114000000,858,4.194,3462,0.3462,692,282,1.378,2365,2.3649,30,-1000.00,-1.0
114000000,858,4.194,3462,0.3462,680,282,1.378,2365,2.3649,30,-1000.00,-1.0
114000000,858,4.194,3462,0.3462,680,282,1.378,2365,2.3649,30,-1000.00,-1.0
114000000,858,4.194,3462,0.3462,680,282,1.378,2365,2.3649,30,-1000.00,-1.0
114000000,858,4.194,3462,0.3462,680,282,1.378,2365,2.3649,30,-1000.00,-1.0
114000000,858,4.194,3462,0.3462,680,282,1.378,2365,2.3649,30,-1000.00,-1.0
114000000,858,4.194,3462,0.3462,680,282,1.378,2365,2.3649,30,-1000.00,-1.0
114000000,858,4.194,3462,0.3462,680,282,1.378,2365,2.3649,30,-1000.00,-1.0
114000000,858,4.194,3462,0.3462,680,282,1.378,2365,2.3649,30,-1000.00,-1.0
114000000,858,4.194,3462,0.3462,680,282,1.378,2365,2.3649,30,-1000.00,-1.0
114000000,858,4.194,3462,0.3462,680,282,1.378,2365,2.3649,30,-1000.00,-1.0
114000000,858,4.194,3462,0.3462,680,282,1.378,2365,2.3649,30,-1000.00,-1.0
114000000,858,4.194,3462,0.3462,668,282,1.378,2365,2.3649,30,-1000.00,-1.0
114000000,858,4.194,3462,0.3462,668,282,1.378,2365,2.3649,30,-1000.00,-1.0
114000000,858,4.194,3462,0.3462,668,282,1.378,2365,2.3649,30,-1000.00,-1.0
114000000,858,4.194,3462,0.3462,668,282,1.378,2365,2.3649,30,-1000.00,-1.0
114000000,858,4.194,3462,0.3462,668,282,1.378,2365,2.3649,30,-1000.00,-1.0
114000000,858,4.194,3462,0.3462,668,282,1.378,2365,2.3649,30,-1000.00,-1.0
114000000,858,4.194,3462,0.3462,668,282,1.378,2365,2.3649,30,-1000.00,-1.0
114000000,858,4.194,3462,0.3462,668,282,1.378,2365,2.3649,30,-1000.00,-1.0
114000000,858,4.194,3462,0.3462,668,282,1.378,2365,2.3649,30,-1000.00,-1.0
114000000,858,4.194,3462,0.3462,657,282,1.378,2365,2.3649,30,-1000.00,-1.0
114000000,858,4.194,3462,0.3462,668,282,1.378,2365,2.3649,30,-1000.00,-1.0
114000000,858,4.194,3462,0.3462,657,282,1.378,2365,2.3649,30,-1000.00,-1.0
114000000,858,4.194,3462,0.3462,657,282,1.378,2365,2.3649,30,-1000.00,-1.0
114000000,858,4.194,3462,0.3462,657,282,1.378,2365,2.3649,30,-1000.00,-1.0
114000000,858,4.194,3462,0.3462,657,282,1.378,2365,2.3649,30,-1000.00,-1.0
114000000,858,4.194,3462,0.3462,657,282,1.378,2365,2.3649,30,-1000.00,-1.0
114000000,858,4.194,3462,0.3462,657,282,1.378,2365,2.3649,30,-1000.00,-1.0
114000000,858,4.194,3462,0.3462,657,282,1.378,2365,2.3649,30,-1000.00,-1.0
114000000,858,4.194,3462,0.3462,657,282,1.378,2365,2.3649,30,-1000.00,-1.0
114000000,858,4.194,3462,0.3462,646,282,1.378,2365,2.3649,30,-1000.00,-1.0
114000000,858,4.194,3462,0.3462,646,282,1.378,2365,2.3649,30,-1000.00,-1.0
114000000,858,4.194,3462,0.3462,646,282,1.378,2365,2.3649,30,-1000.00,-1.0
114000000,858,4.194,3462,0.3462,646,282,1.378,2365,2.3649,30,-1000.00,-1.0
114000000,858,4.194,3462,0.3462,646,282,1.378,2365,2.3649,30,-1000.00,-1.0
114000000,858,4.194,3462,0.3462,646,282,1.378,2365,2.3649,30,-1000.00,-1.0
114000000,858,4.194,3462,0.3462,646,282,1.378,2365,2.3649,30,-1000.00,-1.0
114000000,858,4.194,3462,0.3462,646,282,1.378,2365,2.3649,30,-1000.00,-1.0
114000000,858,4.194,3462,0.3462,646,282,1.378,2365,2.3649,30,-1000.00,-1.0
114000000,858,4.194,3462,0.3462,646,282,1.378,2365,2.3649,30,-1000.00,-1.0
114000000,858,4.194,3462,0.3462,635,282,1.378,2365,2.3649,30,-1000.00,-1.0
114000000,858,4.194,3462,0.3462,635,282,1.378,2365,2.3649,30,-1000.00,-1.0
114000000,858,4.194,3462,0.3462,635,282,1.378,2365,2.3649,30,-1000.00,-1.0
114000000,858,4.194,3462,0.3462,635,282,1.378,2365,2.3649,30,-1000.00,-1.0
114000000,858,4.194,3462,0.3462,635,282,1.378,2365,2.3649,30,-1000.00,-1.0
114000000,858,4.194,3462,0.3462,635,282,1.378,2365,2.3649,30,-1000.00,-1.0
114000000,858,4.194,3462,0.3462,635,282,1.378,2365,2.3649,30,-1000.00,-1.0
114000000,858,4.194,3462,0.3462,635,282,1.378,2365,2.3649,30,-1000.00,-1.0
114000000,858,4.194,3462,0.3462,624,282,1.378,2365,2.3649,30,-1000.00,-1.0
114000000,858,4.194,3462,0.3462,624,282,1.378,2365,2.3649,30,-1000.00,-1.0
114000000,858,4.194,3462,0.3462,624,282,1.378,2365,2.3649,29,-1000.00,-1.0
114000000,858,4.194,3462,0.3462,624,282,1.378,2365,2.3649,29,-1000.00,-1.0
114000000,858,4.194,3462,0.3462,624,282,1.378,2365,2.3649,29,-1000.00,-1.0
114000000,858,4.194,3462,0.3462,624,282,1.378,2365,2.3649,29,-1000.00,-1.0
114000000,858,4.194,3462,0.3462,624,282,1.378,2365,2.3649,29,-1000.00,-1.0
114000000,858,4.194,3462,0.3462,624,282,1.378,2365,2.3649,29,-1000.00,-1.0
114000000,858,4.194,3462,0.3462,613,282,1.378,2365,2.3649,29,-1000.00,-1.0
114000000,858,4.194,3462,0.3462,613,282,1.378,2365,2.3649,29,-1000.00,-1.0
114000000,858,4.194,3462,0.3462,613,282,1.378,2365,2.3649,29,-1000.00,-1.0
114000000,858,4.194,3462,0.3462,613,282,1.378,2365,2.3649,29,-1000.00,-1.0
114000000,858,4.194,3462,0.3462,613,282,1.378,2365,2.3649,29,-1000.00,-1.0
114000000,858,4.194,3462,0.3462,613,282,1.378,2365,2.3649,29,-1000.00,-1.0
114000000,858,4.194,3462,0.3462,603,282,1.378,2365,2.3649,29,-1000.00,-1.0
114000000,858,4.194,3462,0.3462,603,282,1.378,2365,2.3649,29,-1000.00,-1.0
114000000,858,4.194,3462,0.3462,603,282,1.378,2365,2.3649,29,-1000.00,-1.0
114000000,858,4.194,3462,0.3462,603,282,1.378,2365,2.3649,29,-1000.00,-1.0
114000000,858,4.194,3462,0.3462,603,282,1.378,2365,2.3649,29,-1000.00,-1.0
114000000,858,4.194,3462,0.3462,593,282,1.378,2365,2.3649,29,-1000.00,-1.0
114000000,858,4.194,3462,0.3462,593,282,1.378,2365,2.3649,29,-1000.00,-1.0
114000000,858,4.194,3462,0.3462,593,282,1.378,2365,2.3649,29,-1000.00,-1.0
114000000,858,4.194,3462,0.3462,593,282,1.378,2365,2.3649,29,-1000.00,-1.0
114000000,858,4.194,3462,0.3462,593,282,1.378,2365,2.3649,29,-1000.00,-1.0
114000000,858,4.194,3462,0.3462,593,282,1.378,2365,2.3649,29,-1000.00,-1.0
114000000,858,4.194,3462,0.3462,583,282,1.378,2365,2.3649,29,-1000.00,-1.0
114000000,858,4.194,3462,0.3462,583,282,1.378,2365,2.3649,29,-1000.00,-1.0
114000000,858,4.194,3462,0.3462,583,282,1.378,2365,2.3649,29,-1000.00,-1.0
114000000,858,4.194,3462,0.3462,574,282,1.378,2365,2.3649,29,-1000.00,-1.0
114000000,858,4.194,3462,0.3462,574,282,1.378,2365,2.3649,29,-1000.00,-1.0
114000000,858,4.194,3462,0.3462,574,282,1.378,2365,2.3649,29,-1000.00,-1.0
114000000,858,4.194,3462,0.3462,574,282,1.378,2365,2.3649,29,-1000.00,-1.0
114000000,858,4.194,3462,0.3462,574,282,1.378,2365,2.3649,29,-1000.00,-1.0
114000000,858,4.194,3462,0.3462,574,282,1.378,2365,2.3649,29,-1000.00,-1.0
114000000,858,4.194,3462,0.3462,574,282,1.378,2365,2.3649,29,-1000.00,-1.0
114000000,858,4.194,3462,0.3462,564,282,1.378,2365,2.3649,29,-1000.00,-1.0
114000000,858,4.194,3462,0.3462,564,282,1.378,2365,2.3649,28,-1000.00,-1.0
114000000,858,4.194,3462,0.3462,564,282,1.378,2365,2.3649,29,-1000.00,-1.0
114000000,858,4.194,3462,0.3462,564,282,1.378,2365,2.3649,28,-1000.00,-1.0
114000000,858,4.194,3462,0.3462,555,282,1.378,2365,2.3649,28,-1000.00,-1.0
114000000,858,4.194,3462,0.3462,555,282,1.378,2365,2.3649,28,-1000.00,-1.0
114000000,858,4.194,3462,0.3462,555,282,1.378,2365,2.3649,28,-1000.00,-1.0
114000000,858,4.194,3462,0.3462,555,282,1.378,2365,2.3649,28,-1000.00,-1.0
114000000,858,4.194,3462,0.3462,555,282,1.378,2365,2.3649,28,-1000.00,-1.0
114000000,858,4.194,3462,0.3462,546,282,1.378,2365,2.3649,28,-1000.00,-1.0
114000000,858,4.194,3462,0.3462,546,282,1.378,2365,2.3649,28,-1000.00,-1.0
114000000,858,4.194,3462,0.3462,546,282,1.378,2365,2.3649,28,-1000.00,-1.0
114000000,858,4.194,3462,0.3462,546,282,1.378,2365,2.3649,28,-1000.00,-1.0
114000000,858,4.194,3462,0.3462,546,282,1.378,2365,2.3649,28,-1000.00,-1.0
114000000,858,4.194,3462,0.3462,537,282,1.378,2365,2.3649,28,-1000.00,-1.0
114000000,858,4.194,3462,0.3462,537,282,1.378,2365,2.3649,28,-1000.00,-1.0
114000000,858,4.194,3462,0.3462,537,282,1.378,2365,2.3649,28,-1000.00,-1.0
114000000,858,4.194,3462,0.3462,537,282,1.378,2365,2.3649,28,-1000.00,-1.0
114000000,858,4.194,3462,0.3462,537,282,1.378,2365,2.3649,28,-1000.00,-1.0
114000000,858,4.194,3462,0.3462,537,282,1.378,2365,2.3649,28,-1000.00,-1.0
114000000,858,4.194,3462,0.3462,528,282,1.378,2365,2.3649,28,-1000.00,-1.0
114000000,858,4.194,3462,0.3462,528,282,1.378,2365,2.3649,28,-1000.00,-1.0
114000000,858,4.194,3462,0.3462,528,282,1.378,2365,2.3649,28,-1000.00,-1.0
114000000,858,4.194,3462,0.3462,528,282,1.378,2365,2.3649,28,-1000.00,-1.0
114000000,858,4.194,3462,0.3462,528,282,1.378,2365,2.3649,28,-1000.00,-1.0
114000000,858,4.194,3462,0.3462,520,282,1.378,2365,2.3649,28,-1000.00,-1.0
114000000,858,4.194,3462,0.3462,520,282,1.378,2365,2.3649,28,-1000.00,-1.0
114000000,858,4.194,3462,0.3462,520,282,1.378,2365,2.3649,28,-1000.00,-1.0
114000000,858,4.194,3462,0.3462,520,282,1.378,2365,2.3649,28,-1000.00,-1.0
114000000,858,4.194,3462,0.3462,520,282,1.378,2365,2.3649,28,-1000.00,-1.0
114000000,858,4.194,3462,0.3462,512,282,1.378,2365,2.3649,28,-1000.00,-1.0
114000000,858,4.194,3462,0.3462,512,282,1.378,2365,2.3649,28,-1000.00,-1.0
114000000,858,4.194,3462,0.3462,512,282,1.378,2365,2.3649,28,-1000.00,-1.0
114000000,858,4.194,3462,0.3462,512,282,1.378,2365,2.3649,28,-1000.00,-1.0
114000000,858,4.194,3462,0.3462,512,282,1.378,2365,2.3649,28,-1000.00,-1.0
114000000,858,4.194,3462,0.3462,504,282,1.378,2365,2.3649,28,-1000.00,-1.0
114000000,858,4.194,3462,0.3462,504,282,1.378,2365,2.3649,28,-1000.00,-1.0
114000000,858,4.194,3462,0.3462,504,282,1.378,2365,2.3649,28,-1000.00,-1.0
114000000,858,4.194,3462,0.3462,504,282,1.378,2365,2.3649,28,-1000.00,-1.0
114000000,858,4.194,3462,0.3462,496,282,1.378,2365,2.3649,27,-1000.00,-1.0
114000000,858,4.194,3462,0.3462,496,282,1.378,2365,2.3649,27,-1000.00,-1.0
114000000,858,4.194,3462,0.3462,496,282,1.378,2365,2.3649,27,-1000.00,-1.0
114000000,858,4.194,3462,0.3462,496,282,1.378,2365,2.3649,27,-1000.00,-1.0
114000000,858,4.194,3462,0.3462,496,282,1.378,2365,2.3649,27,-1000.00,-1.0
114000000,858,4.194,3462,0.3462,488,282,1.378,2365,2.3649,27,-1000.00,-1.0
114000000,858,4.194,3462,0.3462,488,282,1.378,2365,2.3649,27,-1000.00,-1.0
114000000,858,4.194,3462,0.3462,488,282,1.378,2365,2.3649,27,-1000.00,-1.0
114000000,858,4.194,3462,0.3462,488,282,1.378,2365,2.3649,27,-1000.00,-1.0
114000000,858,4.194,3462,0.3462,480,282,1.378,2365,2.3649,27,-1000.00,-1.0
114000000,858,4.194,3462,0.3462,480,282,1.378,2365,2.3649,27,-1000.00,-1.0
114000000,858,4.194,3462,0.3462,480,282,1.378,2365,2.3649,27,-1000.00,-1.0
114000000,858,4.194,3462,0.3462,480,282,1.378,2365,2.3649,27,-1000.00,-1.0
114000000,858,4.194,3462,0.3462,480,282,1.378,2365,2.3649,27,-1000.00,-1.0
114000000,858,4.194,3462,0.3462,473,282,1.378,2365,2.3649,27,-1000.00,-1.0
114000000,858,4.194,3462,0.3462,473,282,1.378,2365,2.3649,27,-1000.00,-1.0
114000000,858,4.194,3462,0.3462,473,282,1.378,2365,2.3649,27,-1000.00,-1.0
114000000,858,4.194,3462,0.3462,473,282,1.378,2365,2.3649,27,-1000.00,-1.0
114000000,858,4.194,3462,0.3462,473,282,1.378,2365,2.3649,27,-1000.00,-1.0
114000000,858,4.194,3462,0.3462,465,282,1.378,2365,2.3649,27,-1000.00,-1.0
114000000,858,4.194,3462,0.3462,465,282,1.378,2365,2.3649,27,-1000.00,-1.0
114000000,858,4.194,3462,0.3462,465,282,1.378,2365,2.3649,27,-1000.00,-1.0
114000000,858,4.194,3462,0.3462,473,282,1.378,2365,2.3649,27,-1000.00,-1.0
114000000,858,4.194,3462,0.3462,465,282,1.378,2365,2.3649,27,-1000.00,-1.0
114000000,858,4.194,3462,0.3462,465,282,1.378,2365,2.3649,27,-1000.00,-1.0
114000000,858,4.194,3462,0.3462,465,282,1.378,2365,2.3649,27,-1000.00,-1.0
114000000,858,4.194,3462,0.3462,465,282,1.378,2365,2.3649,27,-1000.00,-1.0
114000000,858,4.194,3462,0.3462,458,282,1.378,2365,2.3649,27,-1000.00,-1.0
114000000,858,4.194,3462,0.3462,458,282,1.378,2365,2.3649,27,-1000.00,-1.0
114000000,858,4.194,3462,0.3462,564,282,1.378,2365,2.3649,36,-1000.00,-1.0
114000000,858,4.194,3462,0.3462,574,282,1.378,2365,2.3649,37,-1000.00,-1.0
114000000,858,4.194,3462,0.3462,603,282,1.378,2365,2.3649,38,-1000.00,-1.0
114000000,858,4.194,3462,0.3462,593,282,1.378,2365,2.3649,38,-1000.00,-1.0
114000000,858,4.194,3462,0.3462,583,282,1.378,2365,2.3649,37,-1000.00,-1.0
114000000,858,4.194,3462,0.3462,564,282,1.378,2365,2.3649,37,-1000.00,-1.0
114000000,858,4.194,3462,0.3462,564,282,1.378,2365,2.3649,38,-1000.00,-1.0
114000000,858,4.194,3462,0.3462,564,282,1.378,2365,2.3649,38,-1000.00,-1.0
114000000,858,4.194,3462,0.3462,555,282,1.378,2365,2.3649,37,-1000.00,-1.0
114000000,858,4.194,3462,0.3462,564,282,1.378,2365,2.3649,37,-1000.00,-1.0
114000000,858,4.194,3462,0.3462,555,282,1.378,2365,2.3649,37,-1000.00,-1.0