Time,Temp,Humidity,mq2_adc,mq2_v,mq2_Rs,mq2_Rs/Ro,mq2_GI,mq4_adc,mq4_v,mq4_Rs,mq4_Rs/Ro,mq4_GI

0:10:00,22.0,70,190,0.929,56424.8,0.980,0,132,0.645,6075.0,1.025,0
0:20:00,22.9,71,189,0.924,56791.4,0.982,0,128,0.626,6293.0,1.032,0
0:30:00,23.3,71,195,0.953,54648.0,0.975,0,131,0.640,6128.2,1.032,0
0:40:00,22.4,71,197,0.963,53962.5,0.968,1,132,0.645,6075.0,1.030,0
0:50:00,22.4,71,200,0.978,52960.0,0.959,2,132,0.645,6075.0,1.029,0
1:00:00,22.3,70,202,0.987,52308.3,0.949,3,132,0.645,6075.0,1.028,0
1:10:00,22.3,70,204,0.997,51669.3,0.939,4,133,0.650,6022.6,1.025,0
1:20:00,22.4,70,206,1.007,51042.7,0.929,5,133,0.650,6022.6,1.023,0
1:30:00,22.3,70,206,1.007,51042.7,0.921,6,133,0.650,6022.6,1.021,0
1:40:00,22.3,70,208,1.017,50428.1,0.912,7,132,0.645,6075.0,1.021,0
1:50:00,22.3,70,208,1.017,50428.1,0.906,8,132,0.645,6075.0,1.021,0
2:00:00,22.4,69,209,1.022,50125.3,0.899,9,132,0.645,6075.0,1.021,0
2:10:00,22.2,69,210,1.026,49825.3,0.893,9,132,0.645,6075.0,1.021,0
2:20:00,22.1,69,211,1.031,49528.2,0.887,10,132,0.645,6075.0,1.021,0
2:30:00,22.6,69,214,1.046,48653.4,0.879,11,136,0.665,5869.9,1.014,0
2:40:00,22.4,71,221,1.080,46704.7,0.866,12,146,0.714,5406.2,0.993,0
0:10:00,23.8,73,279,1.364,34320.0,1.013,0,231,1.129,3085.7,1.036,0
0:20:00,23.3,75,263,1.285,37190.9,1.030,0,210,1.026,3484.3,1.063,0
0:30:00,23.5,74,262,1.281,37381.9,1.045,0,207,1.012,3547.8,1.088,0
0:40:00,23.5,75,260,1.271,37768.5,1.058,0,205,1.002,3591.2,1.111,0
0:50:00,23.4,75,258,1.261,38161.0,1.071,0,204,0.997,3613.2,1.130,0
1:00:00,23.2,75,256,1.251,38559.7,1.084,0,200,0.978,3703.5,1.150,0
1:10:00,23.2,76,254,1.241,38964.7,1.096,0,199,0.973,3726.6,1.168,0
1:20:00,23.2,76,254,1.241,38964.7,1.105,0,198,0.968,3750.0,1.183,0
1:30:00,23.1,76,255,1.246,38761.4,1.111,0,198,0.968,3750.0,1.194,0
1:40:00,23.0,76,254,1.241,38964.7,1.116,0,196,0.958,3797.4,1.206,0
1:50:00,25.0,71,252,1.232,39376.1,1.123,0,193,0.943,3870.5,1.220,0
2:00:00,25.6,70,252,1.232,39376.1,1.128,0,193,0.943,3870.5,1.230,0
2:10:00,25.9,69,253,1.237,39169.6,1.130,0,193,0.943,3870.5,1.237,0
2:20:00,26.1,70,254,1.241,38964.7,1.131,0,194,0.948,3845.9,1.241,0
2:30:00,26.2,70,254,1.241,38964.7,1.131,0,195,0.953,3821.5,1.241,0
2:40:00,26.3,70,256,1.251,38559.7,1.128,0,195,0.953,3821.5,1.241,0
2:50:00,26.4,70,256,1.251,38559.7,1.126,0,196,0.958,3797.4,1.239,0
3:00:00,26.4,71,257,1.256,38359.6,1.122,0,197,0.963,3773.6,1.235,0
3:10:00,26.5,71,258,1.261,38161.0,1.118,0,198,0.968,3750.0,1.230,0
3:20:00,26.5,72,259,1.266,37964.0,1.114,0,198,0.968,3750.0,1.226,0
3:30:00,26.5,72,260,1.271,37768.5,1.109,0,198,0.968,3750.0,1.221,0
3:40:00,26.5,72,260,1.271,37768.5,1.105,0,199,0.973,3726.6,1.216,0
3:50:00,26.5,72,261,1.276,37574.5,1.100,0,199,0.973,3726.6,1.211,0
4:00:00,26.5,72,262,1.281,37381.9,1.095,0,199,0.973,3726.6,1.207,0
4:10:00,26.6,73,262,1.281,37381.9,1.091,0,199,0.973,3726.6,1.203,0
4:20:00,26.6,73,263,1.285,37190.9,1.086,0,199,0.973,3726.6,1.200,0
4:30:00,26.6,73,263,1.285,37190.9,1.082,0,199,0.973,3726.6,1.196,0
4:40:00,26.6,73,264,1.290,37001.3,1.078,0,199,0.973,3726.6,1.193,0
4:50:00,26.6,73,265,1.295,36813.1,1.073,0,200,0.978,3703.5,1.189,0
5:00:00,26.7,73,265,1.295,36813.1,1.070,0,200,0.978,3703.5,1.185,0
5:10:00,26.7,73,266,1.300,36626.3,1.065,0,200,0.978,3703.5,1.182,0
5:20:00,26.6,73,266,1.300,36626.3,1.062,0,200,0.978,3703.5,1.178,0
5:30:00,26.7,73,267,1.305,36440.9,1.058,0,201,0.982,3680.6,1.174,0
5:40:00,26.7,73,268,1.310,36256.9,1.054,0,201,0.982,3680.6,1.170,0
5:50:00,26.7,74,269,1.315,36074.3,1.049,0,201,0.982,3680.6,1.167,0
6:00:00,26.7,74,269,1.315,36074.3,1.045,0,201,0.982,3680.6,1.164,0
6:10:00,26.7,74,270,1.320,35893.0,1.041,0,201,0.982,3680.6,1.161,0
6:20:00,26.7,73,270,1.320,35893.0,1.038,0,202,0.987,3657.9,1.157,0
6:30:00,26.7,74,271,1.325,35713.1,1.034,0,201,0.982,3680.6,1.155,0
6:40:00,26.8,74,271,1.325,35713.1,1.031,0,201,0.982,3680.6,1.153,0
6:50:00,26.8,74,271,1.325,35713.1,1.029,0,201,0.982,3680.6,1.151,0
7:00:00,26.8,74,270,1.320,35893.0,1.028,0,200,0.978,3703.5,1.150,0
7:10:00,26.8,74,270,1.320,35893.0,1.027,0,200,0.978,3703.5,1.150,0
7:20:00,26.8,74,270,1.320,35893.0,1.026,0,200,0.978,3703.5,1.149,0
7:30:00,26.9,74,270,1.320,35893.0,1.026,0,200,0.978,3703.5,1.148,0
7:40:00,27.0,74,270,1.320,35893.0,1.025,0,199,0.973,3726.6,1.148,0
7:50:00,27.1,74,270,1.320,35893.0,1.025,0,199,0.973,3726.6,1.148,0
8:00:00,27.0,74,270,1.320,35893.0,1.024,0,199,0.973,3726.6,1.147,0
8:10:00,27.0,74,270,1.320,35893.0,1.024,0,199,0.973,3726.6,1.147,0
8:20:00,27.0,74,270,1.320,35893.0,1.023,0,198,0.968,3750.0,1.147,0
8:30:00,27.1,74,270,1.320,35893.0,1.023,0,198,0.968,3750.0,1.147,0
8:40:00,27.2,74,270,1.320,35893.0,1.023,0,198,0.968,3750.0,1.147,0
8:50:00,27.1,74,271,1.325,35713.1,1.021,0,198,0.968,3750.0,1.146,0
9:00:00,27.1,74,270,1.320,35893.0,1.021,0,196,0.958,3797.4,1.149,0
9:10:00,27.1,74,270,1.320,35893.0,1.021,0,196,0.958,3797.4,1.150,0
9:20:00,27.1,74,268,1.310,36256.9,1.023,0,194,0.948,3845.9,1.154,0
9:30:00,27.2,74,267,1.305,36440.9,1.026,0,193,0.943,3870.5,1.158,0
9:40:00,27.4,73,268,1.310,36256.9,1.027,0,193,0.943,3870.5,1.160,0
9:50:00,27.5,73,268,1.310,36256.9,1.027,0,192,0.938,3895.3,1.164,0
10:00:00,27.5,73,267,1.305,36440.9,1.029,0,192,0.938,3895.3,1.166,0
10:10:00,27.5,73,267,1.305,36440.9,1.030,0,191,0.934,3920.4,1.169,0
10:20:00,27.5,73,267,1.305,36440.9,1.031,0,191,0.934,3920.4,1.171,0
10:30:00,27.6,72,265,1.295,36813.1,1.034,0,188,0.919,3997.3,1.176,0
10:40:00,27.5,72,264,1.290,37001.3,1.037,0,188,0.919,3997.3,1.181,0
10:50:00,27.5,72,264,1.290,37001.3,1.039,0,187,0.914,4023.5,1.185,0
11:00:00,27.6,72,264,1.290,37001.3,1.041,0,186,0.909,4050.0,1.190,0
11:10:00,27.5,72,264,1.290,37001.3,1.042,0,187,0.914,4023.5,1.191,0
11:20:00,27.6,72,263,1.285,37190.9,1.044,0,186,0.909,4050.0,1.194,0
11:30:00,27.5,72,261,1.276,37574.5,1.048,0,183,0.894,4131.1,1.200,0
11:40:00,27.5,71,261,1.276,37574.5,1.051,0,184,0.899,4103.8,1.203,0
11:50:00,27.5,71,262,1.281,37381.9,1.052,0,184,0.899,4103.8,1.204,0
12:00:00,27.5,72,260,1.271,37768.5,1.055,0,182,0.890,4158.8,1.208,0
12:10:00,27.5,71,260,1.271,37768.5,1.057,0,182,0.890,4158.8,1.211,0
12:20:00,27.6,71,259,1.266,37964.0,1.060,0,181,0.885,4186.7,1.214,0
12:30:00,27.6,71,259,1.266,37964.0,1.062,0,182,0.890,4158.8,1.215,0
12:40:00,27.6,71,258,1.261,38161.0,1.064,0,183,0.894,4131.1,1.213,0
12:50:00,27.7,71,262,1.281,37381.9,1.062,0,187,0.914,4023.5,1.205,0
13:00:00,27.6,72,264,1.290,37001.3,1.058,0,191,0.934,3920.4,1.192,0
13:10:00,27.7,71,266,1.300,36626.3,1.052,0,195,0.953,3821.5,1.176,0
13:20:00,27.7,72,268,1.310,36256.9,1.045,0,198,0.968,3750.0,1.158,0
13:30:00,27.8,72,271,1.325,35713.1,1.037,0,202,0.987,3657.9,1.138,0
13:40:00,27.6,72,275,1.344,35006.4,1.026,0,206,1.007,3569.4,1.118,0
13:50:00,27.7,73,277,1.354,34660.7,1.016,0,208,1.017,3526.4,1.098,0
14:00:00,27.7,73,281,1.373,33984.1,1.004,0,214,1.046,3402.3,1.076,0
14:10:00,27.8,72,282,1.378,33818.0,0.993,0,215,1.051,3382.3,1.056,0
14:20:00,27.8,73,286,1.398,33165.0,0.981,0,220,1.075,3285.0,1.035,0
14:30:00,27.8,73,288,1.408,32845.3,0.970,1,223,1.090,3228.7,1.015,0
14:40:00,27.8,73,289,1.413,32687.1,0.960,2,224,1.095,3210.3,0.998,0
14:50:00,27.9,73,291,1.422,32374.0,0.951,3,226,1.105,3173.9,0.983,0
15:00:00,27.9,73,292,1.427,32219.1,0.942,4,228,1.114,3138.2,0.969,1
15:10:00,27.9,73,294,1.437,31912.3,0.934,5,230,1.124,3103.0,0.955,3
15:20:00,28.0,73,295,1.442,31760.5,0.926,6,232,1.134,3068.5,0.943,4
15:30:00,28.0,73,296,1.447,31609.8,0.919,6,234,1.144,3034.6,0.931,5
15:40:00,27.9,73,298,1.457,31311.2,0.912,7,237,1.158,2984.8,0.918,7
15:50:00,28.0,73,299,1.461,31163.5,0.905,8,239,1.168,2952.3,0.906,8
16:00:00,28.0,73,301,1.471,30870.9,0.898,9,241,1.178,2920.3,0.895,9
16:10:00,28.0,73,302,1.476,30726.1,0.892,9,243,1.188,2888.9,0.884,10
16:20:00,28.1,73,303,1.481,30582.2,0.886,10,245,1.197,2858.0,0.874,11
16:30:00,28.0,73,305,1.491,30297.2,0.880,11,249,1.217,2797.6,0.862,12
16:40:00,28.0,73,306,1.496,30156.2,0.874,11,250,1.222,2782.8,0.851,14
16:50:00,28.0,73,306,1.496,30156.2,0.869,12,250,1.222,2782.8,0.843,14
17:00:00,28.1,73,306,1.496,30156.2,0.865,12,251,1.227,2768.1,0.835,15
17:10:00,28.1,73,307,1.500,30016.0,0.862,12,252,1.232,2753.6,0.828,16
17:20:00,28.1,72,306,1.496,30156.2,0.859,13,250,1.222,2782.8,0.825,16
17:30:00,28.0,72,306,1.496,30156.2,0.858,13,250,1.222,2782.8,0.822,17
17:40:00,28.1,72,303,1.481,30582.2,0.859,13,248,1.212,2812.5,0.821,17
17:50:00,28.1,72,303,1.481,30582.2,0.859,13,247,1.207,2827.5,0.821,17
18:00:00,28.1,72,302,1.476,30726.1,0.861,13,247,1.207,2827.5,0.822,17
18:10:00,28.1,72,299,1.461,31163.5,0.864,12,243,1.188,2888.9,0.825,16
18:20:00,28.1,72,299,1.461,31163.5,0.867,12,241,1.178,2920.3,0.830,16
18:30:00,28.2,71,298,1.457,31311.2,0.870,12,241,1.178,2920.3,0.834,15
18:40:00,28.2,72,297,1.452,31460.0,0.874,11,240,1.173,2936.2,0.838,15
18:50:00,28.2,72,297,1.452,31460.0,0.876,11,239,1.168,2952.3,0.842,15
19:00:00,28.2,72,300,1.466,31016.7,0.876,11,250,1.222,2782.8,0.836,15
19:10:00,27.9,72,302,1.476,30726.1,0.874,11,242,1.183,2904.5,0.838,15
19:20:00,25.8,71,296,1.447,31609.8,0.878,11,231,1.129,3085.7,0.850,14
19:30:00,24.9,66,291,1.422,32374.0,0.885,10,223,1.090,3228.7,0.868,12
19:40:00,24.6,62,286,1.398,33165.0,0.895,9,216,1.056,3362.5,0.890,10
19:50:00,24.4,60,282,1.378,33818.0,0.907,8,211,1.031,3463.5,0.913,7
20:00:00,24.2,59,279,1.364,34320.0,0.919,6,208,1.017,3526.4,0.936,5
20:10:00,24.0,58,278,1.359,34489.7,0.930,5,208,1.017,3526.4,0.954,3
20:20:00,24.3,59,278,1.359,34489.7,0.938,4,209,1.022,3505.3,0.967,1
20:30:00,24.5,60,278,1.359,34489.7,0.945,4,209,1.022,3505.3,0.977,0
20:40:00,24.6,61,276,1.349,34832.9,0.953,3,208,1.017,3526.4,0.987,0
20:50:00,24.6,62,274,1.339,35181.1,0.960,2,205,1.002,3591.2,0.998,0
21:00:00,24.6,62,273,1.334,35357.1,0.968,1,204,0.997,3613.2,1.009,0
21:10:00,24.7,63,272,1.329,35534.5,0.975,1,203,0.992,3635.5,1.018,0
21:20:00,24.7,63,270,1.320,35893.0,0.982,0,201,0.982,3680.6,1.028,0
21:30:00,24.7,64,268,1.310,36256.9,0.990,0,199,0.973,3726.6,1.039,0
21:40:00,24.7,64,267,1.305,36440.9,0.998,0,197,0.963,3773.6,1.050,0
21:50:00,24.6,64,286,1.398,33165.0,0.985,0,199,0.973,3726.6,1.055,0
22:00:00,24.6,64,283,1.383,33653.0,0.978,0,197,0.963,3773.6,1.063,0
22:10:00,24.7,64,280,1.369,34151.5,0.975,1,195,0.953,3821.5,1.071,0
22:20:00,24.6,64,278,1.359,34489.7,0.975,1,194,0.948,3845.9,1.079,0
22:30:00,24.7,64,276,1.349,34832.9,0.977,0,193,0.943,3870.5,1.086,0
22:40:00,24.8,65,274,1.339,35181.1,0.980,0,192,0.938,3895.3,1.094,0
22:50:00,24.8,65,287,1.403,33004.6,0.970,1,194,0.948,3845.9,1.096,0
23:00:00,24.8,66,284,1.388,33489.2,0.966,2,193,0.943,3870.5,1.099,0
23:10:00,24.6,66,282,1.378,33818.0,0.964,2,191,0.934,3920.4,1.105,0
23:20:00,24.5,66,264,1.290,37001.3,0.980,0,137,0.670,5820.4,1.217,0
23:30:00,27.0,68,319,1.559,28402.8,0.945,4,165,0.806,4680.0,1.241,0
23:40:00,27.6,72,339,1.657,25967.8,0.903,8,177,0.865,4301.7,1.237,0
0:10:00,150.0,100,355,1.735,24217.4,0.939,4,184,0.899,4103.8,0.926,6
0:20:00,27.7,77,347,1.696,25072.4,0.945,4,169,0.826,4547.9,0.946,4
0:30:00,27.9,78,358,1.750,23906.6,0.942,4,178,0.870,4272.5,0.950,3
0:40:00,28.0,79,365,1.784,23201.3,0.933,5,184,0.899,4103.8,0.945,4
0:50:00,28.1,80,372,1.818,22522.5,0.921,6,190,0.929,3945.8,0.934,5
1:00:00,28.2,80,378,1.848,21960.7,0.907,8,197,0.963,3773.6,0.918,7
1:10:00,28.3,81,384,1.877,21416.5,0.892,9,202,0.987,3657.9,0.899,9
1:20:00,28.4,81,389,1.901,20975.8,0.876,11,207,1.012,3547.8,0.879,11
1:30:00,28.4,82,392,1.916,20716.8,0.862,12,211,1.031,3463.5,0.860,13
1:40:00,28.5,82,394,1.926,20546.3,0.849,14,213,1.041,3422.5,0.842,14
1:50:00,28.6,82,398,1.945,20210.4,0.836,15,218,1.065,3323.4,0.824,16
2:00:00,28.7,83,399,1.950,20127.5,0.824,16,218,1.065,3323.4,0.809,18
2:10:00,28.7,83,401,1.960,19962.9,0.814,17,220,1.075,3285.0,0.796,19
2:20:00,28.7,83,404,1.975,19719.1,0.804,18,224,1.095,3210.3,0.781,21
2:30:00,28.8,83,407,1.989,19478.9,0.795,20,227,1.109,3155.9,0.767,22
2:40:00,28.8,84,410,2.004,19242.2,0.785,21,230,1.124,3103.0,0.754,24
2:50:00,28.8,84,412,2.014,19086.3,0.776,21,232,1.134,3068.5,0.742,25
3:00:00,28.8,84,414,2.023,18932.0,0.767,22,234,1.144,3034.6,0.730,26
3:10:00,28.8,84,416,2.033,18779.1,0.760,23,236,1.153,3001.3,0.720,27
3:20:00,28.9,84,418,2.043,18627.6,0.752,24,238,1.163,2968.5,0.710,28
3:30:00,28.9,84,420,2.053,18477.6,0.745,25,240,1.173,2936.2,0.700,29
3:40:00,28.9,84,422,2.063,18329.1,0.738,25,241,1.178,2920.3,0.692,30
3:50:00,28.9,85,423,2.067,18255.3,0.732,26,243,1.188,2888.9,0.684,31
4:00:00,28.9,85,425,2.077,18108.8,0.726,27,245,1.197,2858.0,0.676,32
4:10:00,28.9,85,427,2.087,17963.7,0.720,27,246,1.202,2842.7,0.669,33
4:20:00,28.8,85,428,2.092,17891.7,0.715,28,248,1.212,2812.5,0.662,33
4:30:00,28.8,85,429,2.097,17820.0,0.710,28,249,1.217,2797.6,0.656,34
4:40:00,28.8,85,431,2.107,17677.6,0.705,29,250,1.222,2782.8,0.650,35
4:50:00,28.8,85,432,2.111,17606.9,0.701,29,250,1.222,2782.8,0.646,35
5:00:00,28.8,85,433,2.116,17536.5,0.696,30,252,1.232,2753.6,0.641,36
5:10:00,28.8,85,434,2.121,17466.4,0.693,30,253,1.237,2739.1,0.636,36
5:20:00,28.8,85,433,2.116,17536.5,0.690,31,252,1.232,2753.6,0.633,36
5:30:00,28.9,86,433,2.116,17536.5,0.688,31,253,1.237,2739.1,0.630,37
5:40:00,28.9,86,433,2.116,17536.5,0.686,31,253,1.237,2739.1,0.628,37
5:50:00,28.9,87,433,2.116,17536.5,0.685,31,253,1.237,2739.1,0.626,37
6:00:00,29.0,87,434,2.121,17466.4,0.683,31,254,1.241,2724.8,0.624,38
6:10:00,29.0,87,434,2.121,17466.4,0.682,31,254,1.241,2724.8,0.622,38
6:20:00,29.0,87,434,2.121,17466.4,0.681,31,254,1.241,2724.8,0.621,38
6:30:00,29.0,87,435,2.126,17396.7,0.680,32,254,1.241,2724.8,0.619,38
6:40:00,29.0,88,435,2.126,17396.7,0.679,32,255,1.246,2710.6,0.618,38
6:50:00,29.0,88,436,2.131,17327.3,0.677,32,255,1.246,2710.6,0.617,38
7:00:00,29.0,88,437,2.136,17258.2,0.676,32,256,1.251,2696.5,0.615,38
7:10:00,29.0,88,438,2.141,17189.4,0.674,32,257,1.256,2682.5,0.613,39
7:20:00,28.9,88,438,2.141,17189.4,0.672,32,258,1.261,2668.6,0.611,39
7:30:00,28.9,88,439,2.146,17120.9,0.671,33,259,1.266,2654.8,0.609,39
7:40:00,28.9,89,440,2.151,17052.8,0.669,33,259,1.266,2654.8,0.607,39
7:50:00,28.9,89,440,2.151,17052.8,0.667,33,260,1.271,2641.2,0.605,40
8:00:00,28.9,89,441,2.155,16984.9,0.665,33,261,1.276,2627.6,0.602,40
8:10:00,28.9,89,442,2.160,16917.4,0.664,33,261,1.276,2627.6,0.600,40
8:20:00,28.9,89,442,2.160,16917.4,0.662,33,262,1.281,2614.1,0.598,40
8:30:00,28.9,89,443,2.165,16850.1,0.660,34,262,1.281,2614.1,0.597,40
8:40:00,28.9,89,444,2.170,16783.2,0.658,34,264,1.290,2587.5,0.594,41
8:50:00,28.9,89,445,2.175,16716.5,0.656,34,264,1.290,2587.5,0.592,41
9:00:00,28.9,89,445,2.175,16716.5,0.655,34,264,1.290,2587.5,0.590,41
9:10:00,28.9,89,445,2.175,16716.5,0.653,34,265,1.295,2574.3,0.588,42
9:20:00,28.9,89,448,2.190,16518.4,0.651,35,268,1.310,2535.4,0.585,42
9:30:00,29.0,90,450,2.199,16387.8,0.648,35,271,1.325,2497.4,0.581,43
9:40:00,29.2,89,452,2.209,16258.3,0.644,35,272,1.329,2484.9,0.577,43
9:50:00,29.3,89,453,2.214,16194.0,0.641,36,274,1.339,2460.2,0.573,44
10:00:00,29.5,89,455,2.224,16066.3,0.637,36,276,1.349,2435.9,0.568,44
10:10:00,29.6,89,456,2.229,16002.8,0.634,36,278,1.359,2411.9,0.563,45
10:20:00,29.7,89,457,2.234,15939.7,0.631,37,280,1.369,2388.2,0.558,46
10:30:00,29.8,88,459,2.243,15814.1,0.627,37,282,1.378,2364.9,0.553,46
10:40:00,29.8,88,460,2.248,15751.8,0.624,37,283,1.383,2353.4,0.549,47
10:50:00,29.9,88,462,2.258,15627.9,0.620,38,285,1.393,2330.5,0.544,47
11:00:00,30.0,88,462,2.258,15627.9,0.617,38,286,1.398,2319.2,0.540,48
11:10:00,30.0,87,464,2.268,15505.0,0.614,39,288,1.408,2296.9,0.536,49
11:20:00,30.1,87,465,2.273,15444.0,0.611,39,289,1.413,2285.8,0.532,49
11:30:00,30.2,87,466,2.278,15383.2,0.608,39,291,1.422,2263.9,0.528,50
11:40:00,30.3,87,467,2.283,15322.7,0.605,39,292,1.427,2253.1,0.524,50
11:50:00,30.3,87,467,2.283,15322.7,0.603,40,293,1.432,2242.3,0.520,51
12:00:00,30.4,87,469,2.292,15202.5,0.600,40,294,1.437,2231.6,0.517,51
12:10:00,30.5,87,470,2.297,15142.8,0.598,40,296,1.447,2210.5,0.513,52
12:20:00,30.5,87,470,2.297,15142.8,0.596,41,297,1.452,2200.0,0.510,52
12:30:00,30.6,87,471,2.302,15083.3,0.593,41,298,1.457,2189.6,0.507,52
12:40:00,30.6,86,472,2.307,15024.1,0.591,41,299,1.461,2179.3,0.504,53
12:50:00,30.6,86,472,2.307,15024.1,0.589,41,300,1.466,2169.0,0.501,53
13:00:00,30.7,86,473,2.312,14965.1,0.588,42,301,1.471,2158.8,0.498,54
13:10:00,30.8,86,474,2.317,14906.4,0.586,42,302,1.476,2148.7,0.495,54
13:20:00,30.8,86,475,2.322,14847.9,0.584,42,304,1.486,2128.6,0.492,54
13:30:00,30.9,86,475,2.322,14847.9,0.582,42,305,1.491,2118.7,0.490,55
13:40:00,30.9,86,476,2.326,14789.7,0.580,43,306,1.496,2108.8,0.487,55
13:50:00,31.0,86,477,2.331,14731.7,0.578,43,307,1.500,2099.0,0.484,55
14:00:00,31.0,86,477,2.331,14731.7,0.577,43,308,1.505,2089.3,0.482,56
14:10:00,31.1,86,478,2.336,14674.0,0.575,43,309,1.510,2079.6,0.479,56
14:20:00,31.1,86,479,2.341,14616.4,0.574,44,310,1.515,2070.0,0.477,56
14:30:00,31.2,86,479,2.341,14616.4,0.572,44,311,1.520,2060.5,0.474,57
14:40:00,31.2,86,480,2.346,14559.2,0.571,44,312,1.525,2051.0,0.472,57
14:50:00,31.3,86,481,2.351,14502.2,0.569,44,313,1.530,2041.5,0.470,57
15:00:00,31.3,86,481,2.351,14502.2,0.568,44,314,1.535,2032.2,0.468,58
15:10:00,31.3,86,482,2.356,14445.4,0.566,45,315,1.540,2022.9,0.465,58
15:20:00,31.4,86,482,2.356,14445.4,0.565,45,317,1.549,2004.4,0.463,58
15:30:00,31.4,86,483,2.361,14388.8,0.563,45,318,1.554,1995.3,0.460,59
15:40:00,31.5,86,483,2.361,14388.8,0.562,45,319,1.559,1986.2,0.458,59
15:50:00,31.5,86,484,2.366,14332.5,0.561,45,320,1.564,1977.2,0.455,59
16:00:00,31.6,86,485,2.370,14276.4,0.559,45,321,1.569,1968.2,0.453,60
16:10:00,31.6,86,485,2.370,14276.4,0.558,46,322,1.574,1959.3,0.451,60
16:20:00,31.6,86,486,2.375,14220.6,0.557,46,323,1.579,1950.5,0.449,60
16:30:00,31.6,86,486,2.375,14220.6,0.556,46,324,1.584,1941.7,0.447,60
16:40:00,31.7,86,487,2.380,14164.9,0.554,46,325,1.588,1932.9,0.445,61
16:50:00,31.7,86,487,2.380,14164.9,0.553,46,326,1.593,1924.2,0.443,61
17:00:00,31.8,86,487,2.380,14164.9,0.553,46,327,1.598,1915.6,0.440,61
17:10:00,31.8,86,488,2.385,14109.5,0.551,46,328,1.603,1907.0,0.438,62
17:20:00,31.8,86,488,2.385,14109.5,0.551,47,329,1.608,1898.5,0.436,62
17:30:00,31.8,86,488,2.385,14109.5,0.550,47,330,1.613,1890.0,0.434,62
17:40:00,31.9,86,489,2.390,14054.4,0.549,47,331,1.618,1881.6,0.432,62
17:50:00,31.9,86,489,2.390,14054.4,0.548,47,332,1.623,1873.2,0.431,63
18:00:00,31.9,86,490,2.395,13999.4,0.547,47,333,1.628,1864.9,0.429,63
18:10:00,32.0,86,490,2.395,13999.4,0.546,47,334,1.632,1856.6,0.427,63
18:20:00,32.0,86,491,2.400,13944.7,0.545,47,335,1.637,1848.4,0.425,63
18:30:00,32.0,86,491,2.400,13944.7,0.544,47,336,1.642,1840.2,0.423,64
18:40:00,32.1,86,492,2.405,13890.2,0.543,48,337,1.647,1832.0,0.421,64
18:50:00,32.1,86,492,2.405,13890.2,0.542,48,338,1.652,1824.0,0.419,64
19:00:00,32.1,86,492,2.405,13890.2,0.541,48,339,1.657,1815.9,0.417,64
19:10:00,32.1,86,493,2.410,13835.9,0.540,48,340,1.662,1807.9,0.415,65
19:20:00,32.2,86,493,2.410,13835.9,0.540,48,341,1.667,1800.0,0.414,65
19:30:00,32.2,86,493,2.410,13835.9,0.539,48,343,1.676,1784.3,0.411,65
19:40:00,32.2,86,494,2.414,13781.8,0.538,48,343,1.676,1784.3,0.410,65
19:50:00,32.2,86,494,2.414,13781.8,0.537,48,344,1.681,1776.5,0.408,66
20:00:00,32.3,86,495,2.419,13728.0,0.536,49,346,1.691,1761.0,0.406,66
20:10:00,32.3,86,495,2.419,13728.0,0.535,49,347,1.696,1753.3,0.404,66
20:20:00,32.3,85,496,2.424,13674.4,0.534,49,348,1.701,1745.7,0.402,66
20:30:00,32.3,86,496,2.424,13674.4,0.534,49,349,1.706,1738.1,0.400,67
20:40:00,32.4,86,496,2.424,13674.4,0.533,49,350,1.711,1730.6,0.398,67
20:50:00,32.4,86,497,2.429,13621.0,0.532,49,351,1.716,1723.1,0.396,67
21:00:00,32.4,86,497,2.429,13621.0,0.531,49,352,1.720,1715.6,0.394,67
21:10:00,32.5,85,497,2.429,13621.0,0.530,49,353,1.725,1708.2,0.393,68
21:20:00,32.5,85,498,2.434,13567.8,0.530,49,354,1.730,1700.8,0.391,68
21:30:00,32.5,85,498,2.434,13567.8,0.529,49,355,1.735,1693.5,0.389,68
21:40:00,32.5,85,499,2.439,13514.8,0.528,50,357,1.745,1679.0,0.387,68
21:50:00,32.5,85,499,2.439,13514.8,0.527,50,358,1.750,1671.8,0.385,69
22:00:00,32.5,86,500,2.444,13462.0,0.526,50,359,1.755,1664.6,0.383,69
22:10:00,32.6,85,500,2.444,13462.0,0.525,50,360,1.760,1657.5,0.381,69
22:20:00,32.6,86,500,2.444,13462.0,0.525,50,362,1.769,1643.4,0.379,69
22:30:00,32.6,86,501,2.449,13409.5,0.524,50,365,1.784,1622.5,0.377,70
22:40:00,32.7,86,501,2.449,13409.5,0.523,50,366,1.789,1615.6,0.374,70
22:50:00,32.7,87,501,2.449,13409.5,0.522,50,367,1.794,1608.7,0.372,70
23:00:00,32.8,87,501,2.449,13409.5,0.522,50,368,1.799,1601.9,0.370,71
23:10:00,32.8,87,501,2.449,13409.5,0.521,50,370,1.808,1588.4,0.368,71
23:20:00,32.8,87,505,2.468,13201.3,0.519,51,376,1.838,1548.7,0.364,71
23:30:00,32.8,87,505,2.468,13201.3,0.518,51,377,1.843,1542.2,0.361,72
23:40:00,32.7,87,502,2.454,13357.1,0.518,51,369,1.804,1595.1,0.361,72
23:50:00,32.5,87,503,2.458,13305.0,0.517,51,371,1.813,1581.7,0.360,72
24:00:00,32.3,88,503,2.458,13305.0,0.517,51,373,1.823,1568.4,0.359,72
24:10:00,32.2,88,504,2.463,13253.0,0.516,51,375,1.833,1555.2,0.357,72
24:20:00,32.1,88,506,2.473,13149.8,0.515,51,380,1.857,1522.9,0.354,73
24:30:00,32.2,88,557,2.722,10767.4,0.496,54,514,2.512,891.2,0.324,77
24:40:00,32.0,89,552,2.698,10981.5,0.482,56,513,2.507,894.7,0.299,80
24:50:00,32.0,89,549,2.683,11111.8,0.471,57,511,2.498,901.8,0.280,82
25:00:00,32.0,89,546,2.669,11243.6,0.464,58,508,2.483,912.4,0.265,83
25:10:00,32.0,90,545,2.664,11287.8,0.459,59,509,2.488,908.8,0.253,85
25:20:00,32.1,90,544,2.659,11332.2,0.455,59,510,2.493,905.3,0.243,86
25:30:00,32.1,90,543,2.654,11376.8,0.452,60,511,2.498,901.8,0.235,86
25:40:00,32.1,90,543,2.654,11376.8,0.450,60,511,2.498,901.8,0.229,87
25:50:00,32.1,90,543,2.654,11376.8,0.448,60,513,2.507,894.7,0.224,88
26:00:00,32.2,90,542,2.649,11421.5,0.447,60,514,2.512,891.2,0.219,88
26:10:00,32.2,90,542,2.649,11421.5,0.446,60,515,2.517,887.8,0.215,88
26:20:00,32.2,90,541,2.644,11466.4,0.446,61,517,2.527,880.9,0.212,89
26:30:00,32.2,90,542,2.649,11421.5,0.445,61,520,2.542,870.6,0.209,89
26:40:00,32.2,90,542,2.649,11421.5,0.445,61,521,2.546,867.2,0.206,89
26:50:00,32.3,90,542,2.649,11421.5,0.444,61,522,2.551,863.8,0.204,90
27:00:00,32.3,90,541,2.644,11466.4,0.444,61,524,2.561,857.1,0.202,90
27:10:00,32.3,90,542,2.649,11421.5,0.444,61,524,2.561,857.1,0.200,90
27:20:00,32.3,90,541,2.644,11466.4,0.444,61,526,2.571,850.4,0.199,90
27:30:00,32.3,90,542,2.649,11421.5,0.444,61,529,2.586,840.5,0.197,90
27:40:00,32.3,90,542,2.649,11421.5,0.444,61,530,2.590,837.2,0.195,90
27:50:00,32.4,90,541,2.644,11466.4,0.444,61,531,2.595,833.9,0.194,91
28:00:00,32.4,90,542,2.649,11421.5,0.444,61,532,2.600,830.6,0.193,91
28:10:00,32.4,90,542,2.649,11421.5,0.443,61,533,2.605,827.4,0.191,91
28:20:00,32.4,90,542,2.649,11421.5,0.443,61,534,2.610,824.2,0.190,91
28:30:00,32.4,90,542,2.649,11421.5,0.443,61,535,2.615,820.9,0.189,91
28:40:00,32.4,90,542,2.649,11421.5,0.443,61,536,2.620,817.7,0.188,91
28:50:00,32.4,90,541,2.644,11466.4,0.443,61,535,2.615,820.9,0.188,91
29:00:00,32.5,90,541,2.644,11466.4,0.444,61,536,2.620,817.7,0.187,91
29:10:00,32.5,90,541,2.644,11466.4,0.444,61,537,2.625,814.5,0.186,91
29:20:00,32.5,90,541,2.644,11466.4,0.444,61,538,2.630,811.3,0.186,91
29:30:00,32.5,90,541,2.644,11466.4,0.444,61,538,2.630,811.3,0.185,91
29:40:00,32.5,90,541,2.644,11466.4,0.444,61,539,2.634,808.2,0.185,92
29:50:00,32.5,90,541,2.644,11466.4,0.444,61,540,2.639,805.0,0.184,92
30:00:00,32.5,90,541,2.644,11466.4,0.444,61,541,2.644,801.8,0.183,92
30:10:00,32.6,90,541,2.644,11466.4,0.444,61,542,2.649,798.7,0.183,92
30:20:00,32.6,89,541,2.644,11466.4,0.444,61,543,2.654,795.6,0.182,92
30:30:00,32.6,90,541,2.644,11466.4,0.444,61,543,2.654,795.6,0.182,92
30:40:00,32.6,90,541,2.644,11466.4,0.444,61,544,2.659,792.5,0.181,92
30:50:00,32.6,90,541,2.644,11466.4,0.444,61,545,2.664,789.4,0.180,92
31:00:00,32.6,89,541,2.644,11466.4,0.444,61,546,2.669,786.3,0.180,92
31:10:00,32.6,90,541,2.644,11466.4,0.444,61,547,2.674,783.2,0.179,92
31:20:00,32.6,90,541,2.644,11466.4,0.444,61,548,2.678,780.1,0.179,92
31:30:00,32.7,90,542,2.649,11421.5,0.444,61,550,2.688,774.0,0.178,92
31:40:00,32.7,90,542,2.649,11421.5,0.444,61,550,2.688,774.0,0.177,92
31:50:00,32.7,90,542,2.649,11421.5,0.444,61,552,2.698,767.9,0.176,92
32:00:00,32.7,90,542,2.649,11421.5,0.443,61,553,2.703,764.9,0.176,92
32:10:00,32.7,89,542,2.649,11421.5,0.443,61,555,2.713,758.9,0.175,93
32:20:00,32.7,90,542,2.649,11421.5,0.443,61,556,2.717,755.9,0.174,93
32:30:00,32.7,90,543,2.654,11376.8,0.443,61,558,2.727,750.0,0.173,93
32:40:00,32.7,90,543,2.654,11376.8,0.442,61,558,2.727,750.0,0.172,93
32:50:00,32.7,90,543,2.654,11376.8,0.442,61,560,2.737,744.1,0.171,93
33:00:00,32.7,90,543,2.654,11376.8,0.442,61,562,2.747,738.3,0.170,93
33:10:00,32.7,90,543,2.654,11376.8,0.442,61,563,2.752,735.3,0.170,93
33:20:00,32.7,90,543,2.654,11376.8,0.442,61,564,2.757,732.4,0.169,93
33:30:00,32.8,90,544,2.659,11332.2,0.441,61,565,2.761,729.6,0.168,93
33:40:00,32.8,90,543,2.654,11376.8,0.441,61,567,2.771,723.8,0.167,93
33:50:00,32.8,90,544,2.659,11332.2,0.441,61,568,2.776,721.0,0.166,93
34:00:00,32.8,90,544,2.659,11332.2,0.440,61,569,2.781,718.1,0.165,93
34:10:00,32.8,90,544,2.659,11332.2,0.440,61,570,2.786,715.3,0.165,94
34:20:00,32.8,90,544,2.659,11332.2,0.440,61,571,2.791,712.4,0.164,94
34:30:00,32.8,90,544,2.659,11332.2,0.440,61,572,2.796,709.6,0.163,94
34:40:00,32.8,90,544,2.659,11332.2,0.440,61,574,2.805,704.0,0.162,94
34:50:00,32.8,90,544,2.659,11332.2,0.440,61,574,2.805,704.0,0.162,94
35:00:00,32.8,90,544,2.659,11332.2,0.440,61,575,2.810,701.2,0.161,94
35:10:00,32.8,90,545,2.664,11287.8,0.439,61,577,2.820,695.7,0.160,94
35:20:00,32.8,90,545,2.664,11287.8,0.439,61,578,2.825,692.9,0.159,94
35:30:00,32.8,90,545,2.664,11287.8,0.439,62,580,2.835,687.4,0.159,94
35:40:00,32.8,90,545,2.664,11287.8,0.438,62,581,2.840,684.7,0.158,94
35:50:00,32.8,90,545,2.664,11287.8,0.438,62,582,2.845,682.0,0.157,94
36:00:00,32.8,90,545,2.664,11287.8,0.438,62,583,2.849,679.2,0.156,94
36:10:00,32.8,90,546,2.669,11243.6,0.438,62,584,2.854,676.5,0.155,94
36:20:00,32.9,90,546,2.669,11243.6,0.437,62,585,2.859,673.8,0.155,95
36:30:00,32.9,90,545,2.664,11287.8,0.437,62,585,2.859,673.8,0.154,95
36:40:00,32.9,90,545,2.664,11287.8,0.437,62,586,2.864,671.2,0.154,95
36:50:00,32.9,90,546,2.669,11243.6,0.437,62,587,2.869,668.5,0.153,95
37:00:00,32.9,90,546,2.669,11243.6,0.437,62,588,2.874,665.8,0.153,95
37:10:00,32.9,90,546,2.669,11243.6,0.437,62,589,2.879,663.2,0.152,95
37:20:00,32.9,90,546,2.669,11243.6,0.437,62,590,2.884,660.5,0.151,95
37:30:00,32.9,90,546,2.669,11243.6,0.436,62,591,2.889,657.9,0.151,95
37:40:00,32.9,90,546,2.669,11243.6,0.436,62,592,2.893,655.2,0.150,95
37:50:00,32.9,90,546,2.669,11243.6,0.436,62,593,2.898,652.6,0.150,95
38:00:00,32.9,90,546,2.669,11243.6,0.436,62,595,2.908,647.4,0.149,95
38:10:00,32.9,90,547,2.674,11199.5,0.436,62,596,2.913,644.8,0.148,95
38:20:00,33.0,90,547,2.674,11199.5,0.435,62,597,2.918,642.2,0.148,95
38:30:00,33.0,90,547,2.674,11199.5,0.435,62,598,2.923,639.6,0.147,95
38:40:00,33.0,90,547,2.674,11199.5,0.435,62,598,2.923,639.6,0.146,95
38:50:00,33.0,90,547,2.674,11199.5,0.435,62,598,2.923,639.6,0.146,95
39:00:00,33.0,90,546,2.669,11243.6,0.435,62,595,2.908,647.4,0.146,95
39:10:00,33.0,89,545,2.664,11287.8,0.436,62,594,2.903,650.0,0.146,95
39:20:00,32.8,89,545,2.664,11287.8,0.436,62,596,2.913,644.8,0.146,95
39:30:00,32.8,89,546,2.669,11243.6,0.436,62,598,2.923,639.6,0.146,95
39:40:00,32.8,89,547,2.674,11199.5,0.436,62,600,2.933,634.5,0.145,95
39:50:00,32.7,89,547,2.674,11199.5,0.435,62,602,2.942,629.4,0.145,96
40:00:00,32.6,89,548,2.678,11155.6,0.435,62,604,2.952,624.3,0.144,96
40:10:00,32.6,89,547,2.674,11199.5,0.435,62,605,2.957,621.8,0.143,96
40:20:00,32.6,89,547,2.674,11199.5,0.435,62,606,2.962,619.3,0.142,96
40:30:00,32.5,89,548,2.678,11155.6,0.434,62,607,2.967,616.8,0.142,96
40:40:00,32.5,89,548,2.678,11155.6,0.434,62,609,2.977,611.8,0.141,96
40:50:00,32.5,89,548,2.678,11155.6,0.434,62,609,2.977,611.8,0.140,96
41:00:00,32.5,89,548,2.678,11155.6,0.433,62,611,2.986,606.9,0.140,96
41:10:00,32.5,89,548,2.678,11155.6,0.433,62,612,2.991,604.4,0.139,96
41:20:00,32.5,89,548,2.678,11155.6,0.433,62,612,2.991,604.4,0.139,96
41:30:00,32.5,89,548,2.678,11155.6,0.433,62,613,2.996,602.0,0.138,96
41:40:00,32.4,89,548,2.678,11155.6,0.433,62,613,2.996,602.0,0.138,96
41:50:00,32.4,89,549,2.683,11111.8,0.432,62,615,3.006,597.1,0.137,96
42:00:00,32.4,89,499,2.439,13514.8,0.451,60,450,2.199,1146.0,0.161,94
0:10:00,32.8,89,506,2.473,13149.8,0.510,52,454,2.219,1128.0,0.255,85
0:20:00,32.7,89,502,2.454,13357.1,0.511,52,436,2.131,1211.7,0.258,84
0:30:00,32.8,88,505,2.468,13201.3,0.511,52,439,2.146,1197.3,0.261,84
0:40:00,32.8,88,508,2.483,13047.3,0.510,52,443,2.165,1178.3,0.262,84
0:50:00,32.8,88,509,2.488,12996.4,0.509,52,445,2.175,1169.0,0.262,84
1:00:00,32.9,88,510,2.493,12945.7,0.508,52,446,2.180,1164.3,0.262,84
1:10:00,32.8,88,511,2.498,12895.2,0.506,53,448,2.190,1155.1,0.262,84
1:20:00,32.8,88,512,2.502,12844.9,0.504,53,450,2.199,1146.0,0.261,84
1:30:00,32.8,88,512,2.502,12844.9,0.503,53,450,2.199,1146.0,0.261,84
1:40:00,32.8,88,513,2.507,12794.7,0.502,53,451,2.204,1141.5,0.260,84
1:50:00,32.8,88,514,2.512,12744.8,0.500,53,452,2.209,1136.9,0.259,84
2:00:00,32.8,88,515,2.517,12695.1,0.499,54,453,2.214,1132.5,0.259,84
2:10:00,32.8,88,515,2.517,12695.1,0.497,54,455,2.224,1123.5,0.258,84
2:20:00,32.8,88,515,2.517,12695.1,0.496,54,456,2.229,1119.1,0.257,84
2:30:00,32.8,88,516,2.522,12645.5,0.495,54,457,2.234,1114.7,0.256,84
2:40:00,32.8,88,516,2.522,12645.5,0.494,54,458,2.239,1110.3,0.255,85
2:50:00,32.8,88,517,2.527,12596.2,0.493,54,458,2.239,1110.3,0.254,85
3:00:00,32.8,88,517,2.527,12596.2,0.492,54,459,2.243,1105.9,0.253,85
3:10:00,32.8,88,517,2.527,12596.2,0.491,54,460,2.248,1101.5,0.252,85
3:20:00,32.8,88,518,2.532,12547.0,0.490,55,461,2.253,1097.2,0.251,85
3:30:00,32.8,88,518,2.532,12547.0,0.490,55,462,2.258,1092.9,0.250,85
3:40:00,32.8,88,518,2.532,12547.0,0.489,55,463,2.263,1088.6,0.249,85
3:50:00,32.8,88,519,2.537,12498.0,0.488,55,464,2.268,1084.3,0.248,85
4:00:00,32.8,88,520,2.542,12449.2,0.487,55,464,2.268,1084.3,0.248,85
4:10:00,32.8,88,520,2.542,12449.2,0.486,55,466,2.278,1075.8,0.247,85
4:20:00,32.8,88,519,2.537,12498.0,0.486,55,465,2.273,1080.0,0.246,85
4:30:00,32.7,88,520,2.542,12449.2,0.485,55,466,2.278,1075.8,0.245,85
4:40:00,32.6,88,520,2.542,12449.2,0.485,55,467,2.283,1071.5,0.245,86
4:50:00,32.6,88,521,2.546,12400.7,0.484,55,468,2.287,1067.3,0.244,86
5:00:00,32.6,88,521,2.546,12400.7,0.483,56,469,2.292,1063.1,0.243,86
5:10:00,32.6,88,521,2.546,12400.7,0.483,56,469,2.292,1063.1,0.242,86
5:20:00,32.6,88,521,2.546,12400.7,0.482,56,470,2.297,1058.9,0.242,86
5:30:00,32.6,88,522,2.551,12352.2,0.482,56,470,2.297,1058.9,0.241,86
5:40:00,32.6,88,521,2.546,12400.7,0.481,56,470,2.297,1058.9,0.241,86
5:50:00,32.6,88,522,2.551,12352.2,0.481,56,470,2.297,1058.9,0.240,86
6:00:00,32.5,88,522,2.551,12352.2,0.481,56,471,2.302,1054.8,0.240,86
6:10:00,32.5,88,523,2.556,12304.0,0.480,56,472,2.307,1050.6,0.239,86
6:20:00,32.5,88,523,2.556,12304.0,0.479,56,472,2.307,1050.6,0.239,86
6:30:00,32.5,88,523,2.556,12304.0,0.479,56,473,2.312,1046.5,0.238,86
6:40:00,32.5,88,523,2.556,12304.0,0.478,56,473,2.312,1046.5,0.238,86
6:50:00,32.5,88,523,2.556,12304.0,0.478,56,474,2.317,1042.4,0.237,86
7:00:00,32.5,88,524,2.561,12256.0,0.478,56,477,2.331,1030.2,0.236,86
7:10:00,32.5,88,522,2.551,12352.2,0.478,56,472,2.307,1050.6,0.237,86
7:20:00,32.6,88,522,2.551,12352.2,0.478,56,471,2.302,1054.8,0.237,86
7:30:00,32.6,88,522,2.551,12352.2,0.478,56,471,2.302,1054.8,0.237,86
7:40:00,32.7,88,522,2.551,12352.2,0.478,56,472,2.307,1050.6,0.237,86
7:50:00,32.8,88,522,2.551,12352.2,0.478,56,472,2.307,1050.6,0.237,86
8:00:00,32.8,88,522,2.551,12352.2,0.479,56,472,2.307,1050.6,0.237,86
8:10:00,32.8,88,521,2.546,12400.7,0.479,56,473,2.312,1046.5,0.237,86
8:20:00,32.9,88,522,2.551,12352.2,0.479,56,473,2.312,1046.5,0.237,86
8:30:00,32.9,88,522,2.551,12352.2,0.479,56,474,2.317,1042.4,0.236,86
8:40:00,32.9,88,522,2.551,12352.2,0.479,56,474,2.317,1042.4,0.236,86
8:50:00,33.0,88,522,2.551,12352.2,0.479,56,475,2.322,1038.3,0.236,86
9:00:00,33.0,88,522,2.551,12352.2,0.479,56,476,2.326,1034.2,0.235,86
9:10:00,33.0,88,522,2.551,12352.2,0.479,56,477,2.331,1030.2,0.235,87
9:20:00,33.0,88,523,2.556,12304.0,0.479,56,477,2.331,1030.2,0.234,87
9:30:00,33.1,88,523,2.556,12304.0,0.478,56,478,2.336,1026.2,0.234,87
9:40:00,33.1,88,523,2.556,12304.0,0.478,56,479,2.341,1022.1,0.233,87
9:50:00,33.1,88,523,2.556,12304.0,0.478,56,479,2.341,1022.1,0.233,87
10:00:00,33.1,88,522,2.551,12352.2,0.478,56,480,2.346,1018.1,0.232,87
10:10:00,33.2,88,523,2.556,12304.0,0.478,56,480,2.346,1018.1,0.232,87
10:20:00,33.2,88,523,2.556,12304.0,0.478,56,481,2.351,1014.1,0.231,87
10:30:00,33.2,88,523,2.556,12304.0,0.477,56,481,2.351,1014.1,0.231,87
10:40:00,33.2,88,523,2.556,12304.0,0.477,56,482,2.356,1010.2,0.230,87
10:50:00,33.2,88,523,2.556,12304.0,0.477,56,482,2.356,1010.2,0.230,87
11:00:00,33.2,88,523,2.556,12304.0,0.477,56,483,2.361,1006.2,0.229,87
11:10:00,33.3,88,523,2.556,12304.0,0.477,56,484,2.366,1002.3,0.229,87
11:20:00,33.3,88,522,2.551,12352.2,0.478,56,484,2.366,1002.3,0.228,87
11:30:00,33.3,88,522,2.551,12352.2,0.478,56,485,2.370,998.4,0.228,87
11:40:00,33.3,87,523,2.556,12304.0,0.478,56,486,2.375,994.4,0.227,87
11:50:00,33.3,87,523,2.556,12304.0,0.478,56,486,2.375,994.4,0.226,87
12:00:00,33.3,87,523,2.556,12304.0,0.477,56,486,2.375,994.4,0.226,87
12:10:00,33.4,87,523,2.556,12304.0,0.477,56,487,2.380,990.6,0.226,87
12:20:00,33.4,87,523,2.556,12304.0,0.477,56,488,2.385,986.7,0.225,88
12:30:00,33.4,87,523,2.556,12304.0,0.477,56,488,2.385,986.7,0.224,88
12:40:00,33.4,87,523,2.556,12304.0,0.477,56,489,2.390,982.8,0.224,88
12:50:00,33.4,87,523,2.556,12304.0,0.477,56,489,2.390,982.8,0.224,88
13:00:00,33.4,87,523,2.556,12304.0,0.477,56,490,2.395,979.0,0.223,88
13:10:00,33.5,87,523,2.556,12304.0,0.477,56,491,2.400,975.2,0.222,88
13:20:00,33.5,87,523,2.556,12304.0,0.477,56,491,2.400,975.2,0.222,88
13:30:00,33.5,87,523,2.556,12304.0,0.477,56,492,2.405,971.3,0.221,88
13:40:00,33.5,87,523,2.556,12304.0,0.477,56,492,2.405,971.3,0.221,88
13:50:00,33.5,87,523,2.556,12304.0,0.477,56,493,2.410,967.5,0.220,88
14:00:00,33.5,87,523,2.556,12304.0,0.477,56,494,2.414,963.8,0.220,88
14:10:00,33.5,87,523,2.556,12304.0,0.477,56,494,2.414,963.8,0.219,88
14:20:00,33.5,87,523,2.556,12304.0,0.477,56,495,2.419,960.0,0.219,88
14:30:00,33.5,87,523,2.556,12304.0,0.477,56,495,2.419,960.0,0.218,88
14:40:00,33.6,87,523,2.556,12304.0,0.477,56,496,2.424,956.2,0.218,88
14:50:00,33.6,87,523,2.556,12304.0,0.477,56,497,2.429,952.5,0.217,88
15:00:00,33.6,87,523,2.556,12304.0,0.477,56,497,2.429,952.5,0.217,88
15:10:00,33.6,87,523,2.556,12304.0,0.477,56,498,2.434,948.8,0.216,88
15:20:00,33.6,87,524,2.561,12256.0,0.477,56,500,2.444,941.4,0.216,88
15:30:00,33.6,87,524,2.561,12256.0,0.476,56,502,2.454,934.1,0.215,89
15:40:00,33.6,87,524,2.561,12256.0,0.476,57,502,2.454,934.1,0.214,89
15:50:00,33.7,87,524,2.561,12256.0,0.476,57,503,2.458,930.4,0.213,89
16:00:00,33.7,87,524,2.561,12256.0,0.476,57,504,2.463,926.8,0.212,89
16:10:00,33.7,87,524,2.561,12256.0,0.476,57,504,2.463,926.8,0.212,89
16:20:00,33.6,87,524,2.561,12256.0,0.476,57,505,2.468,923.2,0.211,89
16:30:00,33.7,87,524,2.561,12256.0,0.475,57,505,2.468,923.2,0.210,89
16:40:00,33.7,87,524,2.561,12256.0,0.475,57,506,2.473,919.6,0.210,89
16:50:00,33.7,87,524,2.561,12256.0,0.475,57,507,2.478,916.0,0.209,89
17:00:00,33.7,87,524,2.561,12256.0,0.475,57,507,2.478,916.0,0.209,89
17:10:00,33.7,87,524,2.561,12256.0,0.475,57,508,2.483,912.4,0.208,89
17:20:00,33.7,87,524,2.561,12256.0,0.475,57,508,2.483,912.4,0.208,89
17:30:00,33.7,87,524,2.561,12256.0,0.475,57,509,2.488,908.8,0.207,89
17:40:00,33.7,87,524,2.561,12256.0,0.475,57,509,2.488,908.8,0.207,89
17:50:00,33.7,87,524,2.561,12256.0,0.475,57,510,2.493,905.3,0.206,89
18:00:00,33.8,87,524,2.561,12256.0,0.475,57,511,2.498,901.8,0.206,89
18:10:00,33.8,87,525,2.566,12208.1,0.475,57,511,2.498,901.8,0.205,89
18:20:00,33.7,87,525,2.566,12208.1,0.474,57,512,2.502,898.2,0.205,90
18:30:00,33.8,87,524,2.561,12256.0,0.475,57,513,2.507,894.7,0.204,90
18:40:00,33.8,87,524,2.561,12256.0,0.475,57,513,2.507,894.7,0.204,90
18:50:00,33.8,87,525,2.566,12208.1,0.474,57,514,2.512,891.2,0.203,90
19:00:00,33.8,87,525,2.566,12208.1,0.474,57,514,2.512,891.2,0.203,90
19:10:00,33.8,87,525,2.566,12208.1,0.474,57,515,2.517,887.8,0.202,90
19:20:00,33.8,87,525,2.566,12208.1,0.474,57,516,2.522,884.3,0.202,90
19:30:00,33.8,87,525,2.566,12208.1,0.474,57,516,2.522,884.3,0.201,90
19:40:00,33.9,87,524,2.561,12256.0,0.474,57,517,2.527,880.9,0.201,90
19:50:00,33.9,87,525,2.566,12208.1,0.474,57,517,2.527,880.9,0.200,90
20:00:00,33.9,87,525,2.566,12208.1,0.474,57,518,2.532,877.4,0.200,90
20:10:00,33.9,87,525,2.566,12208.1,0.474,57,518,2.532,877.4,0.200,90
20:20:00,33.9,87,524,2.561,12256.0,0.474,57,519,2.537,874.0,0.199,90
20:30:00,33.9,87,525,2.566,12208.1,0.474,57,520,2.542,870.6,0.199,90
20:40:00,33.9,87,525,2.566,12208.1,0.474,57,520,2.542,870.6,0.198,90
20:50:00,34.0,87,527,2.576,12112.9,0.473,57,527,2.576,847.1,0.197,90
21:00:00,34.0,87,529,2.586,12018.5,0.471,57,538,2.630,811.3,0.194,91
21:10:00,33.8,87,531,2.595,11924.7,0.470,57,544,2.659,792.5,0.191,91
21:20:00,33.6,87,530,2.590,11971.5,0.469,58,545,2.664,789.4,0.188,91
21:30:00,33.6,87,529,2.586,12018.5,0.468,58,545,2.664,789.4,0.186,91
21:40:00,33.5,87,529,2.586,12018.5,0.468,58,545,2.664,789.4,0.185,92
21:50:00,33.5,87,529,2.586,12018.5,0.467,58,545,2.664,789.4,0.183,92
22:00:00,33.5,87,528,2.581,12065.6,0.467,58,546,2.669,786.3,0.182,92
22:10:00,33.5,87,528,2.581,12065.6,0.467,58,546,2.669,786.3,0.181,92
22:20:00,33.4,87,528,2.581,12065.6,0.467,58,546,2.669,786.3,0.180,92
22:30:00,33.4,87,528,2.581,12065.6,0.468,58,546,2.669,786.3,0.180,92
22:40:00,33.4,87,527,2.576,12112.9,0.468,58,546,2.669,786.3,0.179,92
22:50:00,33.4,87,527,2.576,12112.9,0.468,58,546,2.669,786.3,0.179,92
23:00:00,33.4,87,527,2.576,12112.9,0.469,58,546,2.669,786.3,0.179,92
23:10:00,33.4,87,526,2.571,12160.4,0.469,57,546,2.669,786.3,0.178,92
23:20:00,33.4,87,526,2.571,12160.4,0.470,57,546,2.669,786.3,0.178,92
23:30:00,33.4,87,526,2.571,12160.4,0.470,57,546,2.669,786.3,0.178,92
23:40:00,33.3,87,526,2.571,12160.4,0.470,57,546,2.669,786.3,0.178,92
23:50:00,33.3,87,525,2.566,12208.1,0.471,57,546,2.669,786.3,0.178,92
24:00:00,33.3,87,525,2.566,12208.1,0.471,57,546,2.669,786.3,0.178,92
24:10:00,33.3,87,525,2.566,12208.1,0.472,57,546,2.669,786.3,0.178,92
24:20:00,33.3,87,524,2.561,12256.0,0.472,57,546,2.669,786.3,0.178,92
0:10:00,33.5,87,536,2.620,11693.5,0.453,60,570,2.786,715.3,0.161,94
0:20:00,33.3,87,527,2.576,12112.9,0.457,59,542,2.649,798.7,0.165,93
0:30:00,33.3,87,528,2.581,12065.6,0.459,59,545,2.664,789.4,0.168,93
0:40:00,33.4,87,528,2.581,12065.6,0.461,59,545,2.664,789.4,0.170,93
0:50:00,33.4,87,535,2.615,11739.4,0.459,59,567,2.771,723.8,0.169,93
1:00:00,33.4,87,534,2.610,11785.4,0.459,59,567,2.771,723.8,0.167,93
1:10:00,33.3,87,534,2.610,11785.4,0.459,59,567,2.771,723.8,0.167,93
1:20:00,33.3,87,534,2.610,11785.4,0.458,59,567,2.771,723.8,0.166,93
1:30:00,33.3,87,534,2.610,11785.4,0.458,59,567,2.771,723.8,0.165,93
1:40:00,33.3,87,533,2.605,11831.7,0.458,59,568,2.776,721.0,0.165,94
1:50:00,33.3,87,533,2.605,11831.7,0.458,59,567,2.771,723.8,0.165,94
2:00:00,33.3,87,533,2.605,11831.7,0.458,59,568,2.776,721.0,0.164,94
2:10:00,33.3,87,533,2.605,11831.7,0.458,59,569,2.781,718.1,0.164,94
2:20:00,33.3,86,533,2.605,11831.7,0.458,59,569,2.781,718.1,0.163,94
2:30:00,33.3,86,535,2.615,11739.4,0.458,59,572,2.796,709.6,0.163,94
2:40:00,33.2,86,535,2.615,11739.4,0.457,59,574,2.805,704.0,0.162,94
2:50:00,33.2,86,535,2.615,11739.4,0.457,59,574,2.805,704.0,0.161,94
3:00:00,33.1,86,535,2.615,11739.4,0.456,59,573,2.801,706.8,0.161,94
3:10:00,33.1,86,535,2.615,11739.4,0.456,59,574,2.805,704.0,0.161,94
3:20:00,33.1,86,535,2.615,11739.4,0.456,59,574,2.805,704.0,0.160,94
3:30:00,33.1,86,535,2.615,11739.4,0.456,59,574,2.805,704.0,0.160,94
3:40:00,33.1,86,535,2.615,11739.4,0.456,59,574,2.805,704.0,0.160,94
3:50:00,33.1,86,536,2.620,11693.5,0.455,59,575,2.810,701.2,0.159,94
4:00:00,33.0,86,535,2.615,11739.4,0.455,59,575,2.810,701.2,0.159,94
4:10:00,33.0,86,535,2.615,11739.4,0.455,59,575,2.810,701.2,0.159,94
4:20:00,33.0,86,535,2.615,11739.4,0.455,59,574,2.805,704.0,0.159,94
4:30:00,33.0,86,534,2.610,11785.4,0.455,59,574,2.805,704.0,0.159,94
4:40:00,32.9,86,535,2.615,11739.4,0.455,59,574,2.805,704.0,0.159,94
4:50:00,32.9,86,535,2.615,11739.4,0.455,59,574,2.805,704.0,0.159,94
5:00:00,32.9,86,535,2.615,11739.4,0.455,59,574,2.805,704.0,0.159,94
5:10:00,32.8,86,535,2.615,11739.4,0.455,59,575,2.810,701.2,0.159,94
5:20:00,32.8,86,535,2.615,11739.4,0.455,59,575,2.810,701.2,0.159,94
5:30:00,32.8,86,535,2.615,11739.4,0.455,59,575,2.810,701.2,0.159,94
5:40:00,32.8,86,535,2.615,11739.4,0.455,59,575,2.810,701.2,0.159,94
5:50:00,32.7,86,535,2.615,11739.4,0.455,59,575,2.810,701.2,0.158,94
6:00:00,32.7,86,536,2.620,11693.5,0.455,59,580,2.835,687.4,0.158,94
6:10:00,32.8,86,535,2.615,11739.4,0.455,59,578,2.825,692.9,0.158,94
6:20:00,32.9,86,532,2.600,11878.1,0.456,59,574,2.805,704.0,0.158,94
6:30:00,32.9,86,531,2.595,11924.7,0.457,59,571,2.791,712.4,0.158,94
6:40:00,33.0,86,531,2.595,11924.7,0.458,59,570,2.786,715.3,0.159,94
6:50:00,33.0,86,530,2.590,11971.5,0.459,59,570,2.786,715.3,0.159,94
7:00:00,33.1,86,530,2.590,11971.5,0.460,59,570,2.786,715.3,0.160,94
7:10:00,33.1,86,530,2.590,11971.5,0.461,59,571,2.791,712.4,0.160,94
7:20:00,33.1,86,530,2.590,11971.5,0.462,58,571,2.791,712.4,0.160,94
7:30:00,33.1,86,531,2.595,11924.7,0.462,58,571,2.791,712.4,0.160,94
7:40:00,33.2,86,530,2.590,11971.5,0.462,58,571,2.791,712.4,0.160,94
7:50:00,33.2,86,530,2.590,11971.5,0.463,58,571,2.791,712.4,0.160,94
8:00:00,33.2,86,530,2.590,11971.5,0.463,58,572,2.796,709.6,0.160,94
8:10:00,33.3,86,530,2.590,11971.5,0.463,58,573,2.801,706.8,0.160,94
8:20:00,33.3,86,530,2.590,11971.5,0.463,58,573,2.801,706.8,0.160,94
8:30:00,33.3,86,530,2.590,11971.5,0.463,58,573,2.801,706.8,0.160,94
8:40:00,33.3,86,529,2.586,12018.5,0.464,58,573,2.801,706.8,0.160,94
8:50:00,33.3,86,529,2.586,12018.5,0.464,58,574,2.805,704.0,0.160,94
9:00:00,33.4,86,529,2.586,12018.5,0.465,58,574,2.805,704.0,0.160,94
9:10:00,33.4,86,529,2.586,12018.5,0.465,58,574,2.805,704.0,0.159,94
9:20:00,33.4,86,529,2.586,12018.5,0.465,58,574,2.805,704.0,0.159,94
9:30:00,33.4,86,530,2.590,11971.5,0.465,58,575,2.810,701.2,0.159,94
9:40:00,33.4,86,529,2.586,12018.5,0.465,58,575,2.810,701.2,0.159,94
9:50:00,33.5,86,530,2.590,11971.5,0.465,58,576,2.815,698.4,0.159,94
10:00:00,33.5,86,529,2.586,12018.5,0.465,58,576,2.815,698.4,0.158,94
10:10:00,33.5,86,529,2.586,12018.5,0.465,58,577,2.820,695.7,0.158,94
10:20:00,33.5,86,530,2.590,11971.5,0.465,58,577,2.820,695.7,0.158,94
10:30:00,33.5,86,530,2.590,11971.5,0.465,58,577,2.820,695.7,0.158,94
10:40:00,33.5,86,529,2.586,12018.5,0.465,58,578,2.825,692.9,0.157,94
10:50:00,33.6,86,530,2.590,11971.5,0.465,58,578,2.825,692.9,0.157,94
11:00:00,33.6,86,530,2.590,11971.5,0.465,58,579,2.830,690.2,0.157,94
11:10:00,33.6,86,530,2.590,11971.5,0.465,58,579,2.830,690.2,0.157,94
11:20:00,33.6,86,530,2.590,11971.5,0.464,58,579,2.830,690.2,0.157,94
11:30:00,33.6,86,530,2.590,11971.5,0.464,58,580,2.835,687.4,0.156,94
11:40:00,33.6,86,530,2.590,11971.5,0.464,58,580,2.835,687.4,0.156,94
11:50:00,33.6,86,530,2.590,11971.5,0.464,58,580,2.835,687.4,0.156,94
12:00:00,33.6,86,530,2.590,11971.5,0.464,58,581,2.840,684.7,0.156,94
12:10:00,33.7,86,530,2.590,11971.5,0.464,58,581,2.840,684.7,0.155,94
12:20:00,33.7,86,530,2.590,11971.5,0.464,58,582,2.845,682.0,0.155,94
12:30:00,33.7,86,530,2.590,11971.5,0.464,58,582,2.845,682.0,0.155,95
12:40:00,33.7,86,530,2.590,11971.5,0.464,58,583,2.849,679.2,0.155,95
12:50:00,33.7,86,530,2.590,11971.5,0.464,58,583,2.849,679.2,0.154,95
13:00:00,33.7,86,530,2.590,11971.5,0.464,58,583,2.849,679.2,0.154,95
13:10:00,33.7,86,530,2.590,11971.5,0.464,58,584,2.854,676.5,0.154,95
13:20:00,33.8,86,530,2.590,11971.5,0.464,58,584,2.854,676.5,0.154,95
13:30:00,33.8,86,530,2.590,11971.5,0.464,58,584,2.854,676.5,0.153,95
13:40:00,33.8,86,531,2.595,11924.7,0.464,58,585,2.859,673.8,0.153,95
13:50:00,33.8,86,530,2.590,11971.5,0.464,58,585,2.859,673.8,0.153,95
14:00:00,33.8,86,530,2.590,11971.5,0.464,58,585,2.859,673.8,0.153,95
14:10:00,33.8,86,530,2.590,11971.5,0.464,58,585,2.859,673.8,0.153,95
14:20:00,33.8,86,531,2.595,11924.7,0.464,58,586,2.864,671.2,0.152,95
14:30:00,33.8,86,530,2.590,11971.5,0.464,58,586,2.864,671.2,0.152,95
14:40:00,33.8,86,531,2.595,11924.7,0.463,58,587,2.869,668.5,0.152,95
14:50:00,33.8,86,531,2.595,11924.7,0.463,58,587,2.869,668.5,0.152,95
15:00:00,33.8,86,531,2.595,11924.7,0.463,58,587,2.869,668.5,0.152,95
15:10:00,33.9,86,531,2.595,11924.7,0.463,58,588,2.874,665.8,0.151,95
15:20:00,33.9,86,531,2.595,11924.7,0.463,58,588,2.874,665.8,0.151,95
15:30:00,33.9,86,531,2.595,11924.7,0.463,58,589,2.879,663.2,0.151,95
15:40:00,33.9,86,531,2.595,11924.7,0.463,58,589,2.879,663.2,0.151,95
15:50:00,33.9,86,531,2.595,11924.7,0.463,58,589,2.879,663.2,0.150,95
16:00:00,33.9,86,531,2.595,11924.7,0.462,58,590,2.884,660.5,0.150,95
16:10:00,33.9,86,531,2.595,11924.7,0.462,58,590,2.884,660.5,0.150,95
16:20:00,33.9,86,531,2.595,11924.7,0.462,58,590,2.884,660.5,0.150,95
16:30:00,33.9,86,531,2.595,11924.7,0.462,58,591,2.889,657.9,0.149,95
16:40:00,33.9,86,531,2.595,11924.7,0.462,58,591,2.889,657.9,0.149,95
16:50:00,33.9,86,531,2.595,11924.7,0.462,58,591,2.889,657.9,0.149,95
17:00:00,33.9,86,531,2.595,11924.7,0.462,58,591,2.889,657.9,0.149,95
17:10:00,33.9,86,531,2.595,11924.7,0.462,58,592,2.893,655.2,0.149,95
17:20:00,33.9,86,531,2.595,11924.7,0.462,58,592,2.893,655.2,0.149,95
17:30:00,33.9,86,531,2.595,11924.7,0.462,58,593,2.898,652.6,0.148,95
17:40:00,34.0,86,532,2.600,11878.1,0.462,58,593,2.898,652.6,0.148,95
17:50:00,34.0,86,531,2.595,11924.7,0.462,58,593,2.898,652.6,0.148,95
18:00:00,34.0,86,532,2.600,11878.1,0.462,58,594,2.903,650.0,0.148,95
18:10:00,34.0,86,531,2.595,11924.7,0.462,58,594,2.903,650.0,0.147,95
18:20:00,34.0,86,532,2.600,11878.1,0.462,58,594,2.903,650.0,0.147,95
18:30:00,34.0,86,531,2.595,11924.7,0.462,58,594,2.903,650.0,0.147,95
18:40:00,34.0,86,532,2.600,11878.1,0.461,58,595,2.908,647.4,0.147,95
18:50:00,34.0,86,532,2.600,11878.1,0.461,58,595,2.908,647.4,0.147,95
19:00:00,34.0,86,532,2.600,11878.1,0.461,59,596,2.913,644.8,0.147,95
19:10:00,34.0,86,532,2.600,11878.1,0.461,59,597,2.918,642.2,0.146,95
19:20:00,34.0,86,533,2.605,11831.7,0.461,59,599,2.928,637.1,0.146,95
19:30:00,34.1,86,533,2.605,11831.7,0.460,59,599,2.928,637.1,0.145,95
19:40:00,34.1,86,533,2.605,11831.7,0.460,59,600,2.933,634.5,0.145,96
19:50:00,34.1,86,533,2.605,11831.7,0.460,59,600,2.933,634.5,0.145,96
20:00:00,34.1,86,533,2.605,11831.7,0.459,59,600,2.933,634.5,0.144,96
20:10:00,34.1,86,533,2.605,11831.7,0.459,59,601,2.937,631.9,0.144,96
20:20:00,34.1,86,533,2.605,11831.7,0.459,59,601,2.937,631.9,0.144,96
20:30:00,34.1,86,533,2.605,11831.7,0.459,59,600,2.933,634.5,0.144,96
20:40:00,34.2,86,533,2.605,11831.7,0.459,59,601,2.937,631.9,0.143,96
20:50:00,34.2,86,533,2.605,11831.7,0.459,59,601,2.937,631.9,0.143,96
21:00:00,34.2,86,534,2.610,11785.4,0.459,59,601,2.937,631.9,0.143,96
21:10:00,34.2,86,533,2.605,11831.7,0.459,59,602,2.942,629.4,0.143,96
21:20:00,34.2,86,533,2.605,11831.7,0.459,59,603,2.947,626.9,0.143,96
21:30:00,34.2,86,533,2.605,11831.7,0.459,59,603,2.947,626.9,0.142,96
21:40:00,34.3,86,534,2.610,11785.4,0.458,59,603,2.947,626.9,0.142,96
21:50:00,34.3,86,534,2.610,11785.4,0.458,59,603,2.947,626.9,0.142,96
22:00:00,34.3,86,534,2.610,11785.4,0.458,59,604,2.952,624.3,0.142,96
22:10:00,34.3,86,534,2.610,11785.4,0.458,59,604,2.952,624.3,0.142,96
22:20:00,34.3,86,534,2.610,11785.4,0.457,59,604,2.952,624.3,0.141,96
22:30:00,34.4,86,534,2.610,11785.4,0.457,59,604,2.952,624.3,0.141,96
22:40:00,34.4,86,534,2.610,11785.4,0.457,59,605,2.957,621.8,0.141,96
22:50:00,34.4,86,534,2.610,11785.4,0.457,59,605,2.957,621.8,0.141,96
23:00:00,34.4,85,534,2.610,11785.4,0.457,59,605,2.957,621.8,0.141,96
23:10:00,34.4,86,534,2.610,11785.4,0.457,59,605,2.957,621.8,0.141,96
23:20:00,34.4,85,534,2.610,11785.4,0.457,59,605,2.957,621.8,0.141,96
23:30:00,34.4,86,534,2.610,11785.4,0.457,59,606,2.962,619.3,0.140,96
23:40:00,34.4,85,535,2.615,11739.4,0.457,59,606,2.962,619.3,0.140,96
23:50:00,34.5,85,534,2.610,11785.4,0.457,59,606,2.962,619.3,0.140,96
24:00:00,34.5,85,534,2.610,11785.4,0.457,59,607,2.967,616.8,0.140,96
24:10:00,34.5,85,535,2.615,11739.4,0.456,59,607,2.967,616.8,0.140,96
24:20:00,34.5,85,535,2.615,11739.4,0.456,59,607,2.967,616.8,0.140,96
24:30:00,34.5,85,534,2.610,11785.4,0.456,59,607,2.967,616.8,0.140,96
24:40:00,34.6,85,535,2.615,11739.4,0.456,59,608,2.972,614.3,0.139,96
24:50:00,34.6,85,535,2.615,11739.4,0.456,59,608,2.972,614.3,0.139,96
25:00:00,34.6,85,535,2.615,11739.4,0.456,59,608,2.972,614.3,0.139,96
25:10:00,34.6,85,536,2.620,11693.5,0.455,59,609,2.977,611.8,0.139,96
25:20:00,34.6,85,537,2.625,11647.7,0.454,59,614,3.001,599.5,0.138,96
25:30:00,34.5,85,538,2.630,11602.1,0.454,60,617,3.016,592.2,0.137,96
25:40:00,34.3,85,559,2.732,10682.8,0.446,61,686,3.353,442.1,0.130,97
25:50:00,34.2,85,543,2.654,11376.8,0.445,61,639,3.123,540.8,0.128,97
26:00:00,34.1,84,544,2.659,11332.2,0.444,61,641,3.133,536.3,0.127,97
26:10:00,34.1,84,546,2.669,11243.6,0.442,61,651,3.182,514.3,0.125,98
26:20:00,34.0,84,544,2.659,11332.2,0.442,61,641,3.133,536.3,0.124,98
26:30:00,33.9,84,544,2.659,11332.2,0.441,61,641,3.133,536.3,0.123,98
26:40:00,33.7,84,544,2.659,11332.2,0.441,61,642,3.138,534.1,0.123,98
26:50:00,33.7,84,546,2.669,11243.6,0.440,61,647,3.162,523.0,0.122,98
27:00:00,33.7,84,546,2.669,11243.6,0.439,61,648,3.167,520.8,0.121,98
27:10:00,33.6,84,546,2.669,11243.6,0.438,62,649,3.172,518.6,0.120,98
27:20:00,33.6,84,546,2.669,11243.6,0.438,62,650,3.177,516.5,0.119,98
27:30:00,33.6,84,546,2.669,11243.6,0.437,62,651,3.182,514.3,0.119,98
27:40:00,33.5,84,550,2.688,11068.2,0.436,62,659,3.221,497.1,0.117,98
27:50:00,33.5,84,550,2.688,11068.2,0.434,62,662,3.236,490.8,0.116,98
28:00:00,33.4,84,546,2.669,11243.6,0.435,62,651,3.182,514.3,0.116,98
28:10:00,33.2,84,544,2.659,11332.2,0.436,62,648,3.167,520.8,0.116,98
28:20:00,33.0,84,543,2.654,11376.8,0.437,62,645,3.152,527.4,0.117,98
28:30:00,32.9,84,543,2.654,11376.8,0.438,62,643,3.143,531.9,0.118,98
28:40:00,32.9,84,543,2.654,11376.8,0.438,62,645,3.152,527.4,0.118,98
28:50:00,32.8,84,542,2.649,11421.5,0.439,61,644,3.148,529.7,0.118,98
29:00:00,32.7,84,542,2.649,11421.5,0.440,61,643,3.143,531.9,0.119,98
29:10:00,32.6,84,540,2.639,11511.5,0.441,61,637,3.113,545.4,0.119,98
29:20:00,32.6,84,539,2.634,11556.7,0.443,61,635,3.104,549.9,0.120,98
29:30:00,32.5,84,539,2.634,11556.7,0.444,61,633,3.094,554.5,0.121,98
29:40:00,32.4,84,536,2.620,11693.5,0.446,61,626,3.060,570.8,0.123,98
29:50:00,32.4,84,536,2.620,11693.5,0.447,60,625,3.055,573.1,0.124,98
30:00:00,32.4,84,536,2.620,11693.5,0.448,60,625,3.055,573.1,0.125,97
30:10:00,32.4,84,535,2.615,11739.4,0.450,60,624,3.050,575.5,0.126,97
30:20:00,32.3,84,536,2.620,11693.5,0.450,60,623,3.045,577.8,0.127,97
30:30:00,32.3,84,535,2.615,11739.4,0.451,60,622,3.040,580.2,0.128,97
30:40:00,32.3,84,538,2.630,11602.1,0.451,60,632,3.089,556.8,0.127,97
30:50:00,32.2,84,539,2.634,11556.7,0.450,60,632,3.089,556.8,0.127,97
31:00:00,32.2,84,538,2.630,11602.1,0.450,60,631,3.084,559.1,0.127,97
31:10:00,32.2,84,539,2.634,11556.7,0.450,60,633,3.094,554.5,0.126,97
31:20:00,32.2,84,539,2.634,11556.7,0.449,60,634,3.099,552.2,0.126,97
31:30:00,32.1,84,539,2.634,11556.7,0.449,60,634,3.099,552.2,0.126,97
31:40:00,32.1,84,540,2.639,11511.5,0.449,60,636,3.109,547.6,0.125,97
31:50:00,32.0,84,541,2.644,11466.4,0.448,60,640,3.128,538.6,0.125,98
32:00:00,32.0,84,541,2.644,11466.4,0.447,60,639,3.123,540.8,0.124,98
32:10:00,31.9,84,540,2.639,11511.5,0.447,60,638,3.118,543.1,0.124,98
32:20:00,31.9,84,540,2.639,11511.5,0.447,60,639,3.123,540.8,0.123,98
32:30:00,31.8,84,577,2.820,9948.0,0.435,62,730,3.568,361.2,0.115,98
33:00:00,31.4,85,586,2.864,9597.6,0.405,63,748,3.656,330.9,0.095,99
33:00:00,31.4,85,586,2.864,9597.6,0.405,64,748,3.656,330.9,0.095,99
32:50:00,31.5,85,581,2.840,9790.9,0.413,66,742,3.627,340.8,0.101,100
33:00:00,31.4,85,586,2.864,9597.6,0.405,66,748,3.656,330.9,0.095,100
33:00:00,31.4,85,586,2.864,9597.6,0.405,68,748,3.656,330.9,0.095,100
33:00:00,31.4,85,586,2.864,9597.6,0.405,68,748,3.656,330.9,0.095,100
33:00:00,31.4,85,586,2.864,9597.6,0.405,69,748,3.656,330.9,0.095,100
33:00:00,31.4,85,586,2.864,9597.6,0.405,69,748,3.656,330.9,0.095,100
33:00:00,31.4,85,586,2.864,9597.6,0.405,69,748,3.656,330.9,0.095,100
33:00:00,31.4,85,586,2.864,9597.6,0.405,69,748,3.656,330.9,0.095,100
33:00:00,31.4,85,586,2.864,9597.6,0.405,69,748,3.656,330.9,0.095,100
33:00:00,31.4,85,586,2.864,9597.6,0.405,70,748,3.656,330.9,0.095,100
33:00:00,31.4,85,586,2.864,9597.6,0.405,70,748,3.656,330.9,0.095,100
33:00:00,31.4,85,586,2.864,9597.6,0.405,70,748,3.656,330.9,0.095,100
33:00:00,31.4,85,586,2.864,9597.6,0.405,70,748,3.656,330.9,0.095,100
33:00:00,31.4,85,586,2.864,9597.6,0.405,70,748,3.656,330.9,0.095,100
33:00:00,31.4,85,586,2.864,9597.6,0.405,70,748,3.656,330.9,0.095,100
33:00:00,31.4,85,586,2.864,9597.6,0.405,70,748,3.656,330.9,0.095,100
33:00:00,31.4,85,586,2.864,9597.6,0.405,70,748,3.656,330.9,0.095,100
33:00:00,31.4,85,586,2.864,9597.6,0.405,70,748,3.656,330.9,0.095,100
33:00:00,31.4,85,586,2.864,9597.6,0.405,70,748,3.656,330.9,0.095,100
33:00:00,31.4,85,586,2.864,9597.6,0.405,70,748,3.656,330.9,0.095,100
33:00:00,31.4,85,586,2.864,9597.6,0.405,69,748,3.656,330.9,0.095,100
33:00:00,31.4,85,586,2.864,9597.6,0.405,68,748,3.656,330.9,0.095,100
33:00:00,31.4,85,586,2.864,9597.6,0.405,68,748,3.656,330.9,0.095,100
33:00:00,31.4,85,586,2.864,9597.6,0.405,68,748,3.656,330.9,0.095,100
33:00:00,31.4,85,586,2.864,9597.6,0.405,68,748,3.656,330.9,0.095,100
33:00:00,31.4,85,586,2.864,9597.6,0.405,68,748,3.656,330.9,0.095,100
33:00:00,31.4,85,586,2.864,9597.6,0.405,67,748,3.656,330.9,0.095,100
33:00:00,31.4,85,586,2.864,9597.6,0.405,67,748,3.656,330.9,0.095,100
33:00:00,31.4,85,586,2.864,9597.6,0.405,67,748,3.656,330.9,0.095,100
33:00:00,31.4,85,586,2.864,9597.6,0.405,67,748,3.656,330.9,0.095,100
33:00:00,31.4,85,586,2.864,9597.6,0.405,67,748,3.656,330.9,0.095,100
33:00:00,31.4,85,586,2.864,9597.6,0.405,67,748,3.656,330.9,0.095,100
33:00:00,31.4,85,586,2.864,9597.6,0.405,67,748,3.656,330.9,0.095,100
33:00:00,31.4,85,586,2.864,9597.6,0.405,67,748,3.656,330.9,0.095,100
33:00:00,31.4,85,586,2.864,9597.6,0.405,67,748,3.656,330.9,0.095,100
33:00:00,31.4,85,586,2.864,9597.6,0.405,67,748,3.656,330.9,0.095,100
33:00:00,31.4,85,586,2.864,9597.6,0.405,67,748,3.656,330.9,0.095,100
33:00:00,31.4,85,586,2.864,9597.6,0.405,67,748,3.656,330.9,0.095,100
33:00:00,31.4,85,586,2.864,9597.6,0.405,67,748,3.656,330.9,0.095,100
33:00:00,31.4,85,586,2.864,9597.6,0.405,67,748,3.656,330.9,0.095,100
33:00:00,31.4,85,586,2.864,9597.6,0.405,67,748,3.656,330.9,0.095,100
33:00:00,31.4,85,586,2.864,9597.6,0.405,67,748,3.656,330.9,0.095,100
33:00:00,31.4,85,586,2.864,9597.6,0.405,67,748,3.656,330.9,0.095,100
33:00:00,31.4,85,586,2.864,9597.6,0.405,67,748,3.656,330.9,0.095,100
33:00:00,31.4,85,586,2.864,9597.6,0.405,67,748,3.656,330.9,0.095,100
33:00:00,31.4,85,586,2.864,9597.6,0.405,67,748,3.656,330.9,0.095,100
33:00:00,31.4,85,586,2.864,9597.6,0.405,67,748,3.656,330.9,0.095,100
33:00:00,31.4,85,586,2.864,9597.6,0.405,68,748,3.656,330.9,0.095,100
33:00:00,31.4,85,586,2.864,9597.6,0.405,67,748,3.656,330.9,0.095,100
33:00:00,31.4,85,586,2.864,9597.6,0.405,67,748,3.656,330.9,0.095,100
33:00:00,31.4,85,586,2.864,9597.6,0.405,67,748,3.656,330.9,0.095,100
33:00:00,31.4,85,586,2.864,9597.6,0.405,67,748,3.656,330.9,0.095,100
33:00:00,31.4,85,586,2.864,9597.6,0.405,68,748,3.656,330.9,0.095,100
33:00:00,31.4,85,586,2.864,9597.6,0.405,68,748,3.656,330.9,0.095,100
33:00:00,31.4,85,586,2.864,9597.6,0.405,68,748,3.656,330.9,0.095,100
33:00:00,31.4,85,586,2.864,9597.6,0.405,68,748,3.656,330.9,0.095,100
33:00:00,31.4,85,586,2.864,9597.6,0.405,68,748,3.656,330.9,0.095,100
33:00:00,31.4,85,586,2.864,9597.6,0.405,68,748,3.656,330.9,0.095,100
33:00:00,31.4,85,586,2.864,9597.6,0.405,68,748,3.656,330.9,0.095,100
33:00:00,31.4,85,586,2.864,9597.6,0.405,68,748,3.656,330.9,0.095,100
33:00:00,31.4,85,586,2.864,9597.6,0.405,68,748,3.656,330.9,0.095,100
33:00:00,31.4,85,586,2.864,9597.6,0.405,68,748,3.656,330.9,0.095,100
33:00:00,31.4,85,586,2.864,9597.6,0.405,68,748,3.656,330.9,0.095,100
33:00:00,31.4,85,586,2.864,9597.6,0.405,68,748,3.656,330.9,0.095,100
33:00:00,31.4,85,586,2.864,9597.6,0.405,68,748,3.656,330.9,0.095,100
33:00:00,31.4,85,586,2.864,9597.6,0.405,68,748,3.656,330.9,0.095,100
33:00:00,31.4,85,586,2.864,9597.6,0.405,68,748,3.656,330.9,0.095,100
33:00:00,31.4,85,586,2.864,9597.6,0.405,68,748,3.656,330.9,0.095,100
33:00:00,31.4,85,586,2.864,9597.6,0.405,68,748,3.656,330.9,0.095,100
33:00:00,31.4,85,586,2.864,9597.6,0.405,68,748,3.656,330.9,0.095,1000:10:00,33.3,85,568,2.776,10309.6,0.400,67,697,3.407,420.9,0.095,100
0:20:00,33.1,85,555,2.713,10852.5,0.404,66,669,3.270,476.2,0.097,100
0:30:00,33.1,84,556,2.717,10809.9,0.407,66,669,3.270,476.2,0.099,100
0:40:00,33.0,84,558,2.727,10725.0,0.409,66,674,3.294,466.0,0.101,100
0:50:00,33.0,85,560,2.737,10640.7,0.409,65,677,3.309,460.0,0.101,100
1:00:00,33.0,85,560,2.737,10640.7,0.410,65,678,3.314,458.0,0.102,100
1:10:00,33.0,85,561,2.742,10598.8,0.410,65,679,3.319,456.0,0.102,100
1:20:00,33.0,85,562,2.747,10557.1,0.410,65,682,3.333,450.0,0.102,100
1:30:00,33.0,85,563,2.752,10515.5,0.410,65,683,3.338,448.0,0.102,100
1:40:00,33.0,85,564,2.757,10474.0,0.409,65,685,3.348,444.1,0.101,100
1:50:00,33.0,85,564,2.757,10474.0,0.408,66,686,3.353,442.1,0.101,100
2:00:00,33.0,85,565,2.761,10432.7,0.408,66,687,3.358,440.2,0.101,100
2:10:00,33.0,85,565,2.761,10432.7,0.407,66,688,3.363,438.2,0.100,100
2:20:00,33.0,85,566,2.766,10391.5,0.406,66,689,3.368,436.3,0.100,100
2:30:00,33.0,85,566,2.766,10391.5,0.405,66,689,3.368,436.3,0.100,100
2:40:00,33.0,85,566,2.766,10391.5,0.405,66,689,3.368,436.3,0.099,100
2:50:00,33.0,85,567,2.771,10350.5,0.404,66,690,3.372,434.3,0.099,100
3:00:00,33.0,85,555,2.713,10852.5,0.407,66,663,3.240,488.7,0.101,100
3:10:00,33.0,85,557,2.722,10767.4,0.409,65,667,3.260,480.4,0.103,100
3:20:00,33.1,85,558,2.727,10725.0,0.411,65,669,3.270,476.2,0.104,100
3:30:00,33.1,85,558,2.727,10725.0,0.412,65,668,3.265,478.3,0.105,100
3:40:00,33.1,85,559,2.732,10682.8,0.412,65,669,3.270,476.2,0.105,99
3:50:00,33.1,85,559,2.732,10682.8,0.413,65,670,3.275,474.2,0.106,99
4:00:00,33.1,85,560,2.737,10640.7,0.413,65,670,3.275,474.2,0.106,99
4:10:00,33.1,85,560,2.737,10640.7,0.413,65,671,3.280,472.1,0.106,99
4:20:00,33.1,85,561,2.742,10598.8,0.412,65,672,3.284,470.1,0.106,99
4:30:00,33.1,85,561,2.742,10598.8,0.412,65,672,3.284,470.1,0.106,99
4:40:00,33.1,85,562,2.747,10557.1,0.411,65,673,3.289,468.1,0.106,99
4:50:00,33.1,85,562,2.747,10557.1,0.411,65,674,3.294,466.0,0.106,99
5:00:00,33.1,85,562,2.747,10557.1,0.411,65,674,3.294,466.0,0.106,99
5:10:00,33.1,85,577,2.820,9948.0,0.406,66,692,3.382,430.5,0.104,100
5:20:00,33.0,84,621,3.035,8331.3,0.389,68,764,3.734,305.1,0.097,100
5:30:00,32.7,85,592,2.893,9369.9,0.384,69,735,3.592,352.7,0.093,100
5:40:00,32.5,85,592,2.893,9369.9,0.380,69,734,3.587,354.4,0.091,100
5:50:00,32.4,84,592,2.893,9369.9,0.376,70,734,3.587,354.4,0.089,100
6:00:00,32.3,84,592,2.893,9369.9,0.374,70,733,3.583,356.1,0.087,100
6:10:00,32.2,84,598,2.923,9146.7,0.370,71,740,3.617,344.2,0.085,100
6:20:00,32.2,84,598,2.923,9146.7,0.367,71,740,3.617,344.2,0.084,100
6:30:00,32.2,84,598,2.923,9146.7,0.364,71,740,3.617,344.2,0.082,100
6:40:00,32.1,84,598,2.923,9146.7,0.362,72,739,3.612,345.9,0.082,100
6:50:00,32.1,84,598,2.923,9146.7,0.361,72,739,3.612,345.9,0.081,100
7:00:00,32.1,84,598,2.923,9146.7,0.360,72,739,3.612,345.9,0.080,100
7:10:00,32.0,84,598,2.923,9146.7,0.359,72,738,3.607,347.6,0.080,100
7:20:00,31.9,84,599,2.928,9110.0,0.358,72,739,3.612,345.9,0.080,100
7:30:00,31.9,84,600,2.933,9073.4,0.356,72,739,3.612,345.9,0.079,100
7:40:00,31.8,84,600,2.933,9073.4,0.355,73,738,3.607,347.6,0.079,100
7:50:00,31.8,84,600,2.933,9073.4,0.355,73,738,3.607,347.6,0.079,100
8:00:00,31.8,84,600,2.933,9073.4,0.354,73,738,3.607,347.6,0.079,100
8:10:00,31.7,84,600,2.933,9073.4,0.354,73,738,3.607,347.6,0.079,100
8:20:00,31.7,84,600,2.933,9073.4,0.353,73,737,3.602,349.3,0.079,100
8:30:00,31.6,84,600,2.933,9073.4,0.353,73,737,3.602,349.3,0.079,100
8:40:00,31.6,84,600,2.933,9073.4,0.353,73,737,3.602,349.3,0.079,100
8:50:00,31.6,85,601,2.937,9036.8,0.352,73,736,3.597,351.0,0.079,100
9:00:00,31.6,85,601,2.937,9036.8,0.352,73,736,3.597,351.0,0.079,100
9:10:00,31.6,85,601,2.937,9036.8,0.352,73,736,3.597,351.0,0.079,100
9:20:00,31.5,85,601,2.937,9036.8,0.351,73,736,3.597,351.0,0.079,100
9:30:00,31.5,85,601,2.937,9036.8,0.351,73,735,3.592,352.7,0.079,100
9:40:00,31.5,85,601,2.937,9036.8,0.351,73,735,3.592,352.7,0.079,100
9:50:00,31.5,85,601,2.937,9036.8,0.351,73,735,3.592,352.7,0.079,100
10:00:00,31.5,85,601,2.937,9036.8,0.351,73,734,3.587,354.4,0.079,100
10:10:00,31.5,85,622,3.040,8297.2,0.345,74,757,3.700,316.2,0.078,100
10:20:00,31.5,85,602,2.942,9000.4,0.346,74,737,3.602,349.3,0.078,100
10:30:00,31.4,85,601,2.937,9036.8,0.347,74,735,3.592,352.7,0.078,100
10:40:00,31.4,85,602,2.942,9000.4,0.347,74,735,3.592,352.7,0.079,100
10:50:00,31.5,85,607,2.967,8820.3,0.346,74,741,3.622,342.5,0.078,100
11:00:00,31.4,85,622,3.040,8297.2,0.341,75,757,3.700,316.2,0.077,100
11:10:00,31.3,85,623,3.045,8263.2,0.337,75,757,3.700,316.2,0.076,100
11:20:00,31.3,85,624,3.050,8229.4,0.333,76,758,3.705,314.6,0.075,100
11:30:00,31.3,85,615,3.006,8538.1,0.333,76,751,3.671,326.0,0.075,100
11:40:00,31.4,85,606,2.962,8856.1,0.335,75,740,3.617,344.2,0.075,100
11:50:00,31.5,85,606,2.962,8856.1,0.337,75,739,3.612,345.9,0.076,100
12:00:00,31.6,85,615,3.006,8538.1,0.336,75,749,3.661,329.2,0.075,100
12:10:00,31.7,85,613,2.996,8608.0,0.335,75,747,3.651,332.5,0.075,100
12:20:00,31.7,85,612,2.991,8643.1,0.335,75,746,3.646,334.2,0.075,100
12:30:00,31.7,85,609,2.977,8749.1,0.336,75,742,3.627,340.8,0.076,100
12:40:00,31.8,85,609,2.977,8749.1,0.337,75,742,3.627,340.8,0.076,100
12:50:00,31.8,85,608,2.972,8784.6,0.337,75,741,3.622,342.5,0.076,100
13:00:00,31.8,85,608,2.972,8784.6,0.338,75,740,3.617,344.2,0.077,100
13:10:00,31.9,85,604,2.952,8928.0,0.340,75,736,3.597,351.0,0.077,100
13:20:00,31.9,85,603,2.947,8964.2,0.341,75,735,3.592,352.7,0.078,100
13:30:00,32.0,85,603,2.947,8964.2,0.342,74,734,3.587,354.4,0.078,100
13:40:00,32.0,85,603,2.947,8964.2,0.343,74,734,3.587,354.4,0.078,100
13:50:00,32.0,85,604,2.952,8928.0,0.344,74,735,3.592,352.7,0.079,100
14:00:00,32.0,85,602,2.942,9000.4,0.345,74,732,3.578,357.8,0.079,100
14:10:00,32.1,85,603,2.947,8964.2,0.345,74,734,3.587,354.4,0.079,100
14:20:00,32.1,85,603,2.947,8964.2,0.346,74,733,3.583,356.1,0.079,100
14:30:00,32.1,85,603,2.947,8964.2,0.346,74,733,3.583,356.1,0.080,100
14:40:00,32.1,85,604,2.952,8928.0,0.346,74,734,3.587,354.4,0.080,100
14:50:00,32.2,85,598,2.923,9146.7,0.348,74,725,3.543,369.9,0.080,100
15:00:00,32.2,85,598,2.923,9146.7,0.349,73,725,3.543,369.9,0.081,100
15:10:00,32.2,85,598,2.923,9146.7,0.350,73,725,3.543,369.9,0.082,100
15:20:00,32.3,85,600,2.933,9073.4,0.351,73,727,3.553,366.4,0.082,100
15:30:00,32.3,85,598,2.923,9146.7,0.351,73,725,3.543,369.9,0.082,100
15:40:00,32.3,85,599,2.928,9110.0,0.352,73,725,3.543,369.9,0.082,100
15:50:00,32.3,85,599,2.928,9110.0,0.352,73,725,3.543,369.9,0.083,100
16:00:00,32.3,85,600,2.933,9073.4,0.352,73,726,3.548,368.2,0.083,100
16:10:00,32.3,85,600,2.933,9073.4,0.352,73,726,3.548,368.2,0.083,100
16:20:00,32.4,85,601,2.937,9036.8,0.352,73,726,3.548,368.2,0.083,100
16:30:00,32.4,85,601,2.937,9036.8,0.351,73,727,3.553,366.4,0.083,100
16:40:00,32.4,85,600,2.933,9073.4,0.351,73,725,3.543,369.9,0.083,100
16:50:00,32.4,85,600,2.933,9073.4,0.351,73,725,3.543,369.9,0.083,100
17:00:00,32.4,85,600,2.933,9073.4,0.352,73,724,3.539,371.7,0.083,100
17:10:00,32.5,85,601,2.937,9036.8,0.351,73,725,3.543,369.9,0.083,100
17:20:00,32.5,85,602,2.942,9000.4,0.351,73,725,3.543,369.9,0.083,100
17:30:00,32.5,85,602,2.942,9000.4,0.350,73,725,3.543,369.9,0.083,100
17:40:00,32.5,85,602,2.942,9000.4,0.350,73,725,3.543,369.9,0.083,100
17:50:00,32.5,85,602,2.942,9000.4,0.350,73,725,3.543,369.9,0.083,100
18:00:00,32.5,85,603,2.947,8964.2,0.349,73,727,3.553,366.4,0.083,100
18:10:00,32.5,85,604,2.952,8928.0,0.349,73,727,3.553,366.4,0.083,100
18:20:00,32.6,85,604,2.952,8928.0,0.348,74,727,3.553,366.4,0.083,100
18:30:00,32.5,85,604,2.952,8928.0,0.348,74,727,3.553,366.4,0.083,100
18:40:00,32.6,85,604,2.952,8928.0,0.347,74,726,3.548,368.2,0.083,100
18:50:00,32.6,85,604,2.952,8928.0,0.347,74,726,3.548,368.2,0.083,100
19:00:00,32.6,85,604,2.952,8928.0,0.347,74,727,3.553,366.4,0.083,100
19:10:00,32.6,85,604,2.952,8928.0,0.347,74,727,3.553,366.4,0.083,100
19:20:00,32.6,85,605,2.957,8892.0,0.346,74,727,3.553,366.4,0.083,100
19:30:00,32.6,85,605,2.957,8892.0,0.346,74,727,3.553,366.4,0.083,100
19:40:00,32.6,85,605,2.957,8892.0,0.346,74,727,3.553,366.4,0.083,100
19:50:00,32.6,85,605,2.957,8892.0,0.346,74,726,3.548,368.2,0.083,100
20:00:00,32.7,85,606,2.962,8856.1,0.345,74,726,3.548,368.2,0.083,100
20:10:00,32.7,85,606,2.962,8856.1,0.345,74,727,3.553,366.4,0.083,100
20:20:00,32.7,85,606,2.962,8856.1,0.344,74,727,3.553,366.4,0.083,100
20:30:00,32.7,85,604,2.952,8928.0,0.345,74,723,3.534,373.4,0.083,100
20:40:00,32.7,85,605,2.957,8892.0,0.345,74,724,3.539,371.7,0.083,100
20:50:00,32.7,85,606,2.962,8856.1,0.344,74,724,3.539,371.7,0.083,100
21:00:00,32.7,85,606,2.962,8856.1,0.344,74,725,3.543,369.9,0.083,100
21:10:00,32.7,85,606,2.962,8856.1,0.344,74,725,3.543,369.9,0.083,100
21:20:00,32.7,85,607,2.967,8820.3,0.344,74,725,3.543,369.9,0.083,100
21:30:00,32.7,85,607,2.967,8820.3,0.343,74,726,3.548,368.2,0.083,100
21:40:00,32.7,85,607,2.967,8820.3,0.343,74,725,3.543,369.9,0.083,100
21:50:00,32.7,85,608,2.972,8784.6,0.343,74,726,3.548,368.2,0.083,100
22:00:00,32.7,85,609,2.977,8749.1,0.342,74,726,3.548,368.2,0.083,100
22:10:00,32.8,85,610,2.981,8713.6,0.341,75,726,3.548,368.2,0.083,100
22:20:00,32.8,85,609,2.977,8749.1,0.341,75,724,3.539,371.7,0.083,100
22:30:00,32.8,85,609,2.977,8749.1,0.340,75,724,3.539,371.7,0.083,100
22:40:00,32.8,85,609,2.977,8749.1,0.340,75,724,3.539,371.7,0.084,100
22:50:00,32.8,85,609,2.977,8749.1,0.340,75,724,3.539,371.7,0.084,100
23:00:00,32.8,85,610,2.981,8713.6,0.340,75,724,3.539,371.7,0.084,100
23:10:00,32.8,85,610,2.981,8713.6,0.339,75,724,3.539,371.7,0.084,100
23:20:00,32.8,85,610,2.981,8713.6,0.339,75,724,3.539,371.7,0.084,100
23:30:00,32.9,85,610,2.981,8713.6,0.339,75,724,3.539,371.7,0.084,100
23:40:00,32.9,85,611,2.986,8678.3,0.338,75,724,3.539,371.7,0.084,100
23:50:00,32.9,85,610,2.981,8713.6,0.338,75,723,3.534,373.4,0.084,100
24:00:00,32.9,85,610,2.981,8713.6,0.338,75,723,3.534,373.4,0.084,100
24:10:00,32.9,85,611,2.986,8678.3,0.338,75,723,3.534,373.4,0.084,100
24:20:00,33.0,85,588,2.874,9521.2,0.344,74,684,3.343,446.1,0.087,100
24:30:00,33.0,85,589,2.879,9483.2,0.349,74,683,3.338,448.0,0.090,100
24:40:00,33.1,85,582,2.845,9752.0,0.355,73,673,3.289,468.1,0.093,100
24:50:00,33.1,85,578,2.825,9908.6,0.361,72,660,3.226,495.0,0.097,100
25:00:00,33.2,85,582,2.845,9752.0,0.364,71,667,3.260,480.4,0.099,100
25:10:00,33.2,85,583,2.849,9713.2,0.367,71,668,3.265,478.3,0.101,100
25:20:00,33.2,85,585,2.859,9636.0,0.368,71,671,3.280,472.1,0.102,100
25:30:00,33.2,85,586,2.864,9597.6,0.369,71,674,3.294,466.0,0.103,100
25:40:00,33.3,85,586,2.864,9597.6,0.369,71,673,3.289,468.1,0.103,100
25:50:00,33.3,85,588,2.874,9521.2,0.369,71,676,3.304,462.0,0.103,100
26:00:00,33.3,85,589,2.879,9483.2,0.369,71,678,3.314,458.0,0.103,100
26:10:00,33.4,85,588,2.874,9521.2,0.369,71,675,3.299,464.0,0.104,100
26:20:00,33.3,85,587,2.869,9559.3,0.369,71,673,3.289,468.1,0.104,100
26:30:00,33.4,85,589,2.879,9483.2,0.369,71,676,3.304,462.0,0.104,100
26:40:00,33.4,85,591,2.889,9407.5,0.368,71,677,3.309,460.0,0.104,100
26:50:00,33.4,85,590,2.884,9445.3,0.368,71,676,3.304,462.0,0.104,100
27:00:00,33.4,85,590,2.884,9445.3,0.367,71,675,3.299,464.0,0.104,100
27:10:00,33.5,85,589,2.879,9483.2,0.367,71,673,3.289,468.1,0.104,100
27:20:00,33.5,85,590,2.884,9445.3,0.367,71,674,3.294,466.0,0.105,100
27:30:00,33.5,85,591,2.889,9407.5,0.367,71,674,3.294,466.0,0.105,100
27:40:00,33.6,85,591,2.889,9407.5,0.366,71,673,3.289,468.1,0.105,100
27:50:00,33.6,85,590,2.884,9445.3,0.366,71,672,3.284,470.1,0.105,99
28:00:00,33.6,85,592,2.893,9369.9,0.366,71,673,3.289,468.1,0.105,99
28:10:00,33.6,85,593,2.898,9332.4,0.365,71,673,3.289,468.1,0.105,99
28:20:00,33.6,85,592,2.893,9369.9,0.365,71,671,3.280,472.1,0.106,99
28:30:00,33.6,85,597,2.918,9183.6,0.363,72,682,3.333,450.0,0.105,100
28:40:00,33.6,85,597,2.918,9183.6,0.361,72,680,3.324,454.0,0.104,100
28:50:00,33.6,85,598,2.923,9146.7,0.360,72,683,3.338,448.0,0.104,100
29:00:00,33.7,85,599,2.928,9110.0,0.359,72,683,3.338,448.0,0.103,100
29:10:00,33.7,85,585,2.859,9636.0,0.362,72,649,3.172,518.6,0.106,99
29:20:00,33.8,85,587,2.869,9559.3,0.363,72,654,3.196,507.8,0.108,99
29:30:00,33.8,85,590,2.884,9445.3,0.364,71,659,3.221,497.1,0.109,99
29:40:00,33.8,85,593,2.898,9332.4,0.364,72,663,3.240,488.7,0.109,99
29:50:00,33.8,85,599,2.928,9110.0,0.361,72,677,3.309,460.0,0.108,99
30:00:00,33.8,85,600,2.933,9073.4,0.360,72,679,3.319,456.0,0.107,99
30:10:00,33.8,85,604,2.952,8928.0,0.357,72,685,3.348,444.1,0.106,99
30:20:00,33.8,85,604,2.952,8928.0,0.355,73,685,3.348,444.1,0.104,100
30:30:00,33.8,85,602,2.942,9000.4,0.354,73,681,3.328,452.0,0.104,100
30:40:00,33.8,85,603,2.947,8964.2,0.352,73,683,3.338,448.0,0.103,100
30:50:00,33.8,85,606,2.962,8856.1,0.351,73,686,3.353,442.1,0.103,100
31:00:00,33.8,85,607,2.967,8820.3,0.349,73,687,3.358,440.2,0.102,100
31:10:00,33.8,85,608,2.972,8784.6,0.347,74,686,3.353,442.1,0.102,100
31:20:00,33.8,85,606,2.962,8856.1,0.346,74,683,3.338,448.0,0.101,100
31:30:00,33.8,85,608,2.972,8784.6,0.345,74,684,3.343,446.1,0.101,100
31:40:00,33.9,85,608,2.972,8784.6,0.344,74,684,3.343,446.1,0.101,100
31:50:00,33.9,85,609,2.977,8749.1,0.343,74,683,3.338,448.0,0.101,100
32:00:00,33.9,85,609,2.977,8749.1,0.342,74,683,3.338,448.0,0.101,100
32:10:00,33.9,85,590,2.884,9445.3,0.347,74,636,3.109,547.6,0.106,99
32:20:00,34.0,85,592,2.893,9369.9,0.350,73,642,3.138,534.1,0.109,99
32:30:00,34.0,85,593,2.898,9332.4,0.353,73,642,3.138,534.1,0.111,99
32:40:00,34.0,85,595,2.908,9257.7,0.354,73,643,3.143,531.9,0.113,99
32:50:00,34.0,85,596,2.913,9220.6,0.355,73,644,3.148,529.7,0.114,99
33:00:00,34.1,85,597,2.918,9183.6,0.355,73,647,3.162,523.0,0.115,99
33:10:00,34.1,85,597,2.918,9183.6,0.355,73,647,3.162,523.0,0.116,98
33:20:00,34.1,85,598,2.923,9146.7,0.355,73,647,3.162,523.0,0.116,98
33:30:00,34.1,85,599,2.928,9110.0,0.355,73,648,3.167,520.8,0.116,98
33:40:00,34.1,85,600,2.933,9073.4,0.354,73,648,3.167,520.8,0.117,98
33:50:00,34.1,85,600,2.933,9073.4,0.354,73,650,3.177,516.5,0.117,98
34:00:00,34.1,85,602,2.942,9000.4,0.353,73,653,3.192,510.0,0.116,98
34:10:00,34.2,85,601,2.937,9036.8,0.352,73,650,3.177,516.5,0.116,98
34:20:00,34.2,85,604,2.952,8928.0,0.351,73,656,3.206,503.5,0.116,98
34:30:00,34.2,85,605,2.957,8892.0,0.350,73,659,3.221,497.1,0.115,98
34:40:00,34.2,85,610,2.981,8713.6,0.347,74,666,3.255,482.4,0.114,99
34:50:00,34.2,85,616,3.011,8503.4,0.344,74,679,3.319,456.0,0.112,99
35:00:00,34.2,85,596,2.913,9220.6,0.347,74,636,3.109,547.6,0.114,99
35:10:00,34.2,85,594,2.903,9295.0,0.349,73,625,3.055,573.1,0.117,98
35:20:00,34.3,85,596,2.913,9220.6,0.351,73,627,3.065,568.4,0.119,98
35:30:00,34.3,85,596,2.913,9220.6,0.352,73,627,3.065,568.4,0.121,98
35:40:00,34.3,85,597,2.918,9183.6,0.353,73,628,3.069,566.1,0.122,98
35:50:00,34.3,85,597,2.918,9183.6,0.354,73,627,3.065,568.4,0.124,98
36:00:00,34.3,85,598,2.923,9146.7,0.354,73,628,3.069,566.1,0.124,98
36:10:00,34.3,85,599,2.928,9110.0,0.354,73,627,3.065,568.4,0.125,97
36:20:00,34.3,85,600,2.933,9073.4,0.353,73,627,3.065,568.4,0.126,97
36:30:00,34.4,85,601,2.937,9036.8,0.353,73,628,3.069,566.1,0.126,97
36:40:00,34.4,85,602,2.942,9000.4,0.352,73,627,3.065,568.4,0.127,97
36:50:00,34.4,85,602,2.942,9000.4,0.351,73,627,3.065,568.4,0.127,97
37:00:00,34.4,85,603,2.947,8964.2,0.351,73,627,3.065,568.4,0.127,97
37:10:00,34.4,85,603,2.947,8964.2,0.350,73,626,3.060,570.8,0.128,97
37:20:00,34.4,85,603,2.947,8964.2,0.349,73,626,3.060,570.8,0.128,97
37:30:00,34.4,85,604,2.952,8928.0,0.349,73,626,3.060,570.8,0.128,97
37:40:00,34.4,85,604,2.952,8928.0,0.348,74,626,3.060,570.8,0.128,97
37:50:00,34.4,85,605,2.957,8892.0,0.348,74,626,3.060,570.8,0.128,97
38:00:00,34.4,85,605,2.957,8892.0,0.347,74,626,3.060,570.8,0.128,97
38:10:00,34.4,85,605,2.957,8892.0,0.347,74,626,3.060,570.8,0.128,97
38:20:00,34.4,85,606,2.962,8856.1,0.346,74,626,3.060,570.8,0.129,97
38:30:00,34.4,85,606,2.962,8856.1,0.345,74,626,3.060,570.8,0.129,97
38:40:00,34.4,85,606,2.962,8856.1,0.345,74,626,3.060,570.8,0.129,97
38:50:00,34.4,85,607,2.967,8820.3,0.344,74,626,3.060,570.8,0.129,97
39:00:00,34.4,85,607,2.967,8820.3,0.344,74,626,3.060,570.8,0.129,97
39:10:00,34.4,85,607,2.967,8820.3,0.343,74,626,3.060,570.8,0.129,97
39:20:00,34.4,85,608,2.972,8784.6,0.343,74,626,3.060,570.8,0.129,97
39:30:00,34.4,85,608,2.972,8784.6,0.342,74,626,3.060,570.8,0.129,97
39:40:00,34.4,85,608,2.972,8784.6,0.342,74,626,3.060,570.8,0.129,97
39:50:00,34.4,85,608,2.972,8784.6,0.342,74,625,3.055,573.1,0.129,97
40:00:00,34.4,85,609,2.977,8749.1,0.341,75,625,3.055,573.1,0.129,97
40:10:00,34.5,85,609,2.977,8749.1,0.341,75,625,3.055,573.1,0.129,97
40:20:00,34.4,85,609,2.977,8749.1,0.340,75,625,3.055,573.1,0.129,97
40:30:00,34.4,85,609,2.977,8749.1,0.340,75,625,3.055,573.1,0.129,97
40:40:00,34.5,85,609,2.977,8749.1,0.340,75,625,3.055,573.1,0.129,97
40:50:00,34.5,85,610,2.981,8713.6,0.340,75,625,3.055,573.1,0.129,97
41:00:00,34.5,85,610,2.981,8713.6,0.339,75,625,3.055,573.1,0.129,97
41:10:00,34.5,85,610,2.981,8713.6,0.339,75,625,3.055,573.1,0.129,97
41:20:00,34.5,85,610,2.981,8713.6,0.339,75,624,3.050,575.5,0.129,97
41:30:00,34.5,85,610,2.981,8713.6,0.339,75,625,3.055,573.1,0.129,97
41:40:00,34.5,85,611,2.986,8678.3,0.338,75,624,3.050,575.5,0.129,97
41:50:00,34.5,85,611,2.986,8678.3,0.338,75,625,3.055,573.1,0.129,97
42:00:00,34.5,85,611,2.986,8678.3,0.338,75,625,3.055,573.1,0.129,97
42:10:00,34.5,85,611,2.986,8678.3,0.337,75,624,3.050,575.5,0.130,97
42:20:00,34.5,85,611,2.986,8678.3,0.337,75,624,3.050,575.5,0.130,97
42:30:00,34.5,85,611,2.986,8678.3,0.337,75,625,3.055,573.1,0.130,97
42:40:00,34.5,85,611,2.986,8678.3,0.337,75,625,3.055,573.1,0.129,97
42:50:00,34.5,85,612,2.991,8643.1,0.337,75,624,3.050,575.5,0.130,97
43:00:00,34.5,85,612,2.991,8643.1,0.336,75,625,3.055,573.1,0.130,97
43:10:00,34.5,85,612,2.991,8643.1,0.336,75,625,3.055,573.1,0.129,97
43:20:00,34.5,85,612,2.991,8643.1,0.336,75,625,3.055,573.1,0.129,97
43:30:00,34.5,85,612,2.991,8643.1,0.336,75,625,3.055,573.1,0.129,97
43:40:00,34.5,85,612,2.991,8643.1,0.336,75,625,3.055,573.1,0.129,97
43:50:00,34.5,85,612,2.991,8643.1,0.335,75,625,3.055,573.1,0.129,97
44:00:00,34.5,85,612,2.991,8643.1,0.335,75,625,3.055,573.1,0.129,97
44:10:00,34.5,85,612,2.991,8643.1,0.335,75,626,3.060,570.8,0.129,97
44:20:00,34.5,85,612,2.991,8643.1,0.335,75,626,3.060,570.8,0.129,97
44:30:00,34.5,85,612,2.991,8643.1,0.335,75,626,3.060,570.8,0.129,97
44:40:00,34.6,85,612,2.991,8643.1,0.335,75,626,3.060,570.8,0.129,97
44:50:00,34.6,85,612,2.991,8643.1,0.335,75,626,3.060,570.8,0.129,97
45:00:00,34.6,85,611,2.986,8678.3,0.335,75,626,3.060,570.8,0.129,97
45:10:00,34.6,85,611,2.986,8678.3,0.336,75,626,3.060,570.8,0.129,97
45:20:00,34.6,85,611,2.986,8678.3,0.336,75,626,3.060,570.8,0.129,97
45:30:00,34.6,85,611,2.986,8678.3,0.336,75,626,3.060,570.8,0.129,97
45:40:00,34.6,85,611,2.986,8678.3,0.336,75,626,3.060,570.8,0.129,97
45:50:00,34.6,85,611,2.986,8678.3,0.336,75,626,3.060,570.8,0.129,97
46:00:00,34.6,85,611,2.986,8678.3,0.336,75,626,3.060,570.8,0.129,97
46:10:00,34.6,85,610,2.981,8713.6,0.336,75,626,3.060,570.8,0.129,97
46:20:00,34.6,85,610,2.981,8713.6,0.337,75,625,3.055,573.1,0.129,97
46:30:00,34.6,85,610,2.981,8713.6,0.337,75,625,3.055,573.1,0.129,97
46:40:00,34.7,85,610,2.981,8713.6,0.337,75,625,3.055,573.1,0.129,97
46:50:00,34.7,85,610,2.981,8713.6,0.337,75,625,3.055,573.1,0.129,97
47:00:00,34.7,85,610,2.981,8713.6,0.337,75,625,3.055,573.1,0.129,97
47:10:00,34.7,85,609,2.977,8749.1,0.338,75,625,3.055,573.1,0.129,97
47:20:00,34.7,85,609,2.977,8749.1,0.338,75,625,3.055,573.1,0.129,97
47:30:00,34.7,85,609,2.977,8749.1,0.338,75,625,3.055,573.1,0.129,97
47:40:00,34.7,85,609,2.977,8749.1,0.338,75,625,3.055,573.1,0.129,97
47:50:00,34.8,85,609,2.977,8749.1,0.339,75,625,3.055,573.1,0.129,97
48:00:00,34.8,85,608,2.972,8784.6,0.339,75,624,3.050,575.5,0.129,97
48:10:00,34.7,85,608,2.972,8784.6,0.339,75,624,3.050,575.5,0.129,97
48:20:00,34.8,85,608,2.972,8784.6,0.340,75,625,3.055,573.1,0.129,97
48:30:00,34.8,85,608,2.972,8784.6,0.340,75,624,3.050,575.5,0.130,97
48:40:00,34.8,85,607,2.967,8820.3,0.340,75,624,3.050,575.5,0.130,97
48:50:00,34.8,85,607,2.967,8820.3,0.341,75,624,3.050,575.5,0.130,97
49:00:00,34.9,85,607,2.967,8820.3,0.341,75,624,3.050,575.5,0.130,97
49:10:00,34.9,85,607,2.967,8820.3,0.341,75,623,3.045,577.8,0.130,97
49:20:00,34.9,85,606,2.962,8856.1,0.341,74,624,3.050,575.5,0.130,97
49:30:00,34.9,85,606,2.962,8856.1,0.342,74,624,3.050,575.5,0.130,97
49:40:00,34.9,85,606,2.962,8856.1,0.342,74,624,3.050,575.5,0.130,97
49:50:00,34.9,85,606,2.962,8856.1,0.342,74,624,3.050,575.5,0.130,97
50:00:00,34.9,85,606,2.962,8856.1,0.343,74,624,3.050,575.5,0.130,97
50:10:00,35.0,85,606,2.962,8856.1,0.343,74,624,3.050,575.5,0.130,97
50:20:00,35.0,85,605,2.957,8892.0,0.343,74,624,3.050,575.5,0.130,97
50:30:00,35.0,85,605,2.957,8892.0,0.343,74,624,3.050,575.5,0.130,97
50:40:00,35.0,85,605,2.957,8892.0,0.344,74,624,3.050,575.5,0.130,97
50:50:00,35.0,85,605,2.957,8892.0,0.344,74,624,3.050,575.5,0.130,97
51:00:00,35.0,85,604,2.952,8928.0,0.344,74,624,3.050,575.5,0.130,97
51:10:00,35.1,85,605,2.957,8892.0,0.344,74,625,3.055,573.1,0.130,97
51:20:00,35.1,85,604,2.952,8928.0,0.345,74,626,3.060,570.8,0.130,97
51:30:00,35.1,85,605,2.957,8892.0,0.345,74,628,3.069,566.1,0.129,97
51:40:00,35.1,85,604,2.952,8928.0,0.345,74,628,3.069,566.1,0.129,97
51:50:00,35.1,85,604,2.952,8928.0,0.345,74,628,3.069,566.1,0.129,97
52:00:00,35.1,85,604,2.952,8928.0,0.345,74,628,3.069,566.1,0.128,97
52:10:00,35.1,85,604,2.952,8928.0,0.346,74,627,3.065,568.4,0.128,97
52:20:00,35.1,85,603,2.947,8964.2,0.346,74,627,3.065,568.4,0.128,97
52:30:00,35.2,85,603,2.947,8964.2,0.346,74,627,3.065,568.4,0.128,97
52:40:00,35.2,85,603,2.947,8964.2,0.347,74,627,3.065,568.4,0.128,97
52:50:00,35.2,85,602,2.942,9000.4,0.347,74,627,3.065,568.4,0.128,97
53:00:00,35.2,85,602,2.942,9000.4,0.347,74,627,3.065,568.4,0.128,97
53:10:00,35.3,85,602,2.942,9000.4,0.348,74,628,3.069,566.1,0.128,97
53:20:00,35.3,85,602,2.942,9000.4,0.348,74,628,3.069,566.1,0.128,97
53:30:00,35.3,85,602,2.942,9000.4,0.348,74,628,3.069,566.1,0.128,97
53:40:00,35.3,85,601,2.937,9036.8,0.349,74,628,3.069,566.1,0.128,97
53:50:00,35.3,85,602,2.942,9000.4,0.349,74,631,3.084,559.1,0.128,97
54:00:00,35.3,86,602,2.942,9000.4,0.349,74,632,3.089,556.8,0.127,97
54:10:00,35.4,86,602,2.942,9000.4,0.349,74,632,3.089,556.8,0.127,97
54:20:00,35.4,86,601,2.937,9036.8,0.349,73,632,3.089,556.8,0.127,97
54:30:00,35.4,86,601,2.937,9036.8,0.349,73,632,3.089,556.8,0.126,97
54:40:00,35.4,86,601,2.937,9036.8,0.350,73,632,3.089,556.8,0.126,97
54:50:00,35.4,86,601,2.937,9036.8,0.350,73,632,3.089,556.8,0.126,97
55:00:00,35.4,86,600,2.933,9073.4,0.350,73,632,3.089,556.8,0.126,97
55:10:00,35.5,86,600,2.933,9073.4,0.350,73,633,3.094,554.5,0.126,97
55:20:00,35.4,86,604,2.952,8928.0,0.350,73,646,3.157,525.2,0.124,98
55:30:00,35.2,86,603,2.947,8964.2,0.349,73,649,3.172,518.6,0.123,98
55:40:00,34.9,86,602,2.942,9000.4,0.349,73,645,3.152,527.4,0.122,98
55:50:00,34.8,86,601,2.937,9036.8,0.349,73,645,3.152,527.4,0.122,98
56:00:00,34.6,86,602,2.942,9000.4,0.349,73,646,3.157,525.2,0.121,98
56:10:00,34.5,86,601,2.937,9036.8,0.349,73,644,3.148,529.7,0.121,98
56:20:00,34.4,86,601,2.937,9036.8,0.350,73,645,3.152,527.4,0.120,98
56:30:00,34.4,86,601,2.937,9036.8,0.350,73,645,3.152,527.4,0.120,98
56:40:00,34.3,86,600,2.933,9073.4,0.350,73,644,3.148,529.7,0.120,98
56:50:00,34.3,86,599,2.928,9110.0,0.351,73,644,3.148,529.7,0.120,98
57:00:00,34.3,86,598,2.923,9146.7,0.352,73,643,3.143,531.9,0.120,98
57:10:00,34.4,86,601,2.937,9036.8,0.351,73,647,3.162,523.0,0.120,98
57:20:00,34.4,86,601,2.937,9036.8,0.351,73,649,3.172,518.6,0.119,98
57:30:00,34.5,86,599,2.928,9110.0,0.352,73,649,3.172,518.6,0.119,98
57:40:00,34.5,86,600,2.933,9073.4,0.352,73,650,3.177,516.5,0.118,98
57:50:00,34.6,86,599,2.928,9110.0,0.352,73,649,3.172,518.6,0.118,98
58:00:00,34.7,86,598,2.923,9146.7,0.352,73,647,3.162,523.0,0.118,98
58:10:00,34.7,86,598,2.923,9146.7,0.353,73,646,3.157,525.2,0.118,98
58:20:00,34.7,86,597,2.918,9183.6,0.353,73,646,3.157,525.2,0.118,98
58:30:00,34.8,86,597,2.918,9183.6,0.354,73,646,3.157,525.2,0.118,98
58:40:00,34.8,86,596,2.913,9220.6,0.355,73,645,3.152,527.4,0.118,98
58:50:00,34.8,86,596,2.913,9220.6,0.355,73,645,3.152,527.4,0.119,98
59:00:00,34.9,86,596,2.913,9220.6,0.356,73,645,3.152,527.4,0.119,98
59:10:00,34.9,86,596,2.913,9220.6,0.356,73,645,3.152,527.4,0.119,98
59:20:00,34.9,86,596,2.913,9220.6,0.356,72,646,3.157,525.2,0.119,98
59:30:00,35.0,86,595,2.908,9257.7,0.357,72,645,3.152,527.4,0.119,98
59:40:00,35.0,86,595,2.908,9257.7,0.357,72,646,3.157,525.2,0.119,98
59:50:00,35.0,86,595,2.908,9257.7,0.358,72,645,3.152,527.4,0.119,98
60:00:00,35.0,86,595,2.908,9257.7,0.358,72,645,3.152,527.4,0.119,98
60:10:00,35.0,86,595,2.908,9257.7,0.358,72,645,3.152,527.4,0.119,98
60:20:00,35.1,86,594,2.903,9295.0,0.359,72,645,3.152,527.4,0.119,98
60:30:00,35.1,86,594,2.903,9295.0,0.359,72,645,3.152,527.4,0.119,98
60:40:00,35.1,86,595,2.908,9257.7,0.359,72,646,3.157,525.2,0.119,98
60:50:00,35.1,86,594,2.903,9295.0,0.359,72,646,3.157,525.2,0.119,98
61:00:00,35.1,86,594,2.903,9295.0,0.359,72,646,3.157,525.2,0.119,98
61:10:00,35.1,86,594,2.903,9295.0,0.360,72,646,3.157,525.2,0.119,98
61:20:00,35.2,86,594,2.903,9295.0,0.360,72,646,3.157,525.2,0.119,98
61:30:00,35.2,86,594,2.903,9295.0,0.360,72,646,3.157,525.2,0.119,98
61:40:00,35.2,86,594,2.903,9295.0,0.360,72,646,3.157,525.2,0.119,98
61:50:00,35.2,86,594,2.903,9295.0,0.360,72,647,3.162,523.0,0.118,98
62:00:00,35.2,86,594,2.903,9295.0,0.360,72,647,3.162,523.0,0.118,98
62:10:00,35.3,86,594,2.903,9295.0,0.360,72,647,3.162,523.0,0.118,98
62:20:00,35.3,86,594,2.903,9295.0,0.360,72,647,3.162,523.0,0.118,98
62:30:00,35.3,86,594,2.903,9295.0,0.360,72,647,3.162,523.0,0.118,98
62:40:00,35.3,86,594,2.903,9295.0,0.360,72,647,3.162,523.0,0.118,98
62:50:00,35.3,86,594,2.903,9295.0,0.360,72,647,3.162,523.0,0.118,98
63:00:00,35.3,86,593,2.898,9332.4,0.361,72,648,3.167,520.8,0.118,98
63:10:00,35.3,86,594,2.903,9295.0,0.361,72,648,3.167,520.8,0.118,98
63:20:00,35.4,86,594,2.903,9295.0,0.360,72,648,3.167,520.8,0.118,98
63:30:00,35.4,86,594,2.903,9295.0,0.360,72,648,3.167,520.8,0.118,98
63:40:00,35.4,86,594,2.903,9295.0,0.360,72,648,3.167,520.8,0.118,98
63:50:00,35.4,86,593,2.898,9332.4,0.361,72,649,3.172,518.6,0.118,98
64:00:00,35.4,86,594,2.903,9295.0,0.361,72,649,3.172,518.6,0.117,98
64:10:00,35.4,86,594,2.903,9295.0,0.361,72,649,3.172,518.6,0.117,98
64:20:00,35.4,86,594,2.903,9295.0,0.361,72,649,3.172,518.6,0.117,98
64:30:00,35.5,86,594,2.903,9295.0,0.360,72,649,3.172,518.6,0.117,98
64:40:00,35.5,86,594,2.903,9295.0,0.360,72,649,3.172,518.6,0.117,98
64:50:00,35.5,86,594,2.903,9295.0,0.360,72,649,3.172,518.6,0.117,98
65:00:00,35.5,86,593,2.898,9332.4,0.361,72,649,3.172,518.6,0.117,98
65:10:00,35.5,86,593,2.898,9332.4,0.361,72,650,3.177,516.5,0.117,98
65:20:00,35.5,86,593,2.898,9332.4,0.361,72,650,3.177,516.5,0.117,98
65:30:00,35.5,86,593,2.898,9332.4,0.361,72,650,3.177,516.5,0.117,98
65:40:00,35.6,86,593,2.898,9332.4,0.361,72,650,3.177,516.5,0.117,98
65:50:00,35.6,86,593,2.898,9332.4,0.361,72,650,3.177,516.5,0.117,98
66:00:00,35.6,86,593,2.898,9332.4,0.362,72,650,3.177,516.5,0.117,98
66:10:00,35.6,86,593,2.898,9332.4,0.362,72,650,3.177,516.5,0.117,98
66:20:00,35.6,86,593,2.898,9332.4,0.362,72,650,3.177,516.5,0.117,98
66:30:00,35.6,86,593,2.898,9332.4,0.362,72,650,3.177,516.5,0.117,98
66:40:00,35.6,86,593,2.898,9332.4,0.362,72,650,3.177,516.5,0.117,98
66:50:00,35.6,86,593,2.898,9332.4,0.362,72,650,3.177,516.5,0.117,98
67:00:00,35.6,86,593,2.898,9332.4,0.362,72,650,3.177,516.5,0.117,98
67:10:00,35.7,86,593,2.898,9332.4,0.362,72,650,3.177,516.5,0.117,98
67:20:00,35.6,86,593,2.898,9332.4,0.362,72,650,3.177,516.5,0.117,98
67:30:00,35.6,86,593,2.898,9332.4,0.362,72,650,3.177,516.5,0.117,98
67:40:00,35.7,86,593,2.898,9332.4,0.362,72,650,3.177,516.5,0.117,98
67:50:00,35.7,86,593,2.898,9332.4,0.362,72,650,3.177,516.5,0.117,98
68:00:00,35.7,86,593,2.898,9332.4,0.362,72,650,3.177,516.5,0.117,98
68:10:00,35.7,86,593,2.898,9332.4,0.362,72,650,3.177,516.5,0.117,98
68:20:00,35.7,86,593,2.898,9332.4,0.362,72,650,3.177,516.5,0.117,98
68:30:00,35.7,86,593,2.898,9332.4,0.362,72,650,3.177,516.5,0.117,98
68:40:00,35.7,86,593,2.898,9332.4,0.362,72,650,3.177,516.5,0.117,98
68:50:00,35.7,86,593,2.898,9332.4,0.362,72,650,3.177,516.5,0.117,98
69:00:00,35.7,86,592,2.893,9369.9,0.362,72,650,3.177,516.5,0.117,98
69:10:00,35.7,86,592,2.893,9369.9,0.362,72,650,3.177,516.5,0.117,98
69:20:00,35.7,86,592,2.893,9369.9,0.362,72,650,3.177,516.5,0.117,98
69:30:00,35.7,86,592,2.893,9369.9,0.363,72,650,3.177,516.5,0.117,98
69:40:00,35.8,86,592,2.893,9369.9,0.363,72,650,3.177,516.5,0.117,98
69:50:00,35.8,86,592,2.893,9369.9,0.363,72,650,3.177,516.5,0.117,98
70:00:00,35.8,86,592,2.893,9369.9,0.363,72,650,3.177,516.5,0.117,98
70:10:00,35.8,86,592,2.893,9369.9,0.363,72,650,3.177,516.5,0.117,98
70:20:00,35.8,86,592,2.893,9369.9,0.363,72,650,3.177,516.5,0.117,98
70:30:00,35.8,86,592,2.893,9369.9,0.363,72,650,3.177,516.5,0.117,98
70:40:00,35.8,86,592,2.893,9369.9,0.363,72,650,3.177,516.5,0.117,98
70:50:00,35.8,86,592,2.893,9369.9,0.363,72,650,3.177,516.5,0.117,98
71:00:00,35.9,86,592,2.893,9369.9,0.363,72,649,3.172,518.6,0.117,98
71:10:00,35.9,86,593,2.898,9332.4,0.363,72,650,3.177,516.5,0.117,98
71:20:00,35.9,86,593,2.898,9332.4,0.363,72,650,3.177,516.5,0.117,98
71:30:00,35.9,86,593,2.898,9332.4,0.362,72,650,3.177,516.5,0.117,98
71:40:00,35.9,86,593,2.898,9332.4,0.362,72,649,3.172,518.6,0.117,98
71:50:00,35.9,86,593,2.898,9332.4,0.362,72,649,3.172,518.6,0.117,98
72:00:00,35.9,86,593,2.898,9332.4,0.362,72,649,3.172,518.6,0.117,98
72:10:00,36.0,86,593,2.898,9332.4,0.362,72,649,3.172,518.6,0.117,98
72:20:00,36.0,86,592,2.893,9369.9,0.362,72,649,3.172,518.6,0.117,98
72:30:00,36.0,86,592,2.893,9369.9,0.362,72,649,3.172,518.6,0.117,98
72:40:00,36.0,86,592,2.893,9369.9,0.363,72,649,3.172,518.6,0.117,98
72:50:00,36.0,86,592,2.893,9369.9,0.363,72,649,3.172,518.6,0.117,98
73:00:00,36.0,86,592,2.893,9369.9,0.363,72,648,3.167,520.8,0.117,98
73:10:00,36.0,86,592,2.893,9369.9,0.363,72,648,3.167,520.8,0.117,98
73:20:00,36.0,86,592,2.893,9369.9,0.363,72,648,3.167,520.8,0.117,98
73:30:00,36.0,86,592,2.893,9369.9,0.363,72,648,3.167,520.8,0.117,98
73:40:00,36.1,86,592,2.893,9369.9,0.363,72,647,3.162,523.0,0.117,98
73:50:00,36.1,86,592,2.893,9369.9,0.363,72,648,3.167,520.8,0.117,98
74:00:00,36.1,86,592,2.893,9369.9,0.363,72,647,3.162,523.0,0.118,98
74:10:00,36.1,86,592,2.893,9369.9,0.363,72,647,3.162,523.0,0.118,98
74:20:00,36.1,86,592,2.893,9369.9,0.363,72,647,3.162,523.0,0.118,98
74:30:00,36.1,86,592,2.893,9369.9,0.363,72,647,3.162,523.0,0.118,98
74:40:00,36.1,86,591,2.889,9407.5,0.363,72,647,3.162,523.0,0.118,98
74:50:00,36.1,86,591,2.889,9407.5,0.364,72,646,3.157,525.2,0.118,98
75:00:00,36.1,86,591,2.889,9407.5,0.364,71,646,3.157,525.2,0.118,98
75:10:00,36.2,86,592,2.893,9369.9,0.364,71,646,3.157,525.2,0.118,98
75:20:00,36.2,86,591,2.889,9407.5,0.364,71,646,3.157,525.2,0.118,98
75:30:00,36.2,86,591,2.889,9407.5,0.364,71,646,3.157,525.2,0.118,98
75:40:00,36.2,86,591,2.889,9407.5,0.364,71,645,3.152,527.4,0.118,98
75:50:00,36.2,86,591,2.889,9407.5,0.364,71,645,3.152,527.4,0.119,98
76:00:00,36.2,86,591,2.889,9407.5,0.364,71,645,3.152,527.4,0.119,98
76:10:00,36.2,86,591,2.889,9407.5,0.364,71,645,3.152,527.4,0.119,98
76:20:00,36.2,86,591,2.889,9407.5,0.365,71,646,3.157,525.2,0.119,98
76:30:00,36.2,86,592,2.893,9369.9,0.364,71,647,3.162,523.0,0.119,98
76:40:00,36.2,86,609,2.977,8749.1,0.359,72,673,3.289,468.1,0.116,98
76:50:00,36.2,86,607,2.967,8820.3,0.356,73,670,3.275,474.2,0.114,99
77:00:00,36.2,86,606,2.962,8856.1,0.353,73,669,3.270,476.2,0.113,99
77:10:00,36.2,86,606,2.962,8856.1,0.351,73,670,3.275,474.2,0.112,99
77:20:00,36.2,86,608,2.972,8784.6,0.349,73,672,3.284,470.1,0.111,99
77:30:00,36.2,86,604,2.952,8928.0,0.349,74,666,3.255,482.4,0.110,99
77:40:00,36.2,86,604,2.952,8928.0,0.348,74,667,3.260,480.4,0.110,99
77:50:00,36.2,86,605,2.957,8892.0,0.347,74,667,3.260,480.4,0.110,99
78:00:00,36.2,86,604,2.952,8928.0,0.347,74,666,3.255,482.4,0.109,99
78:10:00,36.2,86,604,2.952,8928.0,0.347,74,667,3.260,480.4,0.109,99
78:20:00,36.1,86,602,2.942,9000.4,0.347,74,667,3.260,480.4,0.109,99
78:30:00,35.9,86,604,2.952,8928.0,0.347,74,665,3.250,484.5,0.109,99
78:40:00,35.7,86,605,2.957,8892.0,0.347,74,665,3.250,484.5,0.109,99
78:50:00,35.5,86,605,2.957,8892.0,0.346,74,665,3.250,484.5,0.109,99
79:00:00,35.4,86,603,2.947,8964.2,0.346,74,664,3.245,486.6,0.109,99
79:10:00,35.4,86,602,2.942,9000.4,0.347,74,664,3.245,486.6,0.109,99
79:20:00,35.5,86,600,2.933,9073.4,0.348,74,664,3.245,486.6,0.109,99
79:30:00,35.4,86,600,2.933,9073.4,0.349,74,663,3.240,488.7,0.110,99
79:40:00,35.5,86,599,2.928,9110.0,0.350,73,663,3.240,488.7,0.110,99
79:50:00,35.4,86,599,2.928,9110.0,0.350,73,662,3.236,490.8,0.110,99
80:00:00,35.4,86,598,2.923,9146.7,0.351,73,662,3.236,490.8,0.110,99
80:10:00,35.4,86,597,2.918,9183.6,0.352,73,661,3.231,492.9,0.110,99
80:20:00,35.4,86,597,2.918,9183.6,0.353,73,661,3.231,492.9,0.111,99
80:30:00,35.4,86,597,2.918,9183.6,0.354,73,660,3.226,495.0,0.111,99
80:40:00,35.3,86,596,2.913,9220.6,0.354,73,660,3.226,495.0,0.111,99
80:50:00,35.3,86,595,2.908,9257.7,0.355,73,660,3.226,495.0,0.111,99
81:00:00,35.3,86,595,2.908,9257.7,0.356,73,660,3.226,495.0,0.111,99
81:10:00,35.3,86,595,2.908,9257.7,0.357,72,659,3.221,497.1,0.111,99
81:20:00,35.3,86,595,2.908,9257.7,0.357,72,659,3.221,497.1,0.112,99
81:30:00,35.2,86,595,2.908,9257.7,0.357,72,659,3.221,497.1,0.112,99
81:40:00,35.3,86,595,2.908,9257.7,0.358,72,658,3.216,499.2,0.112,99
81:50:00,35.3,86,594,2.903,9295.0,0.358,72,658,3.216,499.2,0.112,99
82:00:00,35.4,86,594,2.903,9295.0,0.359,72,657,3.211,501.4,0.112,99
82:10:00,35.4,86,594,2.903,9295.0,0.359,72,657,3.211,501.4,0.112,99
82:20:00,35.4,86,594,2.903,9295.0,0.359,72,657,3.211,501.4,0.113,99
82:30:00,35.4,86,594,2.903,9295.0,0.359,72,657,3.211,501.4,0.113,99
82:40:00,35.5,86,594,2.903,9295.0,0.360,72,657,3.211,501.4,0.113,99
82:50:00,35.5,86,594,2.903,9295.0,0.360,72,656,3.206,503.5,0.113,99
83:00:00,35.5,86,594,2.903,9295.0,0.360,72,657,3.211,501.4,0.113,99
83:10:00,35.5,86,594,2.903,9295.0,0.360,72,657,3.211,501.4,0.113,99
83:20:00,35.5,86,594,2.903,9295.0,0.360,72,657,3.211,501.4,0.113,99
83:30:00,35.5,86,594,2.903,9295.0,0.360,72,657,3.211,501.4,0.113,99
83:40:00,35.6,86,594,2.903,9295.0,0.360,72,657,3.211,501.4,0.113,99
83:50:00,35.6,86,594,2.903,9295.0,0.360,72,657,3.211,501.4,0.113,99
84:00:00,35.6,86,595,2.908,9257.7,0.360,72,658,3.216,499.2,0.113,99
84:10:00,35.6,86,597,2.918,9183.6,0.359,72,662,3.236,490.8,0.113,99
84:20:00,35.6,86,600,2.933,9073.4,0.358,72,665,3.250,484.5,0.112,99
84:30:00,35.6,86,600,2.933,9073.4,0.356,72,665,3.250,484.5,0.111,99
84:40:00,35.6,86,596,2.913,9220.6,0.357,72,660,3.226,495.0,0.111,99
84:50:00,35.6,86,593,2.898,9332.4,0.358,72,657,3.211,501.4,0.112,99
85:00:00,35.6,86,591,2.889,9407.5,0.359,72,655,3.201,505.6,0.112,99
85:10:00,35.6,86,592,2.893,9369.9,0.360,72,655,3.201,505.6,0.113,99
85:20:00,35.6,86,592,2.893,9369.9,0.361,72,656,3.206,503.5,0.113,99
85:30:00,35.7,86,592,2.893,9369.9,0.361,72,655,3.201,505.6,0.113,99
85:40:00,35.7,86,592,2.893,9369.9,0.362,72,655,3.201,505.6,0.113,99
85:50:00,35.7,86,591,2.889,9407.5,0.362,72,655,3.201,505.6,0.113,99
86:00:00,35.7,86,592,2.893,9369.9,0.362,72,656,3.206,503.5,0.113,99
86:10:00,35.7,86,592,2.893,9369.9,0.363,72,656,3.206,503.5,0.114,99
86:20:00,35.7,86,592,2.893,9369.9,0.363,72,657,3.211,501.4,0.113,99
86:30:00,35.7,86,592,2.893,9369.9,0.363,72,656,3.206,503.5,0.113,99
86:40:00,35.7,86,592,2.893,9369.9,0.363,72,657,3.211,501.4,0.113,99
86:50:00,35.7,86,592,2.893,9369.9,0.363,72,657,3.211,501.4,0.113,99
87:00:00,35.7,86,591,2.889,9407.5,0.363,72,657,3.211,501.4,0.113,99
87:10:00,35.7,86,592,2.893,9369.9,0.363,72,657,3.211,501.4,0.113,99
87:20:00,35.7,86,591,2.889,9407.5,0.364,72,657,3.211,501.4,0.113,99
87:30:00,35.7,86,591,2.889,9407.5,0.364,71,657,3.211,501.4,0.113,99
87:40:00,35.7,86,591,2.889,9407.5,0.364,71,657,3.211,501.4,0.113,99
87:50:00,35.7,86,592,2.893,9369.9,0.364,71,657,3.211,501.4,0.113,99
88:00:00,35.7,86,591,2.889,9407.5,0.364,71,657,3.211,501.4,0.113,99
88:10:00,35.7,86,590,2.884,9445.3,0.364,71,657,3.211,501.4,0.113,99
88:20:00,35.7,86,591,2.889,9407.5,0.364,71,656,3.206,503.5,0.113,99
88:30:00,35.7,86,590,2.884,9445.3,0.365,71,656,3.206,503.5,0.113,99
88:40:00,35.7,86,590,2.884,9445.3,0.365,71,656,3.206,503.5,0.113,99
88:50:00,35.7,86,590,2.884,9445.3,0.365,71,656,3.206,503.5,0.113,99
89:00:00,35.7,86,590,2.884,9445.3,0.365,71,656,3.206,503.5,0.113,99
89:10:00,35.7,86,589,2.879,9483.2,0.366,71,656,3.206,503.5,0.114,99
89:20:00,35.7,86,590,2.884,9445.3,0.366,71,656,3.206,503.5,0.114,99
89:30:00,35.7,86,589,2.879,9483.2,0.366,71,656,3.206,503.5,0.114,99
89:40:00,35.7,86,589,2.879,9483.2,0.367,71,655,3.201,505.6,0.114,99
89:50:00,35.7,86,589,2.879,9483.2,0.367,71,655,3.201,505.6,0.114,99
90:00:00,35.7,86,588,2.874,9521.2,0.367,71,655,3.201,505.6,0.114,99
90:10:00,35.7,86,585,2.859,9636.0,0.369,71,655,3.201,505.6,0.114,99
90:20:00,35.7,86,584,2.854,9674.5,0.370,71,655,3.201,505.6,0.114,99
90:30:00,35.7,86,584,2.854,9674.5,0.371,71,654,3.196,507.8,0.114,99
90:40:00,35.7,86,584,2.854,9674.5,0.372,70,654,3.196,507.8,0.114,99
90:50:00,35.7,86,584,2.854,9674.5,0.372,70,654,3.196,507.8,0.114,99
91:00:00,35.7,86,584,2.854,9674.5,0.373,70,654,3.196,507.8,0.114,99
91:10:00,35.7,86,588,2.874,9521.2,0.372,70,655,3.201,505.6,0.114,99
91:20:00,35.8,86,588,2.874,9521.2,0.372,70,655,3.201,505.6,0.114,99
91:30:00,35.8,86,588,2.874,9521.2,0.371,71,655,3.201,505.6,0.114,99
91:40:00,35.8,86,587,2.869,9559.3,0.371,71,655,3.201,505.6,0.114,99
91:50:00,35.7,86,588,2.874,9521.2,0.371,71,655,3.201,505.6,0.114,99
92:00:00,35.7,86,588,2.874,9521.2,0.370,71,655,3.201,505.6,0.114,99
92:10:00,35.7,86,587,2.869,9559.3,0.370,71,655,3.201,505.6,0.114,99
92:20:00,35.7,86,588,2.874,9521.2,0.370,71,655,3.201,505.6,0.114,99
92:30:00,35.7,86,588,2.874,9521.2,0.370,71,655,3.201,505.6,0.114,99
92:40:00,35.8,86,587,2.869,9559.3,0.370,71,655,3.201,505.6,0.114,99
92:50:00,35.7,86,587,2.869,9559.3,0.370,71,655,3.201,505.6,0.114,99
93:00:00,35.7,86,587,2.869,9559.3,0.370,71,655,3.201,505.6,0.114,99
93:10:00,35.7,86,587,2.869,9559.3,0.370,71,655,3.201,505.6,0.114,99
93:20:00,35.7,86,587,2.869,9559.3,0.370,71,655,3.201,505.6,0.114,99
93:30:00,35.8,86,586,2.864,9597.6,0.371,71,655,3.201,505.6,0.114,99
93:40:00,35.7,86,587,2.869,9559.3,0.371,71,655,3.201,505.6,0.114,99
93:50:00,35.8,86,586,2.864,9597.6,0.371,71,655,3.201,505.6,0.114,99
94:00:00,35.8,86,586,2.864,9597.6,0.371,71,655,3.201,505.6,0.114,99
94:10:00,35.8,86,585,2.859,9636.0,0.372,70,655,3.201,505.6,0.114,99
94:20:00,35.8,86,586,2.864,9597.6,0.372,70,655,3.201,505.6,0.114,99
94:30:00,35.8,86,585,2.859,9636.0,0.372,70,655,3.201,505.6,0.114,99
94:40:00,35.8,86,585,2.859,9636.0,0.372,70,655,3.201,505.6,0.114,99
94:50:00,35.8,86,585,2.859,9636.0,0.373,70,655,3.201,505.6,0.114,99
95:00:00,35.8,86,586,2.864,9597.6,0.373,70,656,3.206,503.5,0.114,99
95:10:00,35.8,86,586,2.864,9597.6,0.372,70,656,3.206,503.5,0.114,99
95:20:00,35.8,86,586,2.864,9597.6,0.372,70,656,3.206,503.5,0.114,99
95:30:00,35.8,86,586,2.864,9597.6,0.372,70,656,3.206,503.5,0.114,99
95:40:00,35.8,86,586,2.864,9597.6,0.372,70,656,3.206,503.5,0.114,99
95:50:00,35.8,86,586,2.864,9597.6,0.372,70,657,3.211,501.4,0.114,99
96:00:00,35.8,86,586,2.864,9597.6,0.372,70,656,3.206,503.5,0.114,99
96:10:00,35.8,86,587,2.869,9559.3,0.372,70,666,3.255,482.4,0.113,99
96:20:00,35.8,86,588,2.874,9521.2,0.371,70,659,3.221,497.1,0.113,99
96:30:00,36.0,85,589,2.879,9483.2,0.371,71,661,3.231,492.9,0.112,99
96:40:00,36.0,85,591,2.889,9407.5,0.369,71,663,3.240,488.7,0.112,99
96:50:00,36.0,85,592,2.893,9369.9,0.368,71,664,3.245,486.6,0.111,99
97:00:00,36.0,85,594,2.903,9295.0,0.367,71,667,3.260,480.4,0.111,99
97:10:00,36.0,85,597,2.918,9183.6,0.364,71,672,3.284,470.1,0.110,99
97:20:00,36.0,85,598,2.923,9146.7,0.363,72,672,3.284,470.1,0.109,99
97:30:00,36.0,85,594,2.903,9295.0,0.362,72,667,3.260,480.4,0.109,99
97:40:00,36.0,85,595,2.908,9257.7,0.361,72,668,3.265,478.3,0.109,99
97:50:00,36.0,85,596,2.913,9220.6,0.361,72,669,3.270,476.2,0.109,99
98:00:00,36.0,85,597,2.918,9183.6,0.360,72,671,3.280,472.1,0.108,99
98:10:00,36.0,85,598,2.923,9146.7,0.359,72,671,3.280,472.1,0.108,99
98:20:00,36.0,85,594,2.903,9295.0,0.359,72,668,3.265,478.3,0.108,99
98:30:00,36.1,85,596,2.913,9220.6,0.359,72,669,3.270,476.2,0.108,99
98:40:00,36.1,85,596,2.913,9220.6,0.358,72,670,3.275,474.2,0.108,99
98:50:00,36.1,85,596,2.913,9220.6,0.358,72,671,3.280,472.1,0.107,99
99:00:00,36.1,85,585,2.859,9636.0,0.361,72,656,3.206,503.5,0.109,99
99:10:00,36.1,85,591,2.889,9407.5,0.362,72,666,3.255,482.4,0.109,99
99:20:00,35.8,85,589,2.879,9483.2,0.363,72,665,3.250,484.5,0.109,99
99:30:00,35.4,85,595,2.908,9257.7,0.362,72,668,3.265,478.3,0.109,99
99:40:00,35.1,86,596,2.913,9220.6,0.361,72,669,3.270,476.2,0.108,99
99:50:00,34.8,86,594,2.903,9295.0,0.361,72,670,3.275,474.2,0.108,99
100:00:00,34.6,86,594,2.903,9295.0,0.361,72,671,3.280,472.1,0.108,99
100:10:00,34.3,86,592,2.893,9369.9,0.361,72,670,3.275,474.2,0.108,99
100:20:00,34.2,86,590,2.884,9445.3,0.362,72,672,3.284,470.1,0.107,99
100:30:00,34.0,86,591,2.889,9407.5,0.363,72,673,3.289,468.1,0.107,99
100:40:00,33.9,86,589,2.879,9483.2,0.364,71,673,3.289,468.1,0.107,99
100:50:00,33.8,86,588,2.874,9521.2,0.365,71,673,3.289,468.1,0.106,99
101:00:00,33.6,86,590,2.884,9445.3,0.365,71,673,3.289,468.1,0.106,99
101:10:00,33.6,86,590,2.884,9445.3,0.365,71,674,3.294,466.0,0.106,99
101:20:00,33.7,86,588,2.874,9521.2,0.366,71,672,3.284,470.1,0.106,99
101:30:00,33.8,86,586,2.864,9597.6,0.367,71,671,3.280,472.1,0.106,99
101:40:00,33.9,86,584,2.854,9674.5,0.369,71,672,3.284,470.1,0.106,99
101:50:00,34.0,86,582,2.845,9752.0,0.371,71,670,3.275,474.2,0.106,99
102:00:00,34.1,86,582,2.845,9752.0,0.372,70,670,3.275,474.2,0.106,99
102:10:00,34.1,86,581,2.840,9790.9,0.374,70,670,3.275,474.2,0.107,99
102:20:00,34.1,86,581,2.840,9790.9,0.375,70,670,3.275,474.2,0.107,99
102:30:00,34.0,86,581,2.840,9790.9,0.376,70,670,3.275,474.2,0.107,99
102:40:00,34.0,85,581,2.840,9790.9,0.377,70,671,3.280,472.1,0.107,99
102:50:00,33.9,85,581,2.840,9790.9,0.377,70,671,3.280,472.1,0.107,99
103:00:00,33.9,85,581,2.840,9790.9,0.378,70,671,3.280,472.1,0.107,99
103:10:00,34.0,85,581,2.840,9790.9,0.378,70,672,3.284,470.1,0.107,99
103:20:00,34.0,85,581,2.840,9790.9,0.378,70,672,3.284,470.1,0.106,99
103:30:00,34.1,85,582,2.845,9752.0,0.378,70,672,3.284,470.1,0.106,99
103:40:00,34.1,85,582,2.845,9752.0,0.378,70,673,3.289,468.1,0.106,99
103:50:00,34.1,85,583,2.849,9713.2,0.378,70,673,3.289,468.1,0.106,99
104:00:00,34.1,85,583,2.849,9713.2,0.378,70,674,3.294,466.0,0.106,99
104:10:00,34.1,85,583,2.849,9713.2,0.377,70,674,3.294,466.0,0.106,99
104:20:00,34.1,85,584,2.854,9674.5,0.377,70,675,3.299,464.0,0.106,99
104:30:00,34.2,85,582,2.845,9752.0,0.377,70,672,3.284,470.1,0.106,99
104:40:00,34.3,85,582,2.845,9752.0,0.377,70,672,3.284,470.1,0.106,99
104:50:00,34.3,85,582,2.845,9752.0,0.377,70,672,3.284,470.1,0.106,99
105:00:00,34.4,85,583,2.849,9713.2,0.377,70,672,3.284,470.1,0.106,99
105:10:00,34.4,85,583,2.849,9713.2,0.377,70,673,3.289,468.1,0.106,99
105:20:00,34.5,85,583,2.849,9713.2,0.377,70,673,3.289,468.1,0.106,99
105:30:00,34.5,85,584,2.854,9674.5,0.377,70,673,3.289,468.1,0.106,99
105:40:00,34.5,85,584,2.854,9674.5,0.376,70,674,3.294,466.0,0.106,99
105:50:00,34.5,85,584,2.854,9674.5,0.376,70,674,3.294,466.0,0.106,99
106:00:00,34.6,85,584,2.854,9674.5,0.376,70,674,3.294,466.0,0.105,99
106:10:00,34.6,85,584,2.854,9674.5,0.376,70,675,3.299,464.0,0.105,99
106:20:00,34.6,85,584,2.854,9674.5,0.376,70,675,3.299,464.0,0.105,99
106:30:00,34.7,85,585,2.859,9636.0,0.375,70,675,3.299,464.0,0.105,99
106:40:00,34.7,85,585,2.859,9636.0,0.375,70,676,3.304,462.0,0.105,100
106:50:00,34.7,85,585,2.859,9636.0,0.375,70,676,3.304,462.0,0.105,100
107:00:00,34.7,85,585,2.859,9636.0,0.374,70,676,3.304,462.0,0.105,100
107:10:00,34.7,85,585,2.859,9636.0,0.374,70,677,3.309,460.0,0.105,100
107:20:00,34.8,85,585,2.859,9636.0,0.374,70,677,3.309,460.0,0.104,100
107:30:00,34.8,85,585,2.859,9636.0,0.374,70,677,3.309,460.0,0.104,100
107:40:00,34.8,85,585,2.859,9636.0,0.374,70,677,3.309,460.0,0.104,100
107:50:00,34.8,85,585,2.859,9636.0,0.374,70,678,3.314,458.0,0.104,100
108:00:00,34.8,85,585,2.859,9636.0,0.374,70,678,3.314,458.0,0.104,100
108:10:00,34.8,85,585,2.859,9636.0,0.374,70,678,3.314,458.0,0.104,100
108:20:00,34.9,85,585,2.859,9636.0,0.374,70,678,3.314,458.0,0.104,100
108:30:00,34.9,85,585,2.859,9636.0,0.374,70,678,3.314,458.0,0.104,100
108:40:00,34.9,85,585,2.859,9636.0,0.374,70,678,3.314,458.0,0.104,100
108:50:00,34.9,85,585,2.859,9636.0,0.374,70,679,3.319,456.0,0.103,100
109:00:00,34.9,85,585,2.859,9636.0,0.374,70,679,3.319,456.0,0.103,100
109:10:00,35.0,85,585,2.859,9636.0,0.374,70,680,3.324,454.0,0.103,100
109:20:00,35.0,85,586,2.864,9597.6,0.373,70,680,3.324,454.0,0.103,100
109:30:00,35.0,85,585,2.859,9636.0,0.373,70,680,3.324,454.0,0.103,100
109:40:00,35.0,85,585,2.859,9636.0,0.373,70,680,3.324,454.0,0.103,100
109:50:00,35.0,85,585,2.859,9636.0,0.373,70,680,3.324,454.0,0.103,100
110:00:00,35.0,85,585,2.859,9636.0,0.373,70,680,3.324,454.0,0.103,100
110:10:00,35.0,85,585,2.859,9636.0,0.373,70,681,3.328,452.0,0.103,100
110:20:00,35.0,85,586,2.864,9597.6,0.373,70,681,3.328,452.0,0.102,100
110:30:00,35.1,85,586,2.864,9597.6,0.373,70,681,3.328,452.0,0.102,100
110:40:00,35.1,85,586,2.864,9597.6,0.373,70,681,3.328,452.0,0.102,100
110:50:00,35.1,85,586,2.864,9597.6,0.373,70,681,3.328,452.0,0.102,100
111:00:00,35.1,85,586,2.864,9597.6,0.373,70,682,3.333,450.0,0.102,100
111:10:00,35.1,85,586,2.864,9597.6,0.372,70,682,3.333,450.0,0.102,100
111:20:00,35.1,85,586,2.864,9597.6,0.372,70,682,3.333,450.0,0.102,100
111:30:00,35.1,85,586,2.864,9597.6,0.372,70,682,3.333,450.0,0.102,100
111:40:00,35.1,85,586,2.864,9597.6,0.372,70,683,3.338,448.0,0.102,100
111:50:00,35.2,85,586,2.864,9597.6,0.372,70,683,3.338,448.0,0.102,100
112:00:00,35.2,85,586,2.864,9597.6,0.372,70,683,3.338,448.0,0.101,100
112:10:00,35.2,85,586,2.864,9597.6,0.372,70,683,3.338,448.0,0.101,100
112:20:00,35.2,85,586,2.864,9597.6,0.372,70,683,3.338,448.0,0.101,100
112:30:00,35.2,85,586,2.864,9597.6,0.372,70,683,3.338,448.0,0.101,100
112:40:00,35.2,85,586,2.864,9597.6,0.372,70,683,3.338,448.0,0.101,100
112:50:00,35.2,85,586,2.864,9597.6,0.372,70,683,3.338,448.0,0.101,100
113:00:00,35.2,85,586,2.864,9597.6,0.372,70,684,3.343,446.1,0.101,100
113:10:00,35.2,85,586,2.864,9597.6,0.372,70,684,3.343,446.1,0.101,100
113:20:00,35.2,85,586,2.864,9597.6,0.372,70,684,3.343,446.1,0.101,100
113:30:00,35.2,85,586,2.864,9597.6,0.372,70,684,3.343,446.1,0.101,100
113:40:00,35.3,85,586,2.864,9597.6,0.372,70,684,3.343,446.1,0.101,100
113:50:00,35.3,85,586,2.864,9597.6,0.372,70,684,3.343,446.1,0.101,100
114:00:00,35.3,85,586,2.864,9597.6,0.372,70,684,3.343,446.1,0.101,100
114:10:00,35.3,85,586,2.864,9597.6,0.372,70,684,3.343,446.1,0.101,100
114:20:00,35.3,85,586,2.864,9597.6,0.372,70,684,3.343,446.1,0.101,100
114:30:00,35.3,85,586,2.864,9597.6,0.372,70,684,3.343,446.1,0.101,100
114:40:00,35.3,85,586,2.864,9597.6,0.372,70,685,3.348,444.1,0.101,100
114:50:00,35.3,85,585,2.859,9636.0,0.372,70,685,3.348,444.1,0.101,100
115:00:00,35.3,85,586,2.864,9597.6,0.372,70,685,3.348,444.1,0.100,100
115:10:00,35.3,85,585,2.859,9636.0,0.373,70,685,3.348,444.1,0.100,100
115:20:00,35.3,85,586,2.864,9597.6,0.372,70,685,3.348,444.1,0.100,100
115:30:00,35.3,85,585,2.859,9636.0,0.373,70,685,3.348,444.1,0.100,100
115:40:00,35.3,85,585,2.859,9636.0,0.373,70,686,3.353,442.1,0.100,100
115:50:00,35.3,85,585,2.859,9636.0,0.373,70,686,3.353,442.1,0.100,100
116:00:00,35.4,85,585,2.859,9636.0,0.373,70,686,3.353,442.1,0.100,100
116:10:00,35.3,85,585,2.859,9636.0,0.373,70,686,3.353,442.1,0.100,100
116:20:00,35.4,85,585,2.859,9636.0,0.373,70,686,3.353,442.1,0.100,100
116:30:00,35.4,85,585,2.859,9636.0,0.373,70,687,3.358,440.2,0.100,100
116:40:00,35.4,85,585,2.859,9636.0,0.373,70,687,3.358,440.2,0.100,100
116:50:00,35.4,85,585,2.859,9636.0,0.373,70,687,3.358,440.2,0.100,100
117:00:00,35.4,85,585,2.859,9636.0,0.373,70,687,3.358,440.2,0.100,100
117:10:00,35.4,85,585,2.859,9636.0,0.373,70,687,3.358,440.2,0.100,100
117:20:00,35.4,85,585,2.859,9636.0,0.373,70,687,3.358,440.2,0.099,100
117:30:00,35.4,85,585,2.859,9636.0,0.373,70,687,3.358,440.2,0.099,100
117:40:00,35.4,85,585,2.859,9636.0,0.374,70,687,3.358,440.2,0.099,100
117:50:00,35.4,85,585,2.859,9636.0,0.374,70,688,3.363,438.2,0.099,100
118:00:00,35.4,85,585,2.859,9636.0,0.374,70,688,3.363,438.2,0.099,100
118:10:00,35.4,85,583,2.849,9713.2,0.374,70,686,3.353,442.1,0.099,100
118:20:00,35.4,85,582,2.845,9752.0,0.375,70,685,3.348,444.1,0.100,100
118:30:00,35.4,85,582,2.845,9752.0,0.376,70,685,3.348,444.1,0.100,100
118:40:00,35.5,85,582,2.845,9752.0,0.376,70,685,3.348,444.1,0.100,100
118:50:00,35.5,85,582,2.845,9752.0,0.376,70,685,3.348,444.1,0.100,100
119:00:00,35.5,85,582,2.845,9752.0,0.377,70,686,3.353,442.1,0.100,100
119:10:00,35.5,85,582,2.845,9752.0,0.377,70,686,3.353,442.1,0.100,100
119:20:00,35.5,85,583,2.849,9713.2,0.377,70,686,3.353,442.1,0.100,100
119:30:00,35.5,85,577,2.820,9948.0,0.379,70,683,3.338,448.0,0.100,100
119:40:00,35.5,85,573,2.801,10107.3,0.381,69,675,3.299,464.0,0.101,100
119:50:00,35.6,85,573,2.801,10107.3,0.383,69,675,3.299,464.0,0.102,100
120:00:00,35.6,85,573,2.801,10107.3,0.385,69,677,3.309,460.0,0.102,100
120:10:00,35.5,85,572,2.796,10147.5,0.387,68,678,3.314,458.0,0.102,100
120:20:00,35.4,85,572,2.796,10147.5,0.388,68,678,3.314,458.0,0.103,100
120:30:00,35.2,85,572,2.796,10147.5,0.389,68,679,3.319,456.0,0.103,100
120:40:00,35.1,85,572,2.796,10147.5,0.390,68,679,3.319,456.0,0.103,100
120:50:00,35.1,85,573,2.801,10107.3,0.390,68,680,3.324,454.0,0.103,100
121:00:00,35.0,85,571,2.791,10187.8,0.391,68,680,3.324,454.0,0.103,100
121:10:00,34.9,85,571,2.791,10187.8,0.392,68,680,3.324,454.0,0.103,100
121:20:00,34.9,85,573,2.801,10107.3,0.392,68,680,3.324,454.0,0.103,100
121:30:00,34.9,85,573,2.801,10107.3,0.392,68,680,3.324,454.0,0.103,100
121:40:00,34.9,85,572,2.796,10147.5,0.392,68,680,3.324,454.0,0.103,100
121:50:00,34.9,85,573,2.801,10107.3,0.392,68,681,3.328,452.0,0.102,100
122:00:00,34.9,85,573,2.801,10107.3,0.392,68,681,3.328,452.0,0.102,100
122:10:00,34.9,85,573,2.801,10107.3,0.392,68,680,3.324,454.0,0.102,100
122:20:00,35.0,85,574,2.805,10067.3,0.392,68,681,3.328,452.0,0.102,100
122:30:00,35.1,85,576,2.815,9987.7,0.391,68,682,3.333,450.0,0.102,100
122:40:00,35.1,85,577,2.820,9948.0,0.390,68,683,3.338,448.0,0.102,100
122:50:00,35.1,85,578,2.825,9908.6,0.389,68,684,3.343,446.1,0.102,100
123:00:00,35.2,85,578,2.825,9908.6,0.388,68,684,3.343,446.1,0.101,100
123:10:00,35.2,85,578,2.825,9908.6,0.387,68,684,3.343,446.1,0.101,100
123:20:00,35.2,85,581,2.840,9790.9,0.386,69,687,3.358,440.2,0.101,100
123:30:00,35.3,85,582,2.845,9752.0,0.384,69,688,3.363,438.2,0.101,100
123:40:00,35.3,85,582,2.845,9752.0,0.383,69,688,3.363,438.2,0.100,100
123:50:00,35.3,85,582,2.845,9752.0,0.382,69,688,3.363,438.2,0.100,100
124:00:00,35.4,85,583,2.849,9713.2,0.381,69,689,3.368,436.3,0.100,100
124:10:00,35.4,85,584,2.854,9674.5,0.380,69,690,3.372,434.3,0.099,100
124:20:00,35.4,85,580,2.835,9830.0,0.380,69,687,3.358,440.2,0.099,100
124:30:00,35.4,85,581,2.840,9790.9,0.380,69,689,3.368,436.3,0.099,100
124:40:00,35.1,85,579,2.830,9869.2,0.380,69,690,3.372,434.3,0.099,100
124:50:00,34.6,85,581,2.840,9790.9,0.380,69,691,3.377,432.4,0.099,100
125:00:00,34.3,85,582,2.845,9752.0,0.380,69,692,3.382,430.5,0.098,100
125:10:00,34.1,85,584,2.854,9674.5,0.379,69,694,3.392,426.7,0.098,100
125:20:00,34.0,86,578,2.825,9908.6,0.380,69,691,3.377,432.4,0.098,100
125:30:00,34.1,85,580,2.835,9830.0,0.380,69,692,3.382,430.5,0.098,100
125:40:00,34.1,85,578,2.825,9908.6,0.381,69,692,3.382,430.5,0.098,100
125:50:00,34.2,85,578,2.825,9908.6,0.382,69,692,3.382,430.5,0.098,100
126:00:00,34.1,85,578,2.825,9908.6,0.382,69,692,3.382,430.5,0.097,100
126:10:00,34.1,85,578,2.825,9908.6,0.382,69,693,3.387,428.6,0.097,100
126:20:00,34.1,85,578,2.825,9908.6,0.383,69,693,3.387,428.6,0.097,100
126:30:00,34.1,85,579,2.830,9869.2,0.383,69,693,3.387,428.6,0.097,100
126:40:00,34.1,85,579,2.830,9869.2,0.383,69,693,3.387,428.6,0.097,100
126:50:00,34.1,85,580,2.835,9830.0,0.382,69,694,3.392,426.7,0.097,100
127:00:00,34.0,85,579,2.830,9869.2,0.382,69,694,3.392,426.7,0.097,100
127:10:00,34.0,85,579,2.830,9869.2,0.382,69,694,3.392,426.7,0.097,100
127:20:00,34.0,85,578,2.825,9908.6,0.383,69,694,3.392,426.7,0.097,100
127:30:00,34.0,85,574,2.805,10067.3,0.384,69,692,3.382,430.5,0.097,100
127:40:00,33.9,85,571,2.791,10187.8,0.386,68,686,3.353,442.1,0.097,100
127:50:00,33.9,85,571,2.791,10187.8,0.388,68,687,3.358,440.2,0.098,100
128:00:00,33.9,85,572,2.796,10147.5,0.389,68,688,3.363,438.2,0.098,100
128:10:00,33.9,85,574,2.805,10067.3,0.389,68,689,3.368,436.3,0.098,100
128:20:00,34.0,85,572,2.796,10147.5,0.390,68,686,3.353,442.1,0.098,100
128:30:00,34.1,85,573,2.801,10107.3,0.391,68,687,3.358,440.2,0.099,100
128:40:00,34.2,85,573,2.801,10107.3,0.391,68,687,3.358,440.2,0.099,100
128:50:00,34.3,85,572,2.796,10147.5,0.391,68,686,3.353,442.1,0.099,100
129:00:00,34.4,85,573,2.801,10107.3,0.391,68,686,3.353,442.1,0.099,100
129:10:00,34.4,85,573,2.801,10107.3,0.391,68,686,3.353,442.1,0.099,100
129:20:00,34.4,85,573,2.801,10107.3,0.392,68,686,3.353,442.1,0.099,100
129:30:00,34.5,85,573,2.801,10107.3,0.392,68,687,3.358,440.2,0.099,100
129:40:00,34.5,85,573,2.801,10107.3,0.392,68,687,3.358,440.2,0.099,100
129:50:00,34.6,85,574,2.805,10067.3,0.391,68,687,3.358,440.2,0.099,100
130:00:00,34.6,85,574,2.805,10067.3,0.391,68,687,3.358,440.2,0.099,100
130:10:00,34.6,85,574,2.805,10067.3,0.391,68,687,3.358,440.2,0.099,100
130:20:00,34.6,85,574,2.805,10067.3,0.391,68,687,3.358,440.2,0.099,100
130:30:00,34.7,85,574,2.805,10067.3,0.391,68,687,3.358,440.2,0.099,100
130:40:00,34.7,85,574,2.805,10067.3,0.391,68,687,3.358,440.2,0.099,100
130:50:00,34.7,85,574,2.805,10067.3,0.391,68,687,3.358,440.2,0.099,100
131:00:00,34.7,85,574,2.805,10067.3,0.391,68,687,3.358,440.2,0.099,100
131:10:00,34.8,85,574,2.805,10067.3,0.390,68,687,3.358,440.2,0.099,100
131:20:00,34.8,85,574,2.805,10067.3,0.390,68,687,3.358,440.2,0.099,100
131:30:00,34.8,85,574,2.805,10067.3,0.390,68,687,3.358,440.2,0.099,100
131:40:00,34.8,85,574,2.805,10067.3,0.390,68,687,3.358,440.2,0.099,100
131:50:00,34.8,85,574,2.805,10067.3,0.390,68,687,3.358,440.2,0.099,100
132:00:00,34.9,85,575,2.810,10027.4,0.390,68,688,3.363,438.2,0.099,100
132:10:00,34.9,85,575,2.810,10027.4,0.390,68,688,3.363,438.2,0.099,100
132:20:00,34.9,85,574,2.805,10067.3,0.390,68,688,3.363,438.2,0.099,100
132:30:00,34.9,85,575,2.810,10027.4,0.390,68,688,3.363,438.2,0.099,100
132:40:00,34.9,85,574,2.805,10067.3,0.390,68,688,3.363,438.2,0.099,100
132:50:00,34.9,85,575,2.810,10027.4,0.390,68,688,3.363,438.2,0.099,100
133:00:00,35.0,85,575,2.810,10027.4,0.389,68,688,3.363,438.2,0.099,100
133:10:00,35.0,85,575,2.810,10027.4,0.389,68,688,3.363,438.2,0.099,100
133:20:00,35.0,85,575,2.810,10027.4,0.389,68,688,3.363,438.2,0.099,100
133:30:00,35.0,85,575,2.810,10027.4,0.389,68,688,3.363,438.2,0.099,100
133:40:00,35.0,85,575,2.810,10027.4,0.389,68,688,3.363,438.2,0.099,100
133:50:00,35.1,85,575,2.810,10027.4,0.389,68,688,3.363,438.2,0.099,100
134:00:00,35.1,85,575,2.810,10027.4,0.389,68,688,3.363,438.2,0.099,100
134:10:00,35.1,85,575,2.810,10027.4,0.389,68,689,3.368,436.3,0.099,100
134:20:00,35.1,85,575,2.810,10027.4,0.389,68,689,3.368,436.3,0.099,100
134:30:00,35.1,85,575,2.810,10027.4,0.389,68,689,3.368,436.3,0.099,100
134:40:00,35.1,85,574,2.805,10067.3,0.389,68,688,3.363,438.2,0.099,100
134:50:00,35.1,85,575,2.810,10027.4,0.389,68,689,3.368,436.3,0.099,100
135:00:00,35.1,85,575,2.810,10027.4,0.389,68,688,3.363,438.2,0.099,100
135:10:00,35.1,85,575,2.810,10027.4,0.389,68,688,3.363,438.2,0.099,100
135:20:00,35.1,85,575,2.810,10027.4,0.389,68,688,3.363,438.2,0.099,100
135:30:00,35.2,85,574,2.805,10067.3,0.389,68,688,3.363,438.2,0.099,100
135:40:00,35.2,85,574,2.805,10067.3,0.389,68,688,3.363,438.2,0.099,100
135:50:00,35.2,85,574,2.805,10067.3,0.390,68,688,3.363,438.2,0.099,100
136:00:00,35.2,85,574,2.805,10067.3,0.390,68,688,3.363,438.2,0.099,100
136:10:00,35.2,85,574,2.805,10067.3,0.390,68,688,3.363,438.2,0.099,100
136:20:00,35.2,85,574,2.805,10067.3,0.390,68,688,3.363,438.2,0.099,100
136:30:00,35.2,85,574,2.805,10067.3,0.390,68,688,3.363,438.2,0.099,100
136:40:00,35.2,85,574,2.805,10067.3,0.390,68,688,3.363,438.2,0.099,100
136:50:00,35.3,85,573,2.801,10107.3,0.390,68,688,3.363,438.2,0.099,100
137:00:00,35.3,85,573,2.801,10107.3,0.391,68,688,3.363,438.2,0.099,100
137:10:00,35.3,85,573,2.801,10107.3,0.391,68,688,3.363,438.2,0.099,100
137:20:00,35.3,85,573,2.801,10107.3,0.391,68,688,3.363,438.2,0.099,100
137:30:00,35.3,85,573,2.801,10107.3,0.391,68,688,3.363,438.2,0.099,100
137:40:00,35.3,85,573,2.801,10107.3,0.391,68,687,3.358,440.2,0.099,100
137:50:00,35.3,85,573,2.801,10107.3,0.391,68,687,3.358,440.2,0.099,100
138:00:00,35.3,85,573,2.801,10107.3,0.392,68,687,3.358,440.2,0.099,100
138:10:00,35.3,85,572,2.796,10147.5,0.392,68,687,3.358,440.2,0.099,100
138:20:00,35.3,85,572,2.796,10147.5,0.392,68,687,3.358,440.2,0.099,100
138:30:00,35.3,85,572,2.796,10147.5,0.392,68,687,3.358,440.2,0.099,100
138:40:00,35.3,85,572,2.796,10147.5,0.393,68,687,3.358,440.2,0.099,100
138:50:00,35.3,85,572,2.796,10147.5,0.393,68,687,3.358,440.2,0.099,100
139:00:00,35.3,85,572,2.796,10147.5,0.393,68,687,3.358,440.2,0.099,100
139:10:00,35.4,85,572,2.796,10147.5,0.393,68,687,3.358,440.2,0.099,100
139:20:00,35.4,85,572,2.796,10147.5,0.393,68,687,3.358,440.2,0.099,100
139:30:00,35.3,85,571,2.791,10187.8,0.393,68,687,3.358,440.2,0.099,100
139:40:00,35.4,85,572,2.796,10147.5,0.393,68,687,3.358,440.2,0.099,100
139:50:00,35.4,85,571,2.791,10187.8,0.394,68,687,3.358,440.2,0.099,100
140:00:00,35.4,85,571,2.791,10187.8,0.394,67,687,3.358,440.2,0.099,100
140:10:00,35.4,85,571,2.791,10187.8,0.394,67,687,3.358,440.2,0.099,100
140:20:00,35.4,85,571,2.791,10187.8,0.394,67,687,3.358,440.2,0.099,100
140:30:00,35.4,85,571,2.791,10187.8,0.394,67,687,3.358,440.2,0.099,100
140:40:00,35.4,85,571,2.791,10187.8,0.395,67,687,3.358,440.2,0.099,100
140:50:00,35.4,85,571,2.791,10187.8,0.395,67,687,3.358,440.2,0.099,100
141:00:00,35.4,85,571,2.791,10187.8,0.395,67,687,3.358,440.2,0.099,100
141:10:00,35.4,85,571,2.791,10187.8,0.395,67,687,3.358,440.2,0.099,100
141:20:00,35.4,85,571,2.791,10187.8,0.395,67,687,3.358,440.2,0.099,100
141:30:00,35.4,85,570,2.786,10228.3,0.395,67,686,3.353,442.1,0.099,100
141:40:00,35.4,85,571,2.791,10187.8,0.395,67,686,3.353,442.1,0.099,100
141:50:00,35.4,85,570,2.786,10228.3,0.395,67,687,3.358,440.2,0.099,100
142:00:00,35.4,85,571,2.791,10187.8,0.395,67,686,3.353,442.1,0.100,100
142:10:00,35.4,85,570,2.786,10228.3,0.396,67,686,3.353,442.1,0.100,100
142:20:00,35.4,85,570,2.786,10228.3,0.396,67,686,3.353,442.1,0.100,100
142:30:00,35.5,85,570,2.786,10228.3,0.396,67,686,3.353,442.1,0.100,100
142:40:00,35.4,85,570,2.786,10228.3,0.396,67,686,3.353,442.1,0.100,100
142:50:00,35.5,85,570,2.786,10228.3,0.396,67,686,3.353,442.1,0.100,100
143:00:00,35.5,85,570,2.786,10228.3,0.396,67,686,3.353,442.1,0.100,100
143:10:00,35.5,85,570,2.786,10228.3,0.396,67,686,3.353,442.1,0.100,100
143:20:00,35.5,85,570,2.786,10228.3,0.396,67,686,3.353,442.1,0.100,100
143:30:00,35.5,85,570,2.786,10228.3,0.396,67,686,3.353,442.1,0.100,100
143:40:00,35.5,85,569,2.781,10268.9,0.397,67,686,3.353,442.1,0.100,100
143:50:00,35.5,85,570,2.786,10228.3,0.397,67,686,3.353,442.1,0.100,100
144:00:00,35.5,85,569,2.781,10268.9,0.397,67,686,3.353,442.1,0.100,100
144:10:00,35.6,85,570,2.786,10228.3,0.397,67,686,3.353,442.1,0.100,100
144:20:00,35.6,85,570,2.786,10228.3,0.397,67,686,3.353,442.1,0.100,100
144:30:00,35.6,85,569,2.781,10268.9,0.397,67,686,3.353,442.1,0.100,100
144:40:00,35.6,85,569,2.781,10268.9,0.397,67,686,3.353,442.1,0.100,100
144:50:00,35.6,85,570,2.786,10228.3,0.397,67,686,3.353,442.1,0.100,100
145:00:00,35.6,85,569,2.781,10268.9,0.397,67,686,3.353,442.1,0.100,100
145:10:00,35.6,85,569,2.781,10268.9,0.397,67,685,3.348,444.1,0.100,100
145:20:00,35.6,85,570,2.786,10228.3,0.397,67,685,3.348,444.1,0.100,100
145:30:00,35.6,85,569,2.781,10268.9,0.397,67,685,3.348,444.1,0.100,100
145:40:00,35.6,85,569,2.781,10268.9,0.398,67,685,3.348,444.1,0.100,100
145:50:00,35.6,85,569,2.781,10268.9,0.398,67,685,3.348,444.1,0.100,100
146:00:00,35.7,85,569,2.781,10268.9,0.398,67,685,3.348,444.1,0.100,100
146:10:00,35.7,85,569,2.781,10268.9,0.398,67,685,3.348,444.1,0.100,100
146:20:00,35.7,85,569,2.781,10268.9,0.398,67,685,3.348,444.1,0.100,100
146:30:00,35.7,85,569,2.781,10268.9,0.398,67,685,3.348,444.1,0.100,100
146:40:00,35.7,85,569,2.781,10268.9,0.398,67,684,3.343,446.1,0.100,100
146:50:00,35.7,85,569,2.781,10268.9,0.398,67,684,3.343,446.1,0.100,100
147:00:00,35.7,85,569,2.781,10268.9,0.398,67,684,3.343,446.1,0.100,100
147:10:00,35.7,85,569,2.781,10268.9,0.398,67,684,3.343,446.1,0.100,100
147:20:00,35.7,85,569,2.781,10268.9,0.398,67,684,3.343,446.1,0.100,100
147:30:00,35.7,85,568,2.776,10309.6,0.398,67,683,3.338,448.0,0.101,100
147:40:00,35.7,85,567,2.771,10350.5,0.399,67,683,3.338,448.0,0.101,100
147:50:00,35.8,85,567,2.771,10350.5,0.399,67,682,3.333,450.0,0.101,100
148:00:00,35.8,85,567,2.771,10350.5,0.400,67,682,3.333,450.0,0.101,100
148:10:00,35.8,85,567,2.771,10350.5,0.400,67,682,3.333,450.0,0.101,100
148:20:00,35.8,85,567,2.771,10350.5,0.400,67,682,3.333,450.0,0.101,100
148:30:00,35.8,85,567,2.771,10350.5,0.400,67,682,3.333,450.0,0.101,100
148:40:00,35.8,85,567,2.771,10350.5,0.401,67,682,3.333,450.0,0.101,100
148:50:00,35.8,85,568,2.776,10309.6,0.400,67,682,3.333,450.0,0.101,100
149:00:00,35.8,85,567,2.771,10350.5,0.401,67,682,3.333,450.0,0.101,100
149:10:00,35.8,85,567,2.771,10350.5,0.401,67,682,3.333,450.0,0.101,100
149:20:00,35.8,85,567,2.771,10350.5,0.401,67,681,3.328,452.0,0.102,100
149:30:00,35.8,85,568,2.776,10309.6,0.401,67,682,3.333,450.0,0.102,100
149:40:00,35.8,85,568,2.776,10309.6,0.400,67,681,3.328,452.0,0.102,100
149:50:00,35.8,85,567,2.771,10350.5,0.401,67,681,3.328,452.0,0.102,100
150:00:00,35.8,85,568,2.776,10309.6,0.400,67,681,3.328,452.0,0.102,100
150:10:00,35.9,85,568,2.776,10309.6,0.400,67,681,3.328,452.0,0.102,100
150:20:00,35.9,85,568,2.776,10309.6,0.400,67,681,3.328,452.0,0.102,100
150:30:00,35.9,85,568,2.776,10309.6,0.400,67,681,3.328,452.0,0.102,100
150:40:00,35.9,85,568,2.776,10309.6,0.400,67,681,3.328,452.0,0.102,100
150:50:00,35.9,85,568,2.776,10309.6,0.400,67,681,3.328,452.0,0.102,100
151:00:00,35.9,85,568,2.776,10309.6,0.400,67,681,3.328,452.0,0.102,100
151:10:00,35.9,85,568,2.776,10309.6,0.400,67,681,3.328,452.0,0.102,100
151:20:00,35.9,85,568,2.776,10309.6,0.400,67,681,3.328,452.0,0.102,100
151:30:00,35.9,85,568,2.776,10309.6,0.400,67,681,3.328,452.0,0.102,100
151:40:00,35.9,85,568,2.776,10309.6,0.400,67,681,3.328,452.0,0.102,100
151:50:00,35.9,85,568,2.776,10309.6,0.400,67,681,3.328,452.0,0.102,100
152:00:00,35.9,85,568,2.776,10309.6,0.400,67,681,3.328,452.0,0.102,100
152:10:00,35.9,85,569,2.781,10268.9,0.399,67,681,3.328,452.0,0.102,100
152:20:00,35.9,85,568,2.776,10309.6,0.399,67,681,3.328,452.0,0.102,100
152:30:00,35.9,85,569,2.781,10268.9,0.399,67,681,3.328,452.0,0.102,100
152:40:00,35.9,85,569,2.781,10268.9,0.399,67,680,3.324,454.0,0.102,100
152:50:00,35.9,85,569,2.781,10268.9,0.399,67,680,3.324,454.0,0.102,100
153:00:00,35.9,85,569,2.781,10268.9,0.399,67,680,3.324,454.0,0.102,100
153:10:00,35.9,85,569,2.781,10268.9,0.399,67,680,3.324,454.0,0.102,100
153:20:00,35.9,85,569,2.781,10268.9,0.398,67,680,3.324,454.0,0.102,100
153:30:00,35.9,85,569,2.781,10268.9,0.398,67,680,3.324,454.0,0.102,100
153:40:00,35.9,85,569,2.781,10268.9,0.398,67,680,3.324,454.0,0.102,100
153:50:00,35.9,85,568,2.776,10309.6,0.399,67,680,3.324,454.0,0.102,100
154:00:00,35.9,85,569,2.781,10268.9,0.398,67,680,3.324,454.0,0.102,100
154:10:00,35.9,85,569,2.781,10268.9,0.398,67,680,3.324,454.0,0.102,100
154:20:00,35.9,85,568,2.776,10309.6,0.399,67,680,3.324,454.0,0.102,100
154:30:00,35.9,85,568,2.776,10309.6,0.399,67,679,3.319,456.0,0.103,100
154:40:00,35.9,85,568,2.776,10309.6,0.399,67,679,3.319,456.0,0.103,100
154:50:00,35.9,85,568,2.776,10309.6,0.399,67,679,3.319,456.0,0.103,100
155:00:00,35.9,85,567,2.771,10350.5,0.400,67,679,3.319,456.0,0.103,100
155:10:00,35.9,85,568,2.776,10309.6,0.400,67,679,3.319,456.0,0.103,100
155:20:00,35.9,85,568,2.776,10309.6,0.400,67,679,3.319,456.0,0.103,100
155:30:00,35.9,85,567,2.771,10350.5,0.400,67,679,3.319,456.0,0.103,100
155:40:00,35.9,85,567,2.771,10350.5,0.400,67,679,3.319,456.0,0.103,100
155:50:00,35.9,85,567,2.771,10350.5,0.400,67,679,3.319,456.0,0.103,100
156:00:00,35.9,85,567,2.771,10350.5,0.401,67,678,3.314,458.0,0.103,100
156:10:00,35.9,85,567,2.771,10350.5,0.401,67,678,3.314,458.0,0.103,100
156:20:00,35.9,85,567,2.771,10350.5,0.401,67,678,3.314,458.0,0.103,100
156:30:00,35.9,85,566,2.766,10391.5,0.401,67,678,3.314,458.0,0.103,100
156:40:00,35.9,85,566,2.766,10391.5,0.402,66,678,3.314,458.0,0.103,100
156:50:00,35.9,85,566,2.766,10391.5,0.402,66,677,3.309,460.0,0.103,100
157:00:00,35.9,85,566,2.766,10391.5,0.402,66,677,3.309,460.0,0.103,100
157:10:00,35.9,85,566,2.766,10391.5,0.402,66,677,3.309,460.0,0.103,100
157:20:00,35.9,85,565,2.761,10432.7,0.403,66,677,3.309,460.0,0.104,100
157:30:00,35.9,85,565,2.761,10432.7,0.403,66,677,3.309,460.0,0.104,100
157:40:00,35.9,85,565,2.761,10432.7,0.403,66,677,3.309,460.0,0.104,100
157:50:00,35.9,85,565,2.761,10432.7,0.404,66,676,3.304,462.0,0.104,100
158:00:00,35.9,85,565,2.761,10432.7,0.404,66,676,3.304,462.0,0.104,100
158:10:00,35.9,85,564,2.757,10474.0,0.404,66,676,3.304,462.0,0.104,100
158:20:00,35.9,85,564,2.757,10474.0,0.405,66,676,3.304,462.0,0.104,100
158:30:00,35.9,85,564,2.757,10474.0,0.405,66,675,3.299,464.0,0.104,100
158:40:00,35.9,85,564,2.757,10474.0,0.405,66,675,3.299,464.0,0.104,100
158:50:00,35.9,85,564,2.757,10474.0,0.405,66,675,3.299,464.0,0.104,100
159:00:00,35.9,85,563,2.752,10515.5,0.406,66,675,3.299,464.0,0.104,100
159:10:00,35.9,85,563,2.752,10515.5,0.406,66,675,3.299,464.0,0.104,100
159:20:00,35.9,85,563,2.752,10515.5,0.406,66,675,3.299,464.0,0.105,100
159:30:00,35.9,85,563,2.752,10515.5,0.407,66,675,3.299,464.0,0.105,100
159:40:00,35.9,85,562,2.747,10557.1,0.407,66,674,3.294,466.0,0.105,100
159:50:00,35.9,85,562,2.747,10557.1,0.408,66,674,3.294,466.0,0.105,100
160:00:00,35.9,85,562,2.747,10557.1,0.408,66,674,3.294,466.0,0.105,100
160:10:00,35.9,85,562,2.747,10557.1,0.408,66,674,3.294,466.0,0.105,100
160:20:00,35.9,85,562,2.747,10557.1,0.408,66,673,3.289,468.1,0.105,99
160:30:00,35.9,85,561,2.742,10598.8,0.409,65,673,3.289,468.1,0.105,99
160:40:00,35.9,85,561,2.742,10598.8,0.409,65,673,3.289,468.1,0.105,99
160:50:00,35.9,85,561,2.742,10598.8,0.410,65,673,3.289,468.1,0.105,99
161:00:00,35.8,85,561,2.742,10598.8,0.410,65,672,3.284,470.1,0.105,99
161:10:00,35.9,85,560,2.737,10640.7,0.410,65,672,3.284,470.1,0.106,99
161:20:00,35.8,85,560,2.737,10640.7,0.411,65,672,3.284,470.1,0.106,99
161:30:00,35.8,85,560,2.737,10640.7,0.411,65,672,3.284,470.1,0.106,99
161:40:00,35.8,85,560,2.737,10640.7,0.411,65,671,3.280,472.1,0.106,99
161:50:00,35.8,85,559,2.732,10682.8,0.412,65,671,3.280,472.1,0.106,99
162:00:00,35.8,85,559,2.732,10682.8,0.412,65,671,3.280,472.1,0.106,99
162:10:00,35.8,85,559,2.732,10682.8,0.413,65,671,3.280,472.1,0.106,99
162:20:00,35.8,85,559,2.732,10682.8,0.413,65,670,3.275,474.2,0.106,99
162:30:00,35.8,85,558,2.727,10725.0,0.414,65,670,3.275,474.2,0.107,99
162:40:00,35.8,85,558,2.727,10725.0,0.414,65,670,3.275,474.2,0.107,99
162:50:00,35.8,85,558,2.727,10725.0,0.414,65,669,3.270,476.2,0.107,99
163:00:00,35.8,85,558,2.727,10725.0,0.415,65,669,3.270,476.2,0.107,99
163:10:00,35.8,85,557,2.722,10767.4,0.415,65,669,3.270,476.2,0.107,99
163:20:00,35.8,85,557,2.722,10767.4,0.416,65,669,3.270,476.2,0.107,99
163:30:00,35.8,85,557,2.722,10767.4,0.416,65,668,3.265,478.3,0.107,99
163:40:00,35.8,85,557,2.722,10767.4,0.416,64,668,3.265,478.3,0.107,99
163:50:00,35.8,85,557,2.722,10767.4,0.417,64,668,3.265,478.3,0.108,99
164:00:00,35.8,85,556,2.717,10809.9,0.417,64,667,3.260,480.4,0.108,99
164:10:00,35.8,85,556,2.717,10809.9,0.417,64,667,3.260,480.4,0.108,99
164:20:00,35.8,85,556,2.717,10809.9,0.418,64,667,3.260,480.4,0.108,99
164:30:00,35.8,85,556,2.717,10809.9,0.418,64,667,3.260,480.4,0.108,99
164:40:00,35.8,85,556,2.717,10809.9,0.418,64,667,3.260,480.4,0.108,99
164:50:00,35.8,85,555,2.713,10852.5,0.419,64,666,3.255,482.4,0.108,99
165:00:00,35.8,85,555,2.713,10852.5,0.419,64,666,3.255,482.4,0.108,99
165:10:00,35.7,85,555,2.713,10852.5,0.419,64,666,3.255,482.4,0.108,99
165:20:00,35.7,85,555,2.713,10852.5,0.420,64,666,3.255,482.4,0.109,99
165:30:00,35.7,85,555,2.713,10852.5,0.420,64,665,3.250,484.5,0.109,99
165:40:00,35.7,85,555,2.713,10852.5,0.420,64,665,3.250,484.5,0.109,99
165:50:00,35.7,85,555,2.713,10852.5,0.420,64,665,3.250,484.5,0.109,99
166:00:00,35.7,85,554,2.708,10895.4,0.421,64,665,3.250,484.5,0.109,99
166:10:00,35.7,85,554,2.708,10895.4,0.421,64,664,3.245,486.6,0.109,99
166:20:00,35.7,85,554,2.708,10895.4,0.421,64,664,3.245,486.6,0.109,99
166:30:00,35.7,85,554,2.708,10895.4,0.421,64,664,3.245,486.6,0.109,99
166:40:00,35.7,85,554,2.708,10895.4,0.422,64,663,3.240,488.7,0.110,99
166:50:00,35.8,85,554,2.708,10895.4,0.422,64,663,3.240,488.7,0.110,99
167:00:00,35.7,85,553,2.703,10938.3,0.422,64,663,3.240,488.7,0.110,99
167:10:00,35.7,85,554,2.708,10895.4,0.422,64,662,3.236,490.8,0.110,99
167:20:00,35.8,85,553,2.703,10938.3,0.423,64,662,3.236,490.8,0.110,99
167:30:00,35.8,85,553,2.703,10938.3,0.423,64,662,3.236,490.8,0.110,99
167:40:00,35.8,85,553,2.703,10938.3,0.423,64,662,3.236,490.8,0.110,99
167:50:00,35.8,85,553,2.703,10938.3,0.423,64,661,3.231,492.9,0.111,99
168:00:00,35.8,85,553,2.703,10938.3,0.423,64,661,3.231,492.9,0.111,99
168:10:00,35.8,85,553,2.703,10938.3,0.424,64,661,3.231,492.9,0.111,99
168:20:00,35.8,85,553,2.703,10938.3,0.424,64,660,3.226,495.0,0.111,99
168:30:00,35.8,85,553,2.703,10938.3,0.424,64,660,3.226,495.0,0.111,99
168:40:00,35.8,85,552,2.698,10981.5,0.424,63,660,3.226,495.0,0.111,99
168:50:00,35.8,85,553,2.703,10938.3,0.424,63,659,3.221,497.1,0.111,99
169:00:00,35.8,85,552,2.698,10981.5,0.424,63,659,3.221,497.1,0.112,99
169:10:00,35.8,85,552,2.698,10981.5,0.425,63,659,3.221,497.1,0.112,99
169:20:00,35.8,85,552,2.698,10981.5,0.425,63,658,3.216,499.2,0.112,99
169:30:00,35.8,85,551,2.693,11024.8,0.425,63,658,3.216,499.2,0.112,99
169:40:00,35.8,85,551,2.693,11024.8,0.426,63,657,3.211,501.4,0.112,99
169:50:00,35.8,85,551,2.693,11024.8,0.426,63,657,3.211,501.4,0.112,99
170:00:00,35.8,85,551,2.693,11024.8,0.426,63,656,3.206,503.5,0.113,99
170:10:00,35.8,85,551,2.693,11024.8,0.427,63,656,3.206,503.5,0.113,99
170:20:00,35.8,85,550,2.688,11068.2,0.427,63,655,3.201,505.6,0.113,99
170:30:00,35.8,85,550,2.688,11068.2,0.427,63,655,3.201,505.6,0.113,99
170:40:00,35.8,85,550,2.688,11068.2,0.428,63,654,3.196,507.8,0.114,99
170:50:00,35.8,85,550,2.688,11068.2,0.428,63,654,3.196,507.8,0.114,99
171:00:00,35.8,85,550,2.688,11068.2,0.428,63,653,3.192,510.0,0.114,99
171:10:00,35.9,85,550,2.688,11068.2,0.428,63,653,3.192,510.0,0.114,99
171:20:00,35.9,85,550,2.688,11068.2,0.429,63,653,3.192,510.0,0.114,99
171:30:00,35.9,85,549,2.683,11111.8,0.429,63,652,3.187,512.1,0.115,99
171:40:00,35.9,85,550,2.688,11068.2,0.429,63,652,3.187,512.1,0.115,99
171:50:00,35.9,85,550,2.688,11068.2,0.429,63,652,3.187,512.1,0.115,99
172:00:00,35.9,85,550,2.688,11068.2,0.429,63,651,3.182,514.3,0.115,98
172:10:00,35.9,85,550,2.688,11068.2,0.429,63,651,3.182,514.3,0.115,98
172:20:00,35.9,85,550,2.688,11068.2,0.429,63,651,3.182,514.3,0.115,98
172:30:00,35.9,85,550,2.688,11068.2,0.429,63,650,3.177,516.5,0.116,98
172:40:00,35.9,85,550,2.688,11068.2,0.429,63,650,3.177,516.5,0.116,98
172:50:00,35.9,85,550,2.688,11068.2,0.429,63,650,3.177,516.5,0.116,98
173:00:00,35.9,85,550,2.688,11068.2,0.429,63,650,3.177,516.5,0.116,98
173:10:00,35.9,85,550,2.688,11068.2,0.429,63,649,3.172,518.6,0.116,98
173:20:00,35.9,85,550,2.688,11068.2,0.429,63,649,3.172,518.6,0.116,98
173:30:00,35.9,85,550,2.688,11068.2,0.429,63,648,3.167,520.8,0.117,98
173:40:00,35.9,85,550,2.688,11068.2,0.429,63,648,3.167,520.8,0.117,98
173:50:00,35.9,85,550,2.688,11068.2,0.429,63,648,3.167,520.8,0.117,98
174:00:00,35.9,85,550,2.688,11068.2,0.429,63,648,3.167,520.8,0.117,98
174:10:00,35.9,85,550,2.688,11068.2,0.429,63,648,3.167,520.8,0.117,98
174:20:00,35.9,85,551,2.693,11024.8,0.429,63,647,3.162,523.0,0.117,98
174:30:00,35.9,85,551,2.693,11024.8,0.428,63,647,3.162,523.0,0.117,98
174:40:00,35.9,85,551,2.693,11024.8,0.428,63,647,3.162,523.0,0.118,98
174:50:00,35.9,85,551,2.693,11024.8,0.428,63,646,3.157,525.2,0.118,98
175:00:00,35.9,85,551,2.693,11024.8,0.428,63,646,3.157,525.2,0.118,98
175:10:00,35.9,85,551,2.693,11024.8,0.428,63,646,3.157,525.2,0.118,98
175:20:00,35.9,85,551,2.693,11024.8,0.428,63,645,3.152,527.4,0.118,98
175:30:00,35.9,85,551,2.693,11024.8,0.428,63,645,3.152,527.4,0.118,98
175:40:00,35.9,85,551,2.693,11024.8,0.428,63,645,3.152,527.4,0.119,98
175:50:00,35.9,85,551,2.693,11024.8,0.428,63,644,3.148,529.7,0.119,98
176:00:00,35.9,85,551,2.693,11024.8,0.428,63,644,3.148,529.7,0.119,98
176:10:00,35.9,85,551,2.693,11024.8,0.428,63,644,3.148,529.7,0.119,98
176:20:00,35.9,85,551,2.693,11024.8,0.427,63,644,3.148,529.7,0.119,98
176:30:00,35.9,85,551,2.693,11024.8,0.427,63,643,3.143,531.9,0.119,98
176:40:00,35.9,85,551,2.693,11024.8,0.427,63,643,3.143,531.9,0.119,98
176:50:00,35.9,85,551,2.693,11024.8,0.427,63,643,3.143,531.9,0.120,98
177:00:00,35.9,85,551,2.693,11024.8,0.427,63,642,3.138,534.1,0.120,98
177:10:00,35.9,85,551,2.693,11024.8,0.427,63,641,3.133,536.3,0.120,98
177:20:00,35.9,85,551,2.693,11024.8,0.427,63,641,3.133,536.3,0.120,98
177:30:00,35.9,85,551,2.693,11024.8,0.427,63,641,3.133,536.3,0.120,98
177:40:00,35.9,85,550,2.688,11068.2,0.428,63,641,3.133,536.3,0.121,98
177:50:00,35.9,85,550,2.688,11068.2,0.428,63,640,3.128,538.6,0.121,98
178:00:00,35.9,85,550,2.688,11068.2,0.428,63,640,3.128,538.6,0.121,98
178:10:00,35.9,85,550,2.688,11068.2,0.428,63,639,3.123,540.8,0.121,98
178:20:00,35.9,85,550,2.688,11068.2,0.429,63,639,3.123,540.8,0.121,98
178:30:00,35.9,85,549,2.683,11111.8,0.429,63,639,3.123,540.8,0.121,98
178:40:00,35.9,85,549,2.683,11111.8,0.429,63,638,3.118,543.1,0.122,98
178:50:00,35.9,85,549,2.683,11111.8,0.430,63,638,3.118,543.1,0.122,98
179:00:00,35.9,85,549,2.683,11111.8,0.430,63,637,3.113,545.4,0.122,98
179:10:00,35.9,85,549,2.683,11111.8,0.430,63,637,3.113,545.4,0.122,98
179:20:00,35.9,85,549,2.683,11111.8,0.430,63,637,3.113,545.4,0.122,98
179:30:00,35.9,85,548,2.678,11155.6,0.431,63,636,3.109,547.6,0.123,98
179:40:00,35.9,85,548,2.678,11155.6,0.431,63,636,3.109,547.6,0.123,98
179:50:00,35.8,85,548,2.678,11155.6,0.431,62,635,3.104,549.9,0.123,98
180:00:00,35.8,85,548,2.678,11155.6,0.432,62,635,3.104,549.9,0.123,98
180:10:00,35.8,85,548,2.678,11155.6,0.432,62,635,3.104,549.9,0.123,98
180:20:00,35.8,85,548,2.678,11155.6,0.432,62,634,3.099,552.2,0.124,98
180:30:00,35.9,85,547,2.674,11199.5,0.432,62,634,3.099,552.2,0.124,98
180:40:00,35.8,85,547,2.674,11199.5,0.433,62,633,3.094,554.5,0.124,98
180:50:00,35.8,85,547,2.674,11199.5,0.433,62,633,3.094,554.5,0.124,98
181:00:00,35.8,85,547,2.674,11199.5,0.433,62,633,3.094,554.5,0.124,98
181:10:00,35.8,85,547,2.674,11199.5,0.433,62,632,3.089,556.8,0.125,98
181:20:00,35.8,85,546,2.669,11243.6,0.434,62,632,3.089,556.8,0.125,98
181:30:00,35.8,85,546,2.669,11243.6,0.434,62,631,3.084,559.1,0.125,97
181:40:00,35.8,85,546,2.669,11243.6,0.435,62,631,3.084,559.1,0.125,97
181:50:00,35.8,85,546,2.669,11243.6,0.435,62,631,3.084,559.1,0.126,97
182:00:00,35.8,85,546,2.669,11243.6,0.435,62,630,3.079,561.4,0.126,97
182:10:00,35.8,85,545,2.664,11287.8,0.436,62,630,3.079,561.4,0.126,97
182:20:00,35.8,85,545,2.664,11287.8,0.436,62,629,3.074,563.8,0.126,97
182:30:00,35.8,85,545,2.664,11287.8,0.436,62,629,3.074,563.8,0.126,97
182:40:00,35.8,85,545,2.664,11287.8,0.437,62,628,3.069,566.1,0.127,97
182:50:00,35.8,85,545,2.664,11287.8,0.437,62,628,3.069,566.1,0.127,97
183:00:00,35.8,85,545,2.664,11287.8,0.437,62,627,3.065,568.4,0.127,97
183:10:00,35.8,85,544,2.659,11332.2,0.437,62,627,3.065,568.4,0.127,97
183:20:00,35.7,85,544,2.659,11332.2,0.438,62,626,3.060,570.8,0.128,97
183:30:00,35.7,85,544,2.659,11332.2,0.438,62,626,3.060,570.8,0.128,97
183:40:00,35.8,85,544,2.659,11332.2,0.438,62,625,3.055,573.1,0.128,97
183:50:00,35.7,85,543,2.654,11376.8,0.439,61,625,3.055,573.1,0.128,97
184:00:00,35.7,85,543,2.654,11376.8,0.439,61,624,3.050,575.5,0.129,97
184:10:00,35.7,85,543,2.654,11376.8,0.440,61,624,3.050,575.5,0.129,97
184:20:00,35.7,85,542,2.649,11421.5,0.440,61,623,3.045,577.8,0.129,97
184:30:00,35.7,85,542,2.649,11421.5,0.441,61,623,3.045,577.8,0.129,97
184:40:00,35.7,85,542,2.649,11421.5,0.441,61,622,3.040,580.2,0.130,97
184:50:00,35.7,85,542,2.649,11421.5,0.441,61,622,3.040,580.2,0.130,97
185:00:00,35.7,85,541,2.644,11466.4,0.442,61,621,3.035,582.6,0.130,97
185:10:00,35.7,85,541,2.644,11466.4,0.443,61,621,3.035,582.6,0.131,97
185:20:00,35.7,85,541,2.644,11466.4,0.443,61,620,3.030,585.0,0.131,97
185:30:00,35.7,85,541,2.644,11466.4,0.443,61,619,3.025,587.4,0.131,97
185:40:00,35.7,85,540,2.639,11511.5,0.444,61,619,3.025,587.4,0.131,97
185:50:00,35.6,85,540,2.639,11511.5,0.444,61,618,3.021,589.8,0.132,97
186:00:00,35.7,85,540,2.639,11511.5,0.445,61,617,3.016,592.2,0.132,97
186:10:00,35.6,85,539,2.634,11556.7,0.445,61,617,3.016,592.2,0.132,97
186:20:00,35.6,85,539,2.634,11556.7,0.446,61,616,3.011,594.6,0.133,97
186:30:00,35.6,85,539,2.634,11556.7,0.446,60,616,3.011,594.6,0.133,97
186:40:00,35.6,85,538,2.630,11602.1,0.447,60,615,3.006,597.1,0.133,97
186:50:00,35.6,85,538,2.630,11602.1,0.448,60,614,3.001,599.5,0.134,97
187:00:00,35.6,85,538,2.630,11602.1,0.448,60,614,3.001,599.5,0.134,97
187:10:00,35.6,85,538,2.630,11602.1,0.448,60,613,2.996,602.0,0.134,97
187:20:00,35.6,85,537,2.625,11647.7,0.449,60,612,2.991,604.4,0.135,97
187:30:00,35.6,85,537,2.625,11647.7,0.450,60,612,2.991,604.4,0.135,96
187:40:00,35.6,85,537,2.625,11647.7,0.450,60,611,2.986,606.9,0.135,96
187:50:00,35.6,85,536,2.620,11693.5,0.451,60,610,2.981,609.3,0.136,96
188:00:00,35.6,85,536,2.620,11693.5,0.451,60,610,2.981,609.3,0.136,96
188:10:00,35.6,85,536,2.620,11693.5,0.452,60,609,2.977,611.8,0.137,96
188:20:00,35.6,85,536,2.620,11693.5,0.452,60,608,2.972,614.3,0.137,96
188:30:00,35.6,85,535,2.615,11739.4,0.453,60,608,2.972,614.3,0.137,96
188:40:00,35.5,85,535,2.615,11739.4,0.453,60,607,2.967,616.8,0.138,96
188:50:00,35.5,85,535,2.615,11739.4,0.453,60,606,2.962,619.3,0.138,96
189:00:00,35.5,85,534,2.610,11785.4,0.454,59,606,2.962,619.3,0.138,96
189:10:00,35.5,85,534,2.610,11785.4,0.455,59,605,2.957,621.8,0.139,96
189:20:00,35.5,85,534,2.610,11785.4,0.455,59,604,2.952,624.3,0.139,96
189:30:00,35.5,85,534,2.610,11785.4,0.455,59,603,2.947,626.9,0.140,96
189:40:00,35.5,85,533,2.605,11831.7,0.456,59,603,2.947,626.9,0.140,96
189:50:00,35.5,85,533,2.605,11831.7,0.457,59,602,2.942,629.4,0.140,96
190:00:00,35.5,85,533,2.605,11831.7,0.457,59,601,2.937,631.9,0.141,96
190:10:00,35.5,85,533,2.605,11831.7,0.457,59,601,2.937,631.9,0.141,96
190:20:00,35.5,85,533,2.605,11831.7,0.458,59,601,2.937,631.9,0.141,96
190:30:00,35.5,85,533,2.605,11831.7,0.458,59,600,2.933,634.5,0.142,96
190:40:00,35.5,85,532,2.600,11878.1,0.458,59,599,2.928,637.1,0.142,96
190:50:00,35.5,85,531,2.595,11924.7,0.459,59,598,2.923,639.6,0.143,96
191:00:00,35.5,85,531,2.595,11924.7,0.460,59,596,2.913,644.8,0.143,96
191:10:00,35.5,85,530,2.590,11971.5,0.461,59,595,2.908,647.4,0.144,96
191:20:00,35.5,85,530,2.590,11971.5,0.461,58,594,2.903,650.0,0.144,96
191:30:00,35.5,85,530,2.590,11971.5,0.462,58,593,2.898,652.6,0.145,96
191:40:00,35.5,85,529,2.586,12018.5,0.463,58,592,2.893,655.2,0.146,95
191:50:00,35.5,85,529,2.586,12018.5,0.463,58,591,2.889,657.9,0.146,95
192:00:00,35.5,85,529,2.586,12018.5,0.464,58,591,2.889,657.9,0.147,95
192:10:00,35.5,85,529,2.586,12018.5,0.464,58,590,2.884,660.5,0.147,95
192:20:00,35.5,85,529,2.586,12018.5,0.465,58,589,2.879,663.2,0.148,95
192:30:00,35.5,85,528,2.581,12065.6,0.465,58,589,2.879,663.2,0.148,95
192:40:00,35.5,85,529,2.586,12018.5,0.465,58,588,2.874,665.8,0.148,95
192:50:00,35.5,85,528,2.581,12065.6,0.466,58,587,2.869,668.5,0.149,95
193:00:00,35.5,85,528,2.581,12065.6,0.466,58,586,2.864,671.2,0.149,95
193:10:00,35.5,85,528,2.581,12065.6,0.467,58,585,2.859,673.8,0.150,95
193:20:00,35.5,85,528,2.581,12065.6,0.467,58,585,2.859,673.8,0.150,95
193:30:00,35.5,85,528,2.581,12065.6,0.467,58,584,2.854,676.5,0.151,95
193:40:00,35.6,85,527,2.576,12112.9,0.467,58,583,2.849,679.2,0.151,95
193:50:00,35.5,85,527,2.576,12112.9,0.468,58,582,2.845,682.0,0.152,95
194:00:00,35.6,85,527,2.576,12112.9,0.468,58,582,2.845,682.0,0.152,95
194:10:00,35.6,85,527,2.576,12112.9,0.469,58,581,2.840,684.7,0.153,95
194:20:00,35.6,85,527,2.576,12112.9,0.469,58,580,2.835,687.4,0.153,95
194:30:00,35.6,85,527,2.576,12112.9,0.469,57,580,2.835,687.4,0.154,95
194:40:00,35.6,85,527,2.576,12112.9,0.469,57,579,2.830,690.2,0.154,95
194:50:00,35.6,85,527,2.576,12112.9,0.469,57,578,2.825,692.9,0.154,95
195:00:00,35.6,85,527,2.576,12112.9,0.469,57,578,2.825,692.9,0.155,95
195:10:00,35.6,85,527,2.576,12112.9,0.469,57,577,2.820,695.7,0.155,94
195:20:00,35.6,85,527,2.576,12112.9,0.469,57,576,2.815,698.4,0.156,94
195:30:00,35.6,85,527,2.576,12112.9,0.469,57,576,2.815,698.4,0.156,94
195:40:00,35.6,85,527,2.576,12112.9,0.469,57,575,2.810,701.2,0.157,94
195:50:00,35.6,85,526,2.571,12160.4,0.470,57,574,2.805,704.0,0.157,94
196:00:00,35.6,85,526,2.571,12160.4,0.470,57,573,2.801,706.8,0.158,94
196:10:00,35.6,85,526,2.571,12160.4,0.470,57,573,2.801,706.8,0.158,94
196:20:00,35.6,85,526,2.571,12160.4,0.471,57,572,2.796,709.6,0.158,94
196:30:00,35.6,85,526,2.571,12160.4,0.471,57,572,2.796,709.6,0.159,94
196:40:00,35.6,85,526,2.571,12160.4,0.471,57,571,2.791,712.4,0.159,94
196:50:00,35.6,85,526,2.571,12160.4,0.471,57,571,2.791,712.4,0.159,94
197:00:00,35.6,85,527,2.576,12112.9,0.471,57,570,2.786,715.3,0.160,94
197:10:00,35.6,85,527,2.576,12112.9,0.470,57,569,2.781,718.1,0.160,94
197:20:00,35.6,85,527,2.576,12112.9,0.470,57,569,2.781,718.1,0.161,94
197:30:00,35.6,85,527,2.576,12112.9,0.470,57,568,2.776,721.0,0.161,94
197:40:00,35.6,85,527,2.576,12112.9,0.470,57,568,2.776,721.0,0.161,94
197:50:00,35.6,85,527,2.576,12112.9,0.470,57,567,2.771,723.8,0.162,94
198:00:00,35.6,85,527,2.576,12112.9,0.470,57,567,2.771,723.8,0.162,94
198:10:00,35.6,85,527,2.576,12112.9,0.470,57,566,2.766,726.7,0.162,94
198:20:00,35.6,85,527,2.576,12112.9,0.470,57,566,2.766,726.7,0.163,94
198:30:00,35.6,85,528,2.581,12065.6,0.469,57,565,2.761,729.6,0.163,94
198:40:00,35.6,85,527,2.576,12112.9,0.469,57,565,2.761,729.6,0.163,94
198:50:00,35.6,85,528,2.581,12065.6,0.469,57,564,2.757,732.4,0.164,94
199:00:00,35.6,85,528,2.581,12065.6,0.469,57,564,2.757,732.4,0.164,94
199:10:00,35.6,85,528,2.581,12065.6,0.469,58,564,2.757,732.4,0.164,94
199:20:00,35.6,85,528,2.581,12065.6,0.468,58,563,2.752,735.3,0.165,94
199:30:00,35.6,85,528,2.581,12065.6,0.468,58,563,2.752,735.3,0.165,94
199:40:00,35.6,85,528,2.581,12065.6,0.468,58,563,2.752,735.3,0.165,93
199:50:00,35.6,85,528,2.581,12065.6,0.468,58,562,2.747,738.3,0.165,93
200:00:00,35.6,85,529,2.586,12018.5,0.468,58,562,2.747,738.3,0.166,93
200:10:00,35.6,85,529,2.586,12018.5,0.467,58,561,2.742,741.2,0.166,93
200:20:00,35.6,85,529,2.586,12018.5,0.467,58,561,2.742,741.2,0.166,93
200:30:00,35.6,85,528,2.581,12065.6,0.467,58,560,2.737,744.1,0.167,93
200:40:00,35.6,85,529,2.586,12018.5,0.467,58,560,2.737,744.1,0.167,93
200:50:00,35.6,85,529,2.586,12018.5,0.467,58,560,2.737,744.1,0.167,93
201:00:00,35.5,85,528,2.581,12065.6,0.467,58,559,2.732,747.0,0.167,93
201:10:00,35.5,85,528,2.581,12065.6,0.467,58,559,2.732,747.0,0.168,93
201:20:00,35.5,85,528,2.581,12065.6,0.467,58,558,2.727,750.0,0.168,93
201:30:00,35.5,85,528,2.581,12065.6,0.467,58,558,2.727,750.0,0.168,93
201:40:00,35.5,85,528,2.581,12065.6,0.467,58,557,2.722,753.0,0.169,93
201:50:00,35.5,85,528,2.581,12065.6,0.467,58,557,2.722,753.0,0.169,93
202:00:00,35.5,85,528,2.581,12065.6,0.468,58,556,2.717,755.9,0.169,93
202:10:00,35.5,85,528,2.581,12065.6,0.468,58,556,2.717,755.9,0.169,93
202:20:00,35.5,85,527,2.576,12112.9,0.468,58,555,2.713,758.9,0.170,93
202:30:00,35.5,85,527,2.576,12112.9,0.468,58,554,2.708,761.9,0.170,93
202:40:00,35.5,85,527,2.576,12112.9,0.469,58,554,2.708,761.9,0.171,93
202:50:00,35.5,85,526,2.571,12160.4,0.469,57,553,2.703,764.9,0.171,93
203:00:00,35.5,85,526,2.571,12160.4,0.470,57,552,2.698,767.9,0.171,93
203:10:00,35.5,85,526,2.571,12160.4,0.470,57,552,2.698,767.9,0.172,93
203:20:00,35.5,85,526,2.571,12160.4,0.470,57,551,2.693,771.0,0.172,93
203:30:00,35.5,85,525,2.566,12208.1,0.471,57,550,2.688,774.0,0.173,93
203:40:00,35.5,85,525,2.566,12208.1,0.471,57,550,2.688,774.0,0.173,93
203:50:00,35.4,85,525,2.566,12208.1,0.472,57,549,2.683,777.0,0.174,93
204:00:00,35.4,85,525,2.566,12208.1,0.472,57,548,2.678,780.1,0.174,93
204:10:00,35.4,85,524,2.561,12256.0,0.473,57,547,2.674,783.2,0.175,93
204:20:00,35.4,85,524,2.561,12256.0,0.473,57,547,2.674,783.2,0.175,92
204:30:00,35.4,85,524,2.561,12256.0,0.474,57,546,2.669,786.3,0.176,92
204:40:00,35.4,85,523,2.556,12304.0,0.474,57,545,2.664,789.4,0.176,92
204:50:00,35.4,85,523,2.556,12304.0,0.475,57,544,2.659,792.5,0.177,92
205:00:00,35.4,85,523,2.556,12304.0,0.475,57,544,2.659,792.5,0.177,92
205:10:00,35.4,85,523,2.556,12304.0,0.476,57,543,2.654,795.6,0.178,92
205:20:00,35.4,85,522,2.551,12352.2,0.476,57,542,2.649,798.7,0.178,92
205:30:00,35.4,85,522,2.551,12352.2,0.477,56,541,2.644,801.8,0.179,92
205:40:00,35.4,85,521,2.546,12400.7,0.478,56,540,2.639,805.0,0.179,92
205:50:00,35.4,85,521,2.546,12400.7,0.478,56,540,2.639,805.0,0.180,92
206:00:00,35.3,85,521,2.546,12400.7,0.479,56,539,2.634,808.2,0.180,92
206:10:00,35.3,85,521,2.546,12400.7,0.479,56,538,2.630,811.3,0.181,92
206:20:00,35.3,85,520,2.542,12449.2,0.480,56,537,2.625,814.5,0.181,92
206:30:00,35.3,85,520,2.542,12449.2,0.480,56,536,2.620,817.7,0.182,92
206:40:00,35.3,85,520,2.542,12449.2,0.481,56,536,2.620,817.7,0.183,92
206:50:00,35.3,85,519,2.537,12498.0,0.482,56,535,2.615,820.9,0.183,92
207:00:00,35.3,85,519,2.537,12498.0,0.482,56,534,2.610,824.2,0.184,92
207:10:00,35.3,85,518,2.532,12547.0,0.483,56,533,2.605,827.4,0.184,92
207:20:00,35.3,85,518,2.532,12547.0,0.484,56,532,2.600,830.6,0.185,92
207:30:00,35.3,85,518,2.532,12547.0,0.484,55,531,2.595,833.9,0.186,91
207:40:00,35.3,85,517,2.527,12596.2,0.485,55,531,2.595,833.9,0.186,91
207:50:00,35.3,85,517,2.527,12596.2,0.486,55,530,2.590,837.2,0.187,91
208:00:00,35.3,85,517,2.527,12596.2,0.486,55,529,2.586,840.5,0.187,91
208:10:00,35.3,85,516,2.522,12645.5,0.487,55,528,2.581,843.7,0.188,91
208:20:00,35.2,85,516,2.522,12645.5,0.488,55,527,2.576,847.1,0.189,91
208:30:00,35.3,85,516,2.522,12645.5,0.488,55,527,2.576,847.1,0.189,91
208:40:00,35.2,85,516,2.522,12645.5,0.489,55,526,2.571,850.4,0.190,91
208:50:00,35.2,85,515,2.517,12695.1,0.489,55,525,2.566,853.7,0.190,91
209:00:00,35.2,85,515,2.517,12695.1,0.490,55,524,2.561,857.1,0.191,91
209:10:00,35.2,85,514,2.512,12744.8,0.491,55,523,2.556,860.4,0.192,91
209:20:00,35.2,85,514,2.512,12744.8,0.491,54,523,2.556,860.4,0.192,91
209:30:00,35.2,85,514,2.512,12744.8,0.492,54,522,2.551,863.8,0.193,91
209:40:00,35.2,85,514,2.512,12744.8,0.492,54,521,2.546,867.2,0.193,91
209:50:00,35.2,85,513,2.507,12794.7,0.493,54,520,2.542,870.6,0.194,91
210:00:00,35.2,86,513,2.507,12794.7,0.494,54,519,2.537,874.0,0.195,91
210:10:00,35.2,86,512,2.502,12844.9,0.495,54,519,2.537,874.0,0.195,90
210:20:00,35.2,85,512,2.502,12844.9,0.495,54,518,2.532,877.4,0.196,90
210:30:00,35.1,86,512,2.502,12844.9,0.496,54,517,2.527,880.9,0.196,90
210:40:00,35.1,86,512,2.502,12844.9,0.496,54,516,2.522,884.3,0.197,90
210:50:00,35.1,86,511,2.498,12895.2,0.497,54,516,2.522,884.3,0.197,90
211:00:00,35.1,86,510,2.493,12945.7,0.498,54,515,2.517,887.8,0.198,90
211:10:00,35.1,86,510,2.493,12945.7,0.499,54,514,2.512,891.2,0.199,90
211:20:00,35.1,86,510,2.493,12945.7,0.499,53,513,2.507,894.7,0.199,90
211:30:00,35.1,86,510,2.493,12945.7,0.500,53,513,2.507,894.7,0.200,90
211:40:00,35.1,86,510,2.493,12945.7,0.500,53,512,2.502,898.2,0.200,90
211:50:00,35.1,86,509,2.488,12996.4,0.501,53,511,2.498,901.8,0.201,90
212:00:00,35.1,86,509,2.488,12996.4,0.502,53,510,2.493,905.3,0.202,90
212:10:00,35.1,86,509,2.488,12996.4,0.502,53,510,2.493,905.3,0.202,90
212:20:00,35.0,86,509,2.488,12996.4,0.502,53,509,2.488,908.8,0.203,90
212:30:00,35.0,86,509,2.488,12996.4,0.503,53,508,2.483,912.4,0.203,90
212:40:00,35.0,86,508,2.483,13047.3,0.503,53,508,2.483,912.4,0.204,90
212:50:00,35.0,86,508,2.483,13047.3,0.504,53,507,2.478,916.0,0.204,90
213:00:00,35.0,86,508,2.483,13047.3,0.504,53,506,2.473,919.6,0.205,89
213:10:00,35.0,86,507,2.478,13098.5,0.505,53,506,2.473,919.6,0.206,89
213:20:00,35.0,86,507,2.478,13098.5,0.505,53,505,2.468,923.2,0.206,89
213:30:00,35.0,86,507,2.478,13098.5,0.506,53,504,2.463,926.8,0.207,89
213:40:00,35.0,86,507,2.478,13098.5,0.506,52,504,2.463,926.8,0.207,89
213:50:00,35.0,86,506,2.473,13149.8,0.507,52,503,2.458,930.4,0.208,89
214:00:00,35.0,86,506,2.473,13149.8,0.508,52,503,2.458,930.4,0.208,89
214:10:00,35.0,86,506,2.473,13149.8,0.508,52,502,2.454,934.1,0.209,89
214:20:00,35.0,86,506,2.473,13149.8,0.508,52,501,2.449,937.7,0.209,89
214:30:00,35.0,86,505,2.468,13201.3,0.509,52,501,2.449,937.7,0.210,89
214:40:00,35.0,86,506,2.473,13149.8,0.509,52,500,2.444,941.4,0.210,89
214:50:00,35.0,86,505,2.468,13201.3,0.510,52,499,2.439,945.1,0.211,89
215:00:00,35.0,86,505,2.468,13201.3,0.510,52,499,2.439,945.1,0.211,89
215:10:00,35.0,86,505,2.468,13201.3,0.510,52,498,2.434,948.8,0.212,89
215:20:00,35.0,86,505,2.468,13201.3,0.511,52,498,2.434,948.8,0.212,89
215:30:00,35.0,86,505,2.468,13201.3,0.511,52,497,2.429,952.5,0.213,89
215:40:00,35.0,86,505,2.468,13201.3,0.511,52,497,2.429,952.5,0.213,89
215:50:00,35.0,86,504,2.463,13253.0,0.512,52,496,2.424,956.2,0.214,89
216:00:00,35.0,86,504,2.463,13253.0,0.512,52,496,2.424,956.2,0.214,89
216:10:00,35.0,86,504,2.463,13253.0,0.512,52,495,2.419,960.0,0.215,89
216:20:00,35.0,86,504,2.463,13253.0,0.513,52,495,2.419,960.0,0.215,88
216:30:00,35.0,86,504,2.463,13253.0,0.513,52,495,2.419,960.0,0.215,88
216:40:00,35.0,86,504,2.463,13253.0,0.513,52,494,2.414,963.8,0.216,88
216:50:00,35.0,86,504,2.463,13253.0,0.513,52,494,2.414,963.8,0.216,88
217:00:00,35.0,86,504,2.463,13253.0,0.513,52,493,2.410,967.5,0.217,88
217:10:00,35.0,86,504,2.463,13253.0,0.513,52,493,2.410,967.5,0.217,88
217:20:00,35.0,86,504,2.463,13253.0,0.513,52,492,2.405,971.3,0.217,88
217:30:00,35.0,86,503,2.458,13305.0,0.514,51,492,2.405,971.3,0.218,88
217:40:00,35.0,86,503,2.458,13305.0,0.514,51,491,2.400,975.2,0.218,88
217:50:00,35.0,86,503,2.458,13305.0,0.515,51,491,2.400,975.2,0.219,88
218:00:00,35.0,86,503,2.458,13305.0,0.515,51,490,2.395,979.0,0.219,88
218:10:00,35.0,86,503,2.458,13305.0,0.515,51,490,2.395,979.0,0.219,88
218:20:00,35.0,86,503,2.458,13305.0,0.515,51,489,2.390,982.8,0.220,88
218:30:00,35.0,86,503,2.458,13305.0,0.515,51,489,2.390,982.8,0.220,88
218:40:00,35.0,86,502,2.454,13357.1,0.516,51,488,2.385,986.7,0.221,88
218:50:00,35.0,86,500,2.444,13462.0,0.517,51,485,2.370,998.4,0.222,88
219:00:00,35.0,86,500,2.444,13462.0,0.518,51,484,2.366,1002.3,0.223,88
219:10:00,35.0,86,500,2.444,13462.0,0.519,51,484,2.366,1002.3,0.223,88
219:20:00,35.0,86,500,2.444,13462.0,0.519,51,483,2.361,1006.2,0.224,88
219:30:00,35.0,86,500,2.444,13462.0,0.520,51,483,2.361,1006.2,0.225,88
219:40:00,35.0,86,500,2.444,13462.0,0.520,51,483,2.361,1006.2,0.225,87
219:50:00,35.0,86,500,2.444,13462.0,0.521,51,482,2.356,1010.2,0.226,87
220:00:00,35.0,86,500,2.444,13462.0,0.521,51,482,2.356,1010.2,0.226,87
220:10:00,35.0,86,500,2.444,13462.0,0.521,51,481,2.351,1014.1,0.227,87
220:20:00,35.0,86,499,2.439,13514.8,0.522,50,481,2.351,1014.1,0.227,87
220:30:00,35.0,86,499,2.439,13514.8,0.522,50,481,2.351,1014.1,0.227,87
220:40:00,35.1,86,499,2.439,13514.8,0.522,50,480,2.346,1018.1,0.228,87
220:50:00,35.0,86,499,2.439,13514.8,0.523,50,480,2.346,1018.1,0.228,87
221:00:00,35.0,86,499,2.439,13514.8,0.523,50,480,2.346,1018.1,0.229,87
221:10:00,35.1,86,499,2.439,13514.8,0.523,50,479,2.341,1022.1,0.229,87
221:20:00,35.0,86,499,2.439,13514.8,0.523,50,479,2.341,1022.1,0.229,87
221:30:00,35.0,86,499,2.439,13514.8,0.523,50,479,2.341,1022.1,0.230,87
221:40:00,35.0,86,499,2.439,13514.8,0.524,50,478,2.336,1026.2,0.230,87
221:50:00,35.1,86,499,2.439,13514.8,0.524,50,478,2.336,1026.2,0.230,87
222:00:00,35.1,86,499,2.439,13514.8,0.524,50,478,2.336,1026.2,0.231,87
222:10:00,35.1,86,499,2.439,13514.8,0.524,50,478,2.336,1026.2,0.231,87
222:20:00,35.0,86,499,2.439,13514.8,0.524,50,477,2.331,1030.2,0.231,87
222:30:00,35.0,86,499,2.439,13514.8,0.524,50,477,2.331,1030.2,0.231,87
222:40:00,35.0,86,498,2.434,13567.8,0.524,50,476,2.326,1034.2,0.232,87
222:50:00,35.0,86,498,2.434,13567.8,0.525,50,476,2.326,1034.2,0.232,87
223:00:00,35.0,86,498,2.434,13567.8,0.525,50,475,2.322,1038.3,0.233,87
223:10:00,35.0,86,498,2.434,13567.8,0.525,50,475,2.322,1038.3,0.233,87
223:20:00,35.0,86,498,2.434,13567.8,0.525,50,475,2.322,1038.3,0.233,87
223:30:00,35.0,86,498,2.434,13567.8,0.525,50,474,2.317,1042.4,0.234,87
223:40:00,35.0,86,497,2.429,13621.0,0.526,50,474,2.317,1042.4,0.234,87
223:50:00,35.0,86,497,2.429,13621.0,0.526,50,473,2.312,1046.5,0.234,87
224:00:00,35.0,86,497,2.429,13621.0,0.527,50,473,2.312,1046.5,0.235,87
224:10:00,35.0,86,497,2.429,13621.0,0.527,50,473,2.312,1046.5,0.235,86
224:20:00,35.0,86,497,2.429,13621.0,0.527,50,472,2.307,1050.6,0.235,86
224:30:00,35.0,86,497,2.429,13621.0,0.527,50,472,2.307,1050.6,0.236,86
224:40:00,35.0,86,497,2.429,13621.0,0.527,50,471,2.302,1054.8,0.236,86
224:50:00,35.0,86,496,2.424,13674.4,0.528,50,471,2.302,1054.8,0.237,86
225:00:00,35.0,86,496,2.424,13674.4,0.528,50,471,2.302,1054.8,0.237,86
225:10:00,35.0,86,496,2.424,13674.4,0.529,49,470,2.297,1058.9,0.237,86
225:20:00,35.0,86,496,2.424,13674.4,0.529,49,470,2.297,1058.9,0.238,86
225:30:00,35.0,86,496,2.424,13674.4,0.529,49,470,2.297,1058.9,0.238,86
225:40:00,35.0,86,496,2.424,13674.4,0.529,49,469,2.292,1063.1,0.238,86
225:50:00,35.0,86,495,2.419,13728.0,0.530,49,469,2.292,1063.1,0.239,86
226:00:00,34.9,86,495,2.419,13728.0,0.530,49,468,2.287,1067.3,0.239,86
226:10:00,34.9,86,493,2.410,13835.9,0.532,49,465,2.273,1080.0,0.240,86
226:20:00,34.9,86,493,2.410,13835.9,0.533,49,465,2.273,1080.0,0.241,86
226:30:00,34.9,86,493,2.410,13835.9,0.533,49,464,2.268,1084.3,0.242,86
226:40:00,34.9,86,493,2.410,13835.9,0.534,49,464,2.268,1084.3,0.242,86
226:50:00,34.9,86,492,2.405,13890.2,0.535,49,464,2.268,1084.3,0.243,86
227:00:00,34.9,86,492,2.405,13890.2,0.536,49,463,2.263,1088.6,0.243,86
227:10:00,34.9,86,492,2.405,13890.2,0.536,49,463,2.263,1088.6,0.244,86
227:20:00,34.9,86,492,2.405,13890.2,0.537,48,462,2.258,1092.9,0.244,86
227:30:00,34.9,86,492,2.405,13890.2,0.537,48,462,2.258,1092.9,0.245,86
227:40:00,34.9,86,492,2.405,13890.2,0.537,48,462,2.258,1092.9,0.245,85
227:50:00,34.8,86,491,2.400,13944.7,0.538,48,461,2.253,1097.2,0.246,85
228:00:00,34.8,86,491,2.400,13944.7,0.538,48,461,2.253,1097.2,0.246,85
228:10:00,34.8,86,491,2.400,13944.7,0.539,48,461,2.253,1097.2,0.246,85
228:20:00,34.8,86,491,2.400,13944.7,0.539,48,460,2.248,1101.5,0.247,85
228:30:00,34.8,86,491,2.400,13944.7,0.540,48,460,2.248,1101.5,0.247,85
228:40:00,34.8,86,491,2.400,13944.7,0.540,48,460,2.248,1101.5,0.247,85
228:50:00,34.8,86,491,2.400,13944.7,0.540,48,460,2.248,1101.5,0.248,85
229:00:00,34.8,86,491,2.400,13944.7,0.540,48,459,2.243,1105.9,0.248,85
229:10:00,34.8,86,491,2.400,13944.7,0.540,48,459,2.243,1105.9,0.248,85
229:20:00,34.7,86,491,2.400,13944.7,0.540,48,459,2.243,1105.9,0.249,85
229:30:00,34.7,86,491,2.400,13944.7,0.540,48,459,2.243,1105.9,0.249,85
229:40:00,34.7,86,491,2.400,13944.7,0.540,48,458,2.239,1110.3,0.249,85
229:50:00,34.7,86,490,2.395,13999.4,0.541,48,458,2.239,1110.3,0.249,85
230:00:00,34.7,86,490,2.395,13999.4,0.541,48,457,2.234,1114.7,0.250,85
230:10:00,34.7,86,490,2.395,13999.4,0.542,48,457,2.234,1114.7,0.250,85
230:20:00,34.7,86,490,2.395,13999.4,0.542,48,457,2.234,1114.7,0.250,85
230:30:00,34.7,86,490,2.395,13999.4,0.542,48,456,2.229,1119.1,0.251,85
230:40:00,34.7,86,490,2.395,13999.4,0.542,48,456,2.229,1119.1,0.251,85
230:50:00,34.7,86,489,2.390,14054.4,0.543,48,455,2.224,1123.5,0.252,85
231:00:00,34.7,86,489,2.390,14054.4,0.543,48,455,2.224,1123.5,0.252,85
231:10:00,34.7,86,488,2.385,14109.5,0.544,47,454,2.219,1128.0,0.253,85
231:20:00,34.7,86,488,2.385,14109.5,0.544,47,454,2.219,1128.0,0.253,85
231:30:00,34.7,86,488,2.385,14109.5,0.545,47,453,2.214,1132.5,0.253,85
231:40:00,34.7,86,488,2.385,14109.5,0.545,47,453,2.214,1132.5,0.254,85
231:50:00,34.6,86,488,2.385,14109.5,0.546,47,453,2.214,1132.5,0.254,85
232:00:00,34.6,86,488,2.385,14109.5,0.546,47,452,2.209,1136.9,0.255,85
232:10:00,34.6,86,488,2.385,14109.5,0.546,47,452,2.209,1136.9,0.255,84
232:20:00,34.6,86,487,2.380,14164.9,0.547,47,452,2.209,1136.9,0.255,84
232:30:00,34.6,86,487,2.380,14164.9,0.547,47,451,2.204,1141.5,0.256,84
232:40:00,34.6,86,487,2.380,14164.9,0.548,47,451,2.204,1141.5,0.256,84
232:50:00,34.6,86,487,2.380,14164.9,0.548,47,450,2.199,1146.0,0.257,84
233:00:00,34.6,86,487,2.380,14164.9,0.548,47,450,2.199,1146.0,0.257,84
233:10:00,34.6,86,486,2.375,14220.6,0.549,47,450,2.199,1146.0,0.257,84
233:20:00,34.6,86,486,2.375,14220.6,0.549,47,450,2.199,1146.0,0.258,84
233:30:00,34.6,86,486,2.375,14220.6,0.550,47,449,2.195,1150.6,0.258,84
233:40:00,34.5,86,486,2.375,14220.6,0.550,47,449,2.195,1150.6,0.258,84
233:50:00,34.5,86,486,2.375,14220.6,0.550,47,449,2.195,1150.6,0.259,84
234:00:00,34.5,86,486,2.375,14220.6,0.550,47,448,2.190,1155.1,0.259,84
234:10:00,34.5,86,485,2.370,14276.4,0.551,47,448,2.190,1155.1,0.259,84
234:20:00,34.5,86,485,2.370,14276.4,0.552,46,448,2.190,1155.1,0.260,84
234:30:00,34.5,86,485,2.370,14276.4,0.552,46,447,2.185,1159.7,0.260,84
234:40:00,34.5,86,485,2.370,14276.4,0.552,46,447,2.185,1159.7,0.260,84
234:50:00,34.5,86,485,2.370,14276.4,0.552,46,447,2.185,1159.7,0.261,84
235:00:00,34.5,86,484,2.366,14332.5,0.553,46,447,2.185,1159.7,0.261,84
235:10:00,34.5,86,484,2.366,14332.5,0.554,46,446,2.180,1164.3,0.261,84
235:20:00,34.4,86,484,2.366,14332.5,0.554,46,446,2.180,1164.3,0.262,84
235:30:00,34.5,86,484,2.366,14332.5,0.554,46,446,2.180,1164.3,0.262,84
235:40:00,34.4,86,484,2.366,14332.5,0.555,46,445,2.175,1169.0,0.262,84
235:50:00,34.4,86,484,2.366,14332.5,0.555,46,445,2.175,1169.0,0.262,84
236:00:00,34.4,86,484,2.366,14332.5,0.555,46,445,2.175,1169.0,0.263,84
236:10:00,34.4,86,484,2.366,14332.5,0.555,46,445,2.175,1169.0,0.263,84
236:20:00,34.4,86,484,2.366,14332.5,0.555,46,444,2.170,1173.6,0.263,84
236:30:00,34.4,86,484,2.366,14332.5,0.555,46,444,2.170,1173.6,0.264,84
236:40:00,34.4,86,484,2.366,14332.5,0.555,46,444,2.170,1173.6,0.264,84
236:50:00,34.4,86,483,2.361,14388.8,0.556,46,444,2.170,1173.6,0.264,84
237:00:00,34.3,86,483,2.361,14388.8,0.556,46,444,2.170,1173.6,0.264,84
237:10:00,34.3,86,483,2.361,14388.8,0.557,46,444,2.170,1173.6,0.264,84
237:20:00,34.3,86,483,2.361,14388.8,0.557,46,443,2.165,1178.3,0.265,84
237:30:00,34.3,86,483,2.361,14388.8,0.557,46,443,2.165,1178.3,0.265,84
237:40:00,34.3,86,483,2.361,14388.8,0.557,46,443,2.165,1178.3,0.265,83
237:50:00,34.3,86,482,2.356,14445.4,0.558,46,443,2.165,1178.3,0.265,83
238:00:00,34.3,86,483,2.361,14388.8,0.558,46,443,2.165,1178.3,0.265,83
238:10:00,34.3,86,482,2.356,14445.4,0.558,46,442,2.160,1183.0,0.266,83
238:20:00,34.3,86,482,2.356,14445.4,0.559,46,442,2.160,1183.0,0.266,83
238:30:00,34.3,86,482,2.356,14445.4,0.559,45,442,2.160,1183.0,0.266,83
238:40:00,34.3,86,482,2.356,14445.4,0.559,45,442,2.160,1183.0,0.266,83
238:50:00,34.3,86,482,2.356,14445.4,0.559,45,441,2.155,1187.8,0.267,83
239:00:00,34.3,86,482,2.356,14445.4,0.559,45,441,2.155,1187.8,0.267,83
239:10:00,34.3,86,482,2.356,14445.4,0.560,45,441,2.155,1187.8,0.267,83
239:20:00,34.3,86,482,2.356,14445.4,0.560,45,441,2.155,1187.8,0.267,83
239:30:00,34.3,86,482,2.356,14445.4,0.560,45,441,2.155,1187.8,0.267,83
239:40:00,34.3,86,482,2.356,14445.4,0.560,45,440,2.151,1192.5,0.268,83
239:50:00,34.3,86,482,2.356,14445.4,0.560,45,440,2.151,1192.5,0.268,83
240:00:00,34.3,86,482,2.356,14445.4,0.560,45,440,2.151,1192.5,0.268,83
240:10:00,34.3,86,482,2.356,14445.4,0.560,45,440,2.151,1192.5,0.268,83
240:20:00,34.3,86,482,2.356,14445.4,0.560,45,440,2.151,1192.5,0.269,83
240:30:00,34.3,86,482,2.356,14445.4,0.560,45,440,2.151,1192.5,0.269,83
240:40:00,34.3,86,482,2.356,14445.4,0.560,45,440,2.151,1192.5,0.269,83
240:50:00,34.3,86,482,2.356,14445.4,0.560,45,440,2.151,1192.5,0.269,83
241:00:00,34.3,86,482,2.356,14445.4,0.560,45,440,2.151,1192.5,0.269,83
241:10:00,34.3,86,482,2.356,14445.4,0.560,45,440,2.151,1192.5,0.269,83
241:20:00,34.3,86,482,2.356,14445.4,0.560,45,440,2.151,1192.5,0.269,83
241:30:00,34.3,86,482,2.356,14445.4,0.560,45,439,2.146,1197.3,0.269,83
241:40:00,34.3,86,481,2.351,14502.2,0.560,45,439,2.146,1197.3,0.269,83
241:50:00,34.3,86,481,2.351,14502.2,0.561,45,439,2.146,1197.3,0.270,83
242:00:00,34.3,86,481,2.351,14502.2,0.561,45,439,2.146,1197.3,0.270,83
242:10:00,34.3,86,481,2.351,14502.2,0.561,45,439,2.146,1197.3,0.270,83
242:20:00,34.3,86,481,2.351,14502.2,0.561,45,439,2.146,1197.3,0.270,83
242:30:00,34.3,86,481,2.351,14502.2,0.562,45,438,2.141,1202.1,0.270,83
242:40:00,34.3,86,481,2.351,14502.2,0.562,45,438,2.141,1202.1,0.270,83
242:50:00,34.3,86,480,2.346,14559.2,0.562,45,438,2.141,1202.1,0.271,83
243:00:00,34.3,86,480,2.346,14559.2,0.563,45,438,2.141,1202.1,0.271,83
243:10:00,34.3,86,481,2.351,14502.2,0.563,45,438,2.141,1202.1,0.271,83
243:20:00,34.3,86,480,2.346,14559.2,0.563,45,438,2.141,1202.1,0.271,83
243:30:00,34.3,86,480,2.346,14559.2,0.563,45,437,2.136,1206.9,0.271,83
243:40:00,34.3,86,480,2.346,14559.2,0.563,45,437,2.136,1206.9,0.271,83
243:50:00,34.3,86,480,2.346,14559.2,0.564,45,437,2.136,1206.9,0.272,83
244:00:00,34.4,86,480,2.346,14559.2,0.564,45,437,2.136,1206.9,0.272,83
244:10:00,34.4,86,480,2.346,14559.2,0.564,45,436,2.131,1211.7,0.272,83
244:20:00,34.3,86,480,2.346,14559.2,0.564,45,436,2.131,1211.7,0.272,83
244:30:00,34.3,86,480,2.346,14559.2,0.564,45,436,2.131,1211.7,0.273,83
244:40:00,34.3,86,479,2.341,14616.4,0.565,45,436,2.131,1211.7,0.273,83
244:50:00,34.3,86,479,2.341,14616.4,0.565,45,436,2.131,1211.7,0.273,83
245:00:00,34.4,86,479,2.341,14616.4,0.565,45,436,2.131,1211.7,0.273,83
245:10:00,34.4,86,479,2.341,14616.4,0.566,45,436,2.131,1211.7,0.273,83
245:20:00,34.4,86,479,2.341,14616.4,0.566,45,435,2.126,1216.6,0.273,83
245:30:00,34.4,86,479,2.341,14616.4,0.566,45,435,2.126,1216.6,0.274,83
245:40:00,34.4,86,479,2.341,14616.4,0.566,45,435,2.126,1216.6,0.274,83
245:50:00,34.4,86,479,2.341,14616.4,0.566,45,435,2.126,1216.6,0.274,83
246:00:00,34.4,86,479,2.341,14616.4,0.566,44,435,2.126,1216.6,0.274,83
246:10:00,34.4,86,479,2.341,14616.4,0.566,44,435,2.126,1216.6,0.274,83
246:20:00,34.3,86,478,2.336,14674.0,0.567,44,435,2.126,1216.6,0.274,83
246:30:00,34.4,86,478,2.336,14674.0,0.567,44,435,2.126,1216.6,0.274,83
246:40:00,34.4,86,478,2.336,14674.0,0.568,44,434,2.121,1221.4,0.275,83
246:50:00,34.4,86,478,2.336,14674.0,0.568,44,434,2.121,1221.4,0.275,83
247:00:00,34.3,86,478,2.336,14674.0,0.568,44,434,2.121,1221.4,0.275,83
247:10:00,34.3,86,478,2.336,14674.0,0.568,44,434,2.121,1221.4,0.275,82
247:20:00,34.3,86,478,2.336,14674.0,0.568,44,433,2.116,1226.3,0.275,82
247:30:00,34.3,86,477,2.331,14731.7,0.569,44,433,2.116,1226.3,0.276,82
247:40:00,34.4,86,476,2.326,14789.7,0.570,44,431,2.107,1236.2,0.276,82
247:50:00,34.3,86,475,2.322,14847.9,0.571,44,431,2.107,1236.2,0.277,82
248:00:00,34.3,86,475,2.322,14847.9,0.572,44,431,2.107,1236.2,0.277,82
248:10:00,34.3,86,475,2.322,14847.9,0.573,44,431,2.107,1236.2,0.278,82
248:20:00,34.3,86,475,2.322,14847.9,0.573,44,431,2.107,1236.2,0.278,82
248:30:00,34.3,86,475,2.322,14847.9,0.574,44,430,2.102,1241.2,0.278,82
248:40:00,34.3,86,475,2.322,14847.9,0.574,43,430,2.102,1241.2,0.279,82
248:50:00,34.3,86,475,2.322,14847.9,0.574,43,430,2.102,1241.2,0.279,82
249:00:00,34.3,86,474,2.317,14906.4,0.575,43,430,2.102,1241.2,0.279,82
249:10:00,34.3,86,474,2.317,14906.4,0.576,43,430,2.102,1241.2,0.279,82
249:20:00,34.3,86,474,2.317,14906.4,0.576,43,430,2.102,1241.2,0.280,82
249:30:00,34.3,86,474,2.317,14906.4,0.576,43,430,2.102,1241.2,0.280,82
249:40:00,34.3,86,474,2.317,14906.4,0.577,43,430,2.102,1241.2,0.280,82
249:50:00,34.3,86,474,2.317,14906.4,0.577,43,429,2.097,1246.2,0.280,82
250:00:00,34.3,86,474,2.317,14906.4,0.577,43,429,2.097,1246.2,0.280,82
250:10:00,34.3,86,473,2.312,14965.1,0.578,43,429,2.097,1246.2,0.280,82
250:20:00,34.3,86,473,2.312,14965.1,0.578,43,429,2.097,1246.2,0.281,82
250:30:00,34.3,86,473,2.312,14965.1,0.579,43,429,2.097,1246.2,0.281,82
250:40:00,34.2,86,473,2.312,14965.1,0.579,43,429,2.097,1246.2,0.281,82
250:50:00,34.2,86,473,2.312,14965.1,0.579,43,428,2.092,1251.2,0.281,82
251:00:00,34.2,86,473,2.312,14965.1,0.579,43,428,2.092,1251.2,0.281,82
251:10:00,34.2,86,473,2.312,14965.1,0.580,43,428,2.092,1251.2,0.282,82
251:20:00,34.2,86,473,2.312,14965.1,0.580,43,428,2.092,1251.2,0.282,82
251:30:00,34.2,86,473,2.312,14965.1,0.580,43,428,2.092,1251.2,0.282,82
251:40:00,34.2,86,473,2.312,14965.1,0.580,43,428,2.092,1251.2,0.282,82
251:50:00,34.2,86,472,2.307,15024.1,0.580,43,428,2.092,1251.2,0.282,82
252:00:00,34.2,86,472,2.307,15024.1,0.581,43,428,2.092,1251.2,0.282,82
252:10:00,34.2,86,472,2.307,15024.1,0.581,43,427,2.087,1256.2,0.282,82
252:20:00,34.1,86,472,2.307,15024.1,0.581,42,427,2.087,1256.2,0.283,82
252:30:00,34.2,86,472,2.307,15024.1,0.582,42,427,2.087,1256.2,0.283,82
252:40:00,34.2,86,472,2.307,15024.1,0.582,42,427,2.087,1256.2,0.283,82
252:50:00,34.1,86,472,2.307,15024.1,0.582,42,427,2.087,1256.2,0.283,82
253:00:00,34.1,86,472,2.307,15024.1,0.582,42,427,2.087,1256.2,0.283,82
253:10:00,34.1,86,472,2.307,15024.1,0.582,42,427,2.087,1256.2,0.283,82
253:20:00,34.1,86,471,2.302,15083.3,0.583,42,427,2.087,1256.2,0.283,82
253:30:00,34.1,86,471,2.302,15083.3,0.583,42,427,2.087,1256.2,0.283,82
253:40:00,34.1,86,471,2.302,15083.3,0.583,42,427,2.087,1256.2,0.283,82
253:50:00,34.1,86,471,2.302,15083.3,0.584,42,426,2.082,1261.3,0.284,82
254:00:00,34.1,86,471,2.302,15083.3,0.584,42,426,2.082,1261.3,0.284,82
254:10:00,34.1,86,471,2.302,15083.3,0.584,42,426,2.082,1261.3,0.284,82
254:20:00,34.1,86,471,2.302,15083.3,0.584,42,426,2.082,1261.3,0.284,82
254:30:00,34.1,86,471,2.302,15083.3,0.584,42,426,2.082,1261.3,0.284,82
254:40:00,34.1,86,471,2.302,15083.3,0.584,42,426,2.082,1261.3,0.284,82
254:50:00,34.1,86,471,2.302,15083.3,0.584,42,426,2.082,1261.3,0.284,82
255:00:00,34.0,86,470,2.297,15142.8,0.585,42,426,2.082,1261.3,0.284,82
255:10:00,34.0,86,470,2.297,15142.8,0.585,42,425,2.077,1266.4,0.285,82
255:20:00,34.0,86,470,2.297,15142.8,0.586,42,425,2.077,1266.4,0.285,82
255:30:00,34.0,86,470,2.297,15142.8,0.586,42,425,2.077,1266.4,0.285,81
255:40:00,34.0,86,470,2.297,15142.8,0.586,42,425,2.077,1266.4,0.285,81
255:50:00,34.0,86,470,2.297,15142.8,0.586,42,425,2.077,1266.4,0.285,81
256:00:00,34.0,86,470,2.297,15142.8,0.586,42,425,2.077,1266.4,0.285,81
256:10:00,34.0,86,470,2.297,15142.8,0.587,42,425,2.077,1266.4,0.285,81
256:20:00,34.0,86,470,2.297,15142.8,0.587,42,425,2.077,1266.4,0.286,81
256:30:00,34.0,86,470,2.297,15142.8,0.587,42,424,2.072,1271.5,0.286,81
256:40:00,34.0,86,470,2.297,15142.8,0.587,42,425,2.077,1266.4,0.286,81
256:50:00,34.0,86,469,2.292,15202.5,0.587,42,424,2.072,1271.5,0.286,81
257:00:00,33.9,86,469,2.292,15202.5,0.588,42,424,2.072,1271.5,0.286,81
257:10:00,33.9,86,469,2.292,15202.5,0.588,42,424,2.072,1271.5,0.286,81
257:20:00,33.9,86,469,2.292,15202.5,0.588,42,424,2.072,1271.5,0.286,81
257:30:00,33.9,86,469,2.292,15202.5,0.589,42,423,2.067,1276.6,0.287,81
257:40:00,33.9,86,469,2.292,15202.5,0.589,42,424,2.072,1271.5,0.287,81
257:50:00,33.9,86,469,2.292,15202.5,0.589,41,423,2.067,1276.6,0.287,81
258:00:00,33.9,86,469,2.292,15202.5,0.589,41,423,2.067,1276.6,0.287,81
258:10:00,33.9,86,468,2.287,15262.5,0.589,41,423,2.067,1276.6,0.287,81
258:20:00,33.9,86,468,2.287,15262.5,0.590,41,423,2.067,1276.6,0.288,81
258:30:00,33.8,86,468,2.287,15262.5,0.590,41,423,2.067,1276.6,0.288,81
258:40:00,33.8,86,468,2.287,15262.5,0.591,41,423,2.067,1276.6,0.288,81
258:50:00,33.8,86,468,2.287,15262.5,0.591,41,423,2.067,1276.6,0.288,81
259:00:00,33.8,86,468,2.287,15262.5,0.591,41,422,2.063,1281.8,0.288,81
259:10:00,33.8,86,468,2.287,15262.5,0.591,41,422,2.063,1281.8,0.288,81
259:20:00,33.8,86,467,2.283,15322.7,0.592,41,422,2.063,1281.8,0.289,81
259:30:00,33.8,86,467,2.283,15322.7,0.592,41,422,2.063,1281.8,0.289,81
259:40:00,33.8,86,467,2.283,15322.7,0.593,41,422,2.063,1281.8,0.289,81
259:50:00,33.8,86,467,2.283,15322.7,0.593,41,422,2.063,1281.8,0.289,81
260:00:00,33.8,86,467,2.283,15322.7,0.593,41,422,2.063,1281.8,0.289,81
260:10:00,33.8,86,467,2.283,15322.7,0.593,41,422,2.063,1281.8,0.289,81
260:20:00,33.7,86,467,2.283,15322.7,0.593,41,422,2.063,1281.8,0.289,81
260:30:00,33.7,86,467,2.283,15322.7,0.594,41,422,2.063,1281.8,0.289,81
260:40:00,33.7,86,467,2.283,15322.7,0.594,41,421,2.058,1286.9,0.289,81
260:50:00,33.7,86,467,2.283,15322.7,0.594,41,421,2.058,1286.9,0.290,81
261:00:00,33.7,86,466,2.278,15383.2,0.594,41,421,2.058,1286.9,0.290,81
261:10:00,33.7,86,466,2.278,15383.2,0.595,41,421,2.058,1286.9,0.290,81
261:20:00,33.7,86,466,2.278,15383.2,0.595,41,421,2.058,1286.9,0.290,81
261:30:00,33.7,86,466,2.278,15383.2,0.595,41,421,2.058,1286.9,0.290,81
261:40:00,33.6,86,466,2.278,15383.2,0.595,41,421,2.058,1286.9,0.290,81
261:50:00,33.7,86,466,2.278,15383.2,0.596,41,421,2.058,1286.9,0.290,81
262:00:00,33.7,86,466,2.278,15383.2,0.596,41,421,2.058,1286.9,0.290,81
262:10:00,33.6,86,466,2.278,15383.2,0.596,41,421,2.058,1286.9,0.290,81
262:20:00,33.6,86,465,2.273,15444.0,0.596,40,421,2.058,1286.9,0.290,81
262:30:00,33.6,86,466,2.278,15383.2,0.596,40,421,2.058,1286.9,0.290,81
262:40:00,33.6,86,465,2.273,15444.0,0.597,40,421,2.058,1286.9,0.290,81
262:50:00,33.6,86,465,2.273,15444.0,0.597,40,421,2.058,1286.9,0.290,81
263:00:00,33.6,86,465,2.273,15444.0,0.598,40,421,2.058,1286.9,0.290,81
263:10:00,33.6,86,465,2.273,15444.0,0.598,40,421,2.058,1286.9,0.290,81
263:20:00,33.6,86,465,2.273,15444.0,0.598,40,421,2.058,1286.9,0.290,81
263:30:00,33.6,86,465,2.273,15444.0,0.598,40,421,2.058,1286.9,0.290,81
263:40:00,33.6,86,465,2.273,15444.0,0.598,40,421,2.058,1286.9,0.290,81
263:50:00,33.6,86,465,2.273,15444.0,0.598,40,421,2.058,1286.9,0.290,81
264:00:00,33.6,86,465,2.273,15444.0,0.598,40,422,2.063,1281.8,0.290,81
264:10:00,33.6,86,473,2.312,14965.1,0.595,41,429,2.097,1246.2,0.288,81
264:20:00,33.6,86,471,2.302,15083.3,0.593,41,428,2.092,1251.2,0.287,81
264:30:00,33.5,86,471,2.302,15083.3,0.591,41,429,2.097,1246.2,0.286,81
264:40:00,33.3,86,485,2.370,14276.4,0.584,42,441,2.155,1187.8,0.282,82
264:50:00,33.1,87,481,2.351,14502.2,0.579,43,441,2.155,1187.8,0.280,82
265:00:00,32.9,87,417,2.038,18703.2,0.608,39,379,1.852,1529.3,0.293,81
265:10:00,32.8,87,420,2.053,18477.6,0.630,37,381,1.862,1516.5,0.303,80
265:20:00,32.9,86,423,2.067,18255.3,0.646,35,383,1.872,1503.9,0.310,79
265:30:00,32.9,86,423,2.067,18255.3,0.658,34,384,1.877,1497.7,0.316,78
265:40:00,32.9,86,422,2.063,18329.1,0.669,33,383,1.872,1503.9,0.320,77
265:50:00,32.8,86,423,2.067,18255.3,0.676,32,384,1.877,1497.7,0.324,77
266:00:00,32.8,86,424,2.072,18181.9,0.682,31,385,1.882,1491.4,0.326,76
