mq2,mq4,Time
5,7,36:13.0
5,7,36:28.0
5,7,36:42.6
5,6,36:57.6
5,6,37:12.6
5,6,37:27.6
5,6,37:42.6
5,6,37:57.6
5,6,38:12.6
5,6,38:27.6
5,6,38:57.6
5,6,39:12.6
5,6,39:27.6
5,6,39:42.6
5,6,39:57.6
5,6,40:12.6
5,6,40:27.6
5,6,40:42.6
5,6,40:57.6
5,6,41:12.6
5,6,41:27.6
5,6,41:42.6
5,6,41:57.6
5,6,42:12.6
5,6,42:27.6
5,6,42:42.6
5,6,42:57.6
5,6,43:12.6
5,6,43:27.6
5,6,43:42.6
5,6,43:57.6
5,6,44:12.6
5,6,44:27.6
5,5,44:42.6
5,5,44:57.6
5,6,45:12.6
5,6,45:27.6
5,6,45:42.6
5,6,45:57.6
5,6,46:12.6
5,6,46:27.6
5,6,46:42.6
5,6,46:57.6
5,6,47:12.6
5,6,47:27.6
5,6,47:42.6
5,6,47:57.6
5,6,48:12.6
5,5,48:27.6
5,6,48:42.6
5,6,48:57.6
5,6,49:12.6
5,6,49:27.6
5,6,49:42.6
5,6,49:57.6
5,6,50:12.6
5,6,50:27.6
5,6,50:42.6
5,6,50:57.6
5,6,51:12.6
5,6,51:27.6
5,6,51:42.6
5,6,51:57.6
5,6,52:12.6
5,6,52:27.6
5,5,52:42.6
5,6,52:57.6
5,6,53:12.6
5,6,53:27.6
5,6,53:42.6
5,6,53:57.6
5,6,54:12.6
5,6,54:27.6
5,6,54:42.6
5,6,54:57.6
5,6,55:12.6
4,6,55:27.6
5,6,55:42.6
4,5,55:57.6
5,5,56:12.6
5,5,56:27.6
4,5,56:42.6
5,5,56:57.6
4,6,57:12.6
5,5,57:27.6
5,5,57:42.6
4,5,57:57.6
5,5,58:12.6
5,6,58:27.6
5,5,58:42.6
4,5,58:57.6
5,5,59:12.6
5,5,59:27.6
4,6,59:42.6
5,6,59:57.6
4,6,00:12.6
4,5,00:27.6
4,4,00:42.6
3,4,00:57.6
3,3,01:12.6
3,3,01:27.6
3,3,01:42.6
3,3,01:57.6
3,3,02:12.6
3,3,02:27.6
7,5,02:42.6
4,4,02:57.6
4,4,03:12.6
4,3,03:27.6
4,3,03:42.6
5,4,03:57.6
5,4,04:12.6
5,4,04:27.6
5,4,04:42.6
5,4,04:57.6
5,4,05:12.6
5,4,05:27.6
5,4,05:42.6
5,4,05:57.6
5,4,06:12.6
5,4,06:27.6
5,4,06:42.6
6,4,06:57.6
6,4,07:12.6
6,4,07:27.6
6,4,07:42.6
5,5,07:57.6
6,5,08:12.6
6,4,08:27.6
6,4,08:42.6
6,5,08:57.6
6,5,09:12.6
6,5,09:27.6
6,5,09:42.6
5,5,09:57.6
6,5,10:12.6
6,5,10:27.6
6,5,10:42.6
6,5,10:57.6
6,5,11:12.6
6,5,11:27.6
6,5,11:42.6
6,5,11:57.6
6,5,12:12.6
6,5,12:27.6
6,5,12:42.6
6,5,12:57.6
6,5,13:12.6
30,12,13:27.6
8,8,13:42.6
7,6,13:57.6
7,6,14:12.6
8,6,14:27.6
8,6,14:42.6
8,6,14:57.6
7,6,15:12.6
9,6,15:27.6
8,6,15:42.6
8,6,15:57.6
8,6,16:12.6
8,6,16:27.6
8,6,16:42.6
8,6,16:57.6
9,7,17:12.6
10,7,17:27.6
10,8,17:42.6
10,8,17:57.6
10,8,18:12.6
10,8,18:27.6
10,8,18:42.6
10,9,18:57.6
10,9,19:12.6
10,9,19:27.6
10,9,19:42.6
10,9,19:57.6
10,9,20:12.6
10,9,20:27.6
10,9,20:42.6
10,10,20:57.6
10,10,21:12.6
10,9,21:27.6
10,9,21:42.6
10,9,21:57.6
10,10,22:12.6
9,9,22:27.6
9,9,22:42.6
9,9,22:57.6
9,9,23:12.6
9,9,23:27.6
9,9,23:42.6
9,10,23:57.6
9,9,24:12.6
9,9,24:27.6
9,9,24:42.6
9,9,24:57.6
9,9,25:12.6
9,9,25:27.6
10,9,25:42.6
11,11,25:57.6
10,10,26:12.6
9,10,26:27.6
9,10,26:42.6
9,10,26:57.6
9,9,27:12.6
9,10,27:27.6
9,9,27:42.6
9,10,27:57.6
9,9,28:12.6
9,10,28:27.6
9,10,28:42.6
9,10,28:57.6
9,9,29:12.6
9,9,29:27.6
9,9,29:42.6
9,10,29:57.6
9,10,30:12.6
9,9,30:27.6
9,9,30:42.6
8,9,30:57.6
8,9,31:12.6
8,9,31:27.6
8,9,31:42.6
8,9,31:57.6
8,9,32:12.6
8,8,32:27.6
8,9,32:42.6
8,9,32:57.6
8,9,33:12.6
8,8,33:27.6
8,8,33:42.6
8,9,33:57.6
8,9,34:12.6
8,9,34:27.6
8,9,34:42.6
8,9,34:57.6
8,9,35:12.6
7,9,35:27.6
7,8,35:42.6
7,9,35:57.6
7,9,36:12.6
7,8,36:27.6
7,9,36:42.6
7,9,36:57.6
7,8,37:12.6
7,8,37:27.6
7,7,37:42.6
7,7,37:57.6
7,8,38:12.6
7,8,38:27.6
7,8,38:42.6
7,7,38:57.6
7,7,39:12.6
7,8,39:27.6
7,7,39:42.6
7,7,39:57.6
7,7,40:12.6
7,7,40:27.6
7,7,40:42.6
7,8,40:57.6
6,8,41:12.6
6,6,41:27.6
5,5,41:42.6
6,5,41:57.6
6,5,42:12.6
6,5,42:27.6
6,5,42:42.6
6,5,42:57.6
6,4,43:12.6
6,4,43:27.6
6,4,43:42.6
6,4,43:57.6
6,4,44:12.6
6,4,44:27.6
6,4,44:42.6
6,4,44:57.6
6,4,45:12.6
6,4,45:27.6
6,4,45:42.6
6,4,45:57.6
6,4,46:12.6
6,4,46:27.6
6,4,46:42.6
6,4,46:57.6
6,4,47:12.6
6,4,47:27.6
6,4,47:42.6
6,4,47:57.6
6,4,48:12.6
6,4,48:27.6
6,4,48:42.6
6,4,48:57.6
6,4,49:12.6
6,4,49:27.6
6,4,49:42.6
7,5,49:57.6
7,5,50:12.6
7,5,50:27.6
8,5,50:42.6
8,6,50:57.6
8,6,51:12.6
7,5,51:27.6
8,5,51:42.6
8,5,51:57.6
7,5,52:12.6
8,5,52:27.6
7,5,52:42.6
8,5,52:57.6
8,5,53:12.6
8,5,53:27.6
8,5,53:42.6
8,5,53:57.6
7,5,54:12.6
8,5,54:27.6
8,5,54:42.6
8,5,54:57.6
7,5,55:12.6
8,5,55:27.6
8,5,55:42.6
8,5,55:57.6
8,5,56:12.6
8,5,56:27.6
8,5,56:42.6
8,5,56:57.6
8,5,57:12.6
7,5,57:27.6
8,5,57:42.6
7,5,57:57.6
7,5,58:12.6
7,5,58:27.6
7,5,58:42.6
7,5,58:57.6
7,5,59:12.6
7,5,59:27.6
7,5,59:42.6
7,5,59:57.6
7,5,00:12.6
7,5,00:27.6
7,5,00:42.6
7,5,00:57.6
7,5,01:12.6
7,5,01:27.6
7,5,01:42.6
7,5,01:57.6
7,5,02:12.6
7,5,02:27.6
7,5,02:42.6
7,5,02:57.6
7,5,03:12.6
7,5,03:27.6
8,5,03:42.6
7,5,03:57.6
8,5,04:12.6
7,5,04:27.6
7,5,04:42.6
7,5,04:57.6
7,5,05:12.6
7,5,05:27.6
7,5,05:42.6
7,5,05:57.6
7,5,06:12.6
7,5,06:27.6
7,5,06:42.6
7,5,06:57.6
7,5,07:12.6
7,5,07:27.6
7,5,07:42.6
7,5,07:57.6
7,5,08:12.6
7,5,08:27.6
7,5,08:42.6
7,5,08:57.6
7,5,09:12.6
7,5,09:27.6
7,5,09:42.6
7,5,09:57.6
7,5,10:12.6
7,5,10:27.6
7,5,10:42.6
7,5,10:57.6
7,5,11:12.6
7,5,11:27.6
7,5,11:42.6
7,5,11:57.6
7,5,12:12.6
7,5,12:27.6
7,5,12:42.6
7,5,12:57.6
7,5,13:12.6
7,5,13:27.6
7,5,13:42.6
7,5,13:57.6
7,5,14:12.6
7,5,14:27.6
7,5,14:42.6
7,5,14:57.6
7,5,15:12.6
7,5,15:27.6
7,5,15:42.6
7,5,15:57.6
7,5,16:12.6
7,5,16:27.6
7,5,16:42.6
7,4,16:57.6
7,5,17:12.6
7,5,17:27.6
7,5,17:42.6
7,5,17:57.6
7,5,18:12.6
7,5,18:27.6
7,5,18:42.6
7,5,18:57.6
7,5,19:12.6
7,5,19:27.6
7,4,19:42.6
7,4,19:57.6
7,5,20:12.6
7,5,20:27.6
7,5,20:42.6
7,4,20:57.6
7,5,21:12.6
7,5,21:27.6
7,4,21:42.6
7,4,21:57.6
7,4,22:12.6
7,4,22:27.6
7,4,22:42.6
7,4,22:57.6
7,4,23:12.6
7,4,23:27.6
7,4,23:42.6
7,4,23:57.6
7,4,24:12.6
7,5,24:27.6
7,5,24:42.6
7,5,24:57.6
7,4,25:12.6
7,4,25:27.6
7,4,25:42.6
7,4,25:57.6
7,4,26:12.6
7,4,26:27.6
7,4,26:42.6
7,4,26:57.6
7,4,27:12.6
7,4,27:27.6
7,4,27:42.6
7,4,27:57.6
7,4,28:12.6
7,4,28:27.6
7,4,28:42.6
7,4,28:57.6
7,4,29:12.6
7,4,29:27.6
7,4,29:42.6
7,4,29:57.6
7,4,30:12.6
7,4,30:27.6
7,4,30:42.6
7,4,30:57.6
7,4,31:12.6
7,4,31:27.6
7,4,31:42.6
7,4,31:57.6
7,4,32:12.6
7,4,32:27.6
7,4,32:42.6
7,4,32:57.6
7,4,33:12.6
7,4,33:27.6
7,4,33:42.6
7,4,33:57.6
7,4,34:12.6
7,4,34:27.6
7,4,34:42.6
7,4,34:57.6
7,4,35:12.6
7,4,35:27.6
7,4,35:42.6
7,4,35:57.6
7,4,36:12.6
7,4,36:27.6
7,4,36:42.6
7,4,36:57.6
7,4,37:12.6
7,4,37:27.6
7,4,37:42.6
7,4,37:57.6
7,4,38:12.6
7,4,38:27.6
7,4,38:42.6
7,4,38:57.6
13,4,39:12.6
18,5,39:27.6
18,16,39:42.6
15,17,39:57.6
14,23,40:12.6
14,25,40:27.6
13,25,40:42.6
11,20,40:57.6
9,15,41:12.6
8,12,41:27.6
8,11,41:42.6
8,12,41:57.6
9,13,42:12.6
9,15,42:27.6
9,15,42:42.6
9,14,42:57.6
9,14,43:12.6
9,14,43:27.6
9,15,43:42.6
9,16,43:57.6
9,16,44:12.6
9,16,44:27.6
9,16,44:42.6
9,16,44:57.6
9,16,45:12.6
9,15,45:27.6
9,15,45:42.6
9,15,45:57.6
9,15,46:12.6
9,15,46:27.6
9,15,46:42.6
9,15,46:57.6
9,15,47:12.6
9,15,47:27.6
9,15,47:42.6
9,15,47:57.6
9,15,48:12.6
9,15,48:27.6
9,15,48:42.6
8,15,48:57.6
8,15,49:12.6
8,15,49:27.6
8,15,49:42.6
8,14,49:57.6
8,14,50:12.6
8,14,50:27.6
8,14,50:42.6
8,14,50:57.6
8,14,51:12.6
8,14,51:27.6
8,14,51:42.6
8,14,51:57.6
8,14,52:12.6
8,14,52:27.6
8,14,52:42.6
8,14,52:57.6
8,14,53:12.6
8,14,53:27.6
8,14,53:42.6
8,14,53:57.6
8,14,54:12.6
8,14,54:27.6
8,14,54:42.6
8,14,54:57.6
8,14,55:12.6
8,14,55:27.6
8,14,55:42.6
8,14,55:57.6
8,14,56:12.6
8,14,56:27.6
8,14,56:42.6
8,14,56:57.6
8,14,57:12.6
8,14,57:27.6
8,14,57:42.6
8,14,57:57.6
8,13,58:12.6
8,14,58:27.6
8,13,58:42.6
8,14,58:57.6
8,13,59:12.6
8,14,59:27.6
8,13,59:42.6
8,13,59:57.6
8,13,00:12.6
8,13,00:27.6
8,13,00:42.6
8,13,00:57.6
8,13,01:12.6
8,13,01:27.6
8,13,01:42.6
8,13,01:57.6
8,13,02:12.6
8,13,02:27.6
8,13,02:42.6
8,13,02:57.6
8,13,03:12.6
8,13,03:27.6
8,13,03:42.6
8,13,03:57.6
8,13,04:12.6
8,13,04:27.6
7,13,04:42.6
8,13,04:57.6
7,13,05:12.6
7,13,05:27.6
7,13,05:42.6
7,13,05:57.6
7,13,06:12.6
8,13,06:27.6
7,13,06:42.6
7,13,06:57.6
7,13,07:12.6
7,13,07:27.6
7,13,07:42.6
7,13,07:57.6
7,13,08:12.6
7,12,08:27.6
7,13,08:42.6
7,13,08:57.6
7,12,09:12.6
7,12,09:27.6
7,12,09:42.6
7,12,09:57.6
7,13,10:12.6
7,12,10:27.6
7,12,10:42.6
7,12,10:57.6
7,12,11:12.6
7,12,11:27.6
7,12,11:42.6
7,12,11:57.6
7,12,12:12.6
7,12,12:27.6
7,12,12:42.6
7,12,12:57.6
7,12,13:12.6
7,12,13:27.6
7,12,13:42.6
7,12,13:57.6
7,12,14:12.6
7,12,14:27.6
7,12,14:42.6
7,12,14:57.6
7,12,15:12.6
7,12,15:27.6
7,12,15:42.6
7,12,15:57.6
7,12,16:12.6
7,12,16:27.6
7,12,16:42.6
7,12,16:57.6
7,12,17:12.6
7,12,17:27.6
7,12,17:42.6
7,12,17:57.6
7,12,18:12.6
7,12,18:27.6
7,12,18:42.6
7,12,18:57.6
7,12,19:12.6
7,12,19:27.6
7,12,19:42.6
7,12,19:57.6
7,12,20:12.6
7,12,20:27.6
7,12,20:42.6
7,12,20:57.6
7,12,21:12.6
7,12,21:27.6
7,12,21:42.6
7,12,21:57.6
7,11,22:12.6
7,11,22:27.6
7,11,22:42.6
7,11,22:57.6
7,11,23:12.6
7,11,23:27.6
7,11,23:42.6
7,11,23:57.6
7,11,24:12.6
7,11,24:27.6
7,11,24:42.6
7,11,24:57.6
7,11,25:12.6
7,11,25:27.6
7,11,25:42.6
7,11,25:57.6
7,11,26:12.6
7,11,26:27.6
7,11,26:42.6
7,11,26:57.6
7,11,27:12.6
7,11,27:27.6
7,11,27:42.6
7,11,27:57.6
7,11,28:12.6
7,11,28:27.6
7,11,28:42.6
7,11,28:57.6
7,11,29:12.6
7,11,29:27.6
7,11,29:42.6
7,11,29:57.6
7,11,30:12.6
7,11,30:27.6
7,11,30:42.6
7,11,30:57.6
7,11,31:12.6
7,11,31:27.6
7,11,31:42.6
7,11,31:57.6
7,11,32:12.6
7,11,32:27.6
7,11,32:42.6
7,11,32:57.6
7,11,33:12.6
7,11,33:27.6
7,11,33:42.6
7,11,33:57.6
7,11,34:12.6
7,11,34:27.6
7,11,34:42.6
7,11,34:57.6
7,11,35:12.6
7,11,35:27.6
7,11,35:42.6
7,11,35:57.6
7,11,36:12.6
7,11,36:27.6
7,11,36:42.6
7,11,36:57.6
7,11,37:12.6
7,11,37:27.6
7,11,37:42.6
7,11,37:57.6
7,11,38:12.6
7,11,38:27.6
7,11,38:42.6
7,11,38:57.6
7,11,39:12.6
7,11,39:27.6
7,11,39:42.6
7,11,39:57.6
7,10,40:12.6
7,10,40:27.6
7,10,40:42.6
7,10,40:57.6
7,10,41:12.6
7,10,41:27.6
7,10,41:42.6
7,10,41:57.6
7,10,42:12.6
7,10,42:27.6
7,10,42:42.6
7,10,42:57.6
7,10,43:12.6
7,10,43:27.6
7,10,43:42.6
7,10,43:57.6
7,10,44:12.6
7,10,44:27.6
7,10,44:42.6
7,10,44:57.6
7,10,45:12.6
7,10,45:27.6
7,10,45:42.6
7,10,45:57.6
7,10,46:12.6
7,10,46:27.6
7,10,46:42.6
7,10,46:57.6
7,10,47:12.6
7,10,47:27.6
7,10,47:42.6
7,10,47:57.6
7,10,48:12.6
7,10,48:27.6
7,10,48:42.6
7,10,48:57.6
7,10,49:12.6
7,10,49:27.6
7,10,49:42.6
7,10,49:57.6
7,10,50:12.6
7,10,50:27.6
7,10,50:42.6
7,10,50:57.6
7,10,51:12.6
7,10,51:27.6
7,10,51:42.6
7,10,51:57.6
7,10,52:12.6
7,10,52:27.6
7,10,52:42.6
7,10,52:57.6
7,10,53:12.6
7,10,53:27.6
7,10,53:42.6
7,10,53:57.6
7,10,54:12.6
7,10,54:27.6
7,10,54:42.6
7,9,54:57.6
7,9,55:12.6
7,10,55:27.6
7,10,55:42.6
7,9,55:57.6
7,9,56:12.6
7,9,56:27.6
7,9,56:42.6
7,9,56:57.6
7,9,57:12.6
7,9,57:27.6
7,9,57:42.6
7,9,57:57.6
7,9,58:12.6
7,9,58:27.6
7,9,58:42.6
7,9,58:57.6
7,9,59:12.6
7,9,59:27.6
7,9,59:42.6
7,9,59:57.6
7,9,00:12.6
7,9,00:27.6
7,9,00:42.6
7,9,00:57.6
7,9,01:12.6
7,9,01:27.6
7,9,01:42.6
8,9,01:57.6
8,9,02:12.6
8,9,02:27.6
8,9,02:42.6
8,9,02:57.6
8,9,03:12.6
8,9,03:27.6
8,9,03:42.6
8,9,03:57.6
8,9,04:12.6
8,9,04:27.6
8,9,04:42.6
8,9,04:57.6
8,9,05:12.6
8,9,05:27.6
8,9,05:42.6
8,9,05:57.6
8,9,06:12.6
8,9,06:27.6
8,9,06:42.6
8,9,06:57.6
8,9,07:12.6
8,9,07:27.6
8,9,07:42.6
8,9,07:57.6
8,9,08:12.6
8,9,08:27.6
8,9,08:42.6
8,9,08:57.6
8,9,09:12.6
8,9,09:27.6
8,9,09:42.6
8,9,09:57.6
8,9,10:12.6
8,9,10:27.6
8,9,10:42.6
8,9,10:57.6
8,9,11:12.6
8,9,11:27.6
8,9,11:42.6
8,9,11:57.6
8,9,12:12.6
8,9,12:27.6
8,9,12:42.6
8,9,12:57.6
8,9,13:12.6
8,9,13:27.6
8,9,13:42.6
8,9,13:57.6
8,9,14:12.6
8,9,14:27.6
8,9,14:42.6
9,9,14:57.6
8,9,15:12.6
9,9,15:27.6
9,9,15:42.6
9,9,15:57.6
9,9,16:12.6
9,9,16:27.6
9,9,16:42.6
9,9,16:57.6
9,9,17:12.6
9,9,17:27.6
9,9,17:42.6
9,9,17:57.6
9,9,18:12.6
9,9,18:27.6
9,9,18:42.6
9,9,18:57.6
9,9,19:12.6
9,9,19:27.6
9,9,19:42.6
9,9,19:57.6
9,9,20:12.6
9,9,20:27.6
9,9,20:42.6
9,9,20:57.6
9,9,21:12.6
9,9,21:27.6
9,9,21:42.6
9,9,21:57.6
9,9,22:12.6
9,9,22:27.6
9,9,22:42.6
9,8,22:57.6
9,9,23:12.6
9,9,23:27.6
9,9,23:42.6
9,8,23:57.6
9,8,24:12.6
9,8,24:27.6
9,8,24:42.6
9,8,24:57.6
9,8,25:12.6
9,8,25:27.6
9,8,25:42.6
9,8,25:57.6
9,8,26:12.6
9,8,26:27.6
9,8,26:42.6
9,8,26:57.6
9,8,27:12.6
9,8,27:27.6
9,8,27:42.6
9,8,27:57.6
9,8,28:12.6
9,8,28:27.6
9,8,28:42.6
9,8,28:57.6
9,8,29:12.6
9,8,29:27.6
9,8,29:42.6
9,8,29:57.6
9,8,30:12.6
9,8,30:27.6
9,8,30:42.6
9,8,30:57.6
9,8,31:12.6
9,8,31:27.6
9,8,31:42.6
9,8,31:57.6
9,8,32:12.6
9,8,32:27.6
10,8,32:42.6
9,8,32:57.6
10,8,33:12.6
10,8,33:27.6
10,8,33:42.6
10,8,33:57.6
10,8,34:12.6
10,8,34:27.6
10,8,34:42.6
10,8,34:57.6
10,8,35:12.6
10,8,35:27.6
10,8,35:42.6
10,8,35:57.6
10,8,36:12.6
10,8,36:27.6
10,8,36:42.6
10,8,36:57.6
10,8,37:12.6
10,8,37:27.6
10,8,37:42.6
10,8,37:57.6
10,8,38:12.6
10,8,38:27.6
10,8,38:42.6
10,8,38:57.6
10,8,39:12.6
10,8,39:27.6
10,8,39:42.6
10,8,39:57.6
10,8,40:12.6
10,8,40:27.6
10,8,40:42.6
10,8,40:57.6
10,8,41:12.6
10,8,41:27.6
10,8,41:42.6
10,8,41:57.6
10,8,42:12.6
10,8,42:27.6
10,8,42:42.6
10,8,42:57.6
11,8,43:12.6
11,8,43:27.6
11,8,43:42.6
11,8,43:57.6
11,8,44:12.6
11,8,44:27.6
11,8,44:42.6
11,8,44:57.6
11,8,45:12.6
11,8,45:27.6
11,8,45:42.6
11,8,45:57.6
11,8,46:12.6
11,8,46:27.6
11,8,46:42.6
11,8,46:57.6
11,8,47:12.6
11,8,47:27.6
11,8,47:42.6
11,8,47:57.6
11,8,48:12.6
11,8,48:27.6
11,8,48:42.6
11,8,48:57.6
11,8,49:12.6
11,8,49:27.6
11,8,49:42.6
11,8,49:57.6
11,8,50:12.6
11,8,50:27.6
11,8,50:42.6
11,7,50:57.6
11,7,51:12.6
11,8,51:27.6
11,7,51:42.6
12,7,51:57.6
12,7,52:12.6
12,7,52:27.6
12,7,52:42.6
12,7,52:57.6
12,7,53:12.6
12,7,53:27.6
12,7,53:42.6
12,7,53:57.6
12,7,54:12.6
12,7,54:27.6
12,7,54:42.6
12,7,54:57.6
12,7,55:12.6
12,7,55:27.6
12,7,55:42.6
12,7,55:57.6
12,7,56:12.6
12,7,56:27.6
12,7,56:42.6
12,7,56:57.6
12,7,57:12.6
12,7,57:27.6
12,7,57:42.6
12,7,57:57.6
12,7,58:12.6
12,7,58:27.6
12,7,58:42.6
12,7,58:57.6
12,7,59:12.6
12,7,59:27.6
12,7,59:42.6
12,7,59:57.6
12,7,00:12.6
12,7,00:27.6
12,7,00:42.6
12,7,00:57.6
12,7,01:12.6
12,7,01:27.6
12,7,01:42.6
13,7,01:57.6
12,7,02:12.6
13,7,02:27.6
12,7,02:42.6
13,7,02:57.6
13,7,03:12.6
13,7,03:27.6
13,7,03:42.6
13,7,03:57.6
13,7,04:12.6
13,7,04:27.6
13,7,04:42.6
13,7,04:57.6
13,7,05:12.6
13,7,05:27.6
13,7,05:42.6
13,7,05:57.6
13,7,06:12.6
13,7,06:27.6
13,7,06:42.6
13,7,06:57.6
13,7,07:12.6
13,7,07:27.6
13,7,07:42.6
13,7,07:57.6
13,7,08:12.6
13,7,08:27.6
13,7,08:42.6
13,7,08:57.6
13,7,09:12.6
13,7,09:27.6
13,7,09:42.6
13,7,09:57.6
13,7,10:12.6
13,7,10:27.6
13,7,10:42.6
13,7,10:57.6
13,7,11:12.6
13,7,11:27.6
13,7,11:42.6
13,7,11:57.6
13,7,12:12.6
13,7,12:27.6
14,7,12:42.6
14,7,12:57.6
14,7,13:12.6
14,7,13:27.6
14,7,13:42.6
14,7,13:57.6
14,7,14:12.6
14,7,14:27.6
14,7,14:42.6
14,7,14:57.6
14,7,15:12.6
14,7,15:27.6
14,7,15:42.6
14,7,15:57.6
14,7,16:12.6
14,7,16:27.6
14,7,16:42.6
14,7,16:57.6
14,7,17:12.6
14,7,17:27.6
14,7,17:42.6
14,7,17:57.6
14,7,18:12.6
14,7,18:27.6
14,7,18:42.6
14,7,18:57.6
14,7,19:12.6
14,7,19:27.6
14,7,19:42.6
14,7,19:57.6
14,7,20:12.6
14,7,20:27.6
14,7,20:42.6
14,7,20:57.6
14,7,21:12.6
14,7,21:27.6
14,7,21:42.6
14,6,21:57.6
14,6,22:12.6
14,6,22:27.6
14,6,22:42.6
14,6,22:57.6
14,6,23:12.6
14,6,23:27.6
14,6,23:42.6
14,6,23:57.6
14,6,24:12.6
14,6,24:27.6
14,6,24:42.6
14,6,24:57.6
14,6,25:12.6
14,6,25:27.6
14,6,25:42.6
14,6,25:57.6
14,6,26:12.6
14,6,26:27.6
14,6,26:42.6
15,6,26:57.6
14,6,27:12.6
15,6,27:27.6
15,6,27:42.6
15,6,27:57.6
15,6,28:12.6
15,6,28:27.6
14,6,28:42.6
15,6,28:57.6
15,6,29:12.6
15,6,29:27.6
15,6,29:42.6
15,6,29:57.6
15,6,30:12.6
15,6,30:27.6
15,6,30:42.6
15,6,30:57.6
15,6,31:12.6
15,6,31:27.6
15,6,31:42.6
15,6,31:57.6
15,6,32:12.6
15,6,32:27.6
15,6,32:42.6
15,6,32:57.6
15,6,33:12.6
15,6,33:27.6
15,6,33:42.6
15,6,33:57.6
15,6,34:12.6
15,6,34:27.6
15,6,34:42.6
15,6,34:57.6
15,6,35:12.6
15,6,35:27.6
15,6,35:42.6
15,6,35:57.6
15,6,36:12.6
15,6,36:27.6
15,6,36:42.6
15,6,36:57.6
15,6,37:12.6
15,6,37:27.6
15,6,37:42.6
15,6,37:57.6
15,6,38:12.6
15,6,38:27.6
15,6,38:42.6
15,6,38:57.6
15,6,39:12.6
15,6,39:27.6
15,6,39:42.6
15,6,39:57.6
15,6,40:12.6
15,6,40:27.6
15,6,40:42.6
15,6,40:57.6
15,6,41:12.6
15,6,41:27.6
15,6,41:42.6
15,6,41:57.6
15,6,42:12.6
15,6,42:27.6
15,6,42:42.6
15,6,42:57.6
15,6,43:12.6
15,6,43:27.6
15,6,43:42.6
15,6,43:57.6
15,6,44:12.6
15,6,44:27.6
15,6,44:42.6
15,6,44:57.6
15,6,45:12.6
15,6,45:27.6
15,6,45:42.6
15,6,45:57.6
15,6,46:12.6
15,6,46:27.6
15,6,46:42.6
15,6,46:57.6
15,6,47:12.6
15,6,47:27.6
15,6,47:42.6
15,6,47:57.6
15,6,48:12.6
15,6,48:27.6
15,6,48:42.6
15,6,48:57.6
15,6,49:12.6
15,6,49:27.6
15,6,49:42.6
15,6,49:57.6
15,6,50:12.6
15,6,50:27.6
15,6,50:42.6
15,6,50:57.6
15,6,51:12.6
15,6,51:27.6
15,6,51:42.6
15,6,51:57.6
15,6,52:12.6
15,6,52:27.6
15,6,52:42.6
15,6,52:57.6
15,6,53:12.6
15,6,53:27.6
16,6,53:42.6
15,6,53:57.6
15,6,54:12.6
16,6,54:27.6
16,6,54:42.6
16,6,54:57.6
16,6,55:12.6
16,6,55:27.6
16,6,55:42.6
16,6,55:57.6
16,6,56:12.6
16,6,56:27.6
16,6,56:42.6
16,6,56:57.6
16,6,57:12.6
16,6,57:27.6
16,6,57:42.6
16,6,57:57.6
16,6,58:12.6
16,6,58:27.6
16,5,58:42.6
16,5,58:57.6
16,5,59:12.6
16,6,59:27.6
16,5,59:42.6
16,6,59:57.6
16,5,00:12.6
16,5,00:27.6
16,5,00:42.6
16,5,00:57.6
16,5,01:12.6
16,5,01:27.6
16,5,01:42.6
16,5,01:57.6
16,5,02:12.6
16,5,02:27.6
16,5,02:42.6
16,5,02:57.6
16,5,03:12.6
16,5,03:27.6
16,5,03:42.6
16,5,03:57.6
16,5,04:12.6
16,5,04:27.6
16,5,04:42.6
16,5,04:57.6
16,5,05:12.6
16,5,05:27.6
16,5,05:42.6
16,5,05:57.6
16,5,06:12.6
16,5,06:27.6
16,5,06:42.6
16,5,06:57.6
16,5,07:12.6
16,5,07:27.6
16,5,07:42.6
16,5,07:57.6
16,5,08:12.6
16,5,08:27.6
16,5,08:42.6
16,5,08:57.6
16,5,09:12.6
16,5,09:27.6
16,5,09:42.6
16,5,09:57.6
16,5,10:12.6
16,5,10:27.6
16,5,10:42.6
17,5,10:57.6
16,5,11:12.6
16,5,11:27.6
16,5,11:42.6
16,5,11:57.6
16,5,12:12.6
16,5,12:27.6
16,5,12:42.6
16,5,12:57.6
16,5,13:12.6
16,5,13:27.6
17,5,13:42.6
17,5,13:57.6
17,5,14:12.6
17,5,14:27.6
17,5,14:42.6
16,5,14:57.6
16,5,15:12.6
17,5,15:27.6
17,5,15:42.6
16,5,15:57.6
16,5,16:12.6
17,5,16:27.6
17,5,16:42.6
17,5,16:57.6
17,5,17:12.6
17,5,17:27.6
17,5,17:42.6
17,5,17:57.6
17,5,18:12.6
17,5,18:27.6
17,5,18:42.6
17,5,18:57.6
17,5,19:12.6
17,5,19:27.6
17,5,19:42.6
17,5,19:57.6
17,5,20:12.6
17,5,20:27.6
17,5,20:42.6
17,5,20:57.6
17,5,21:12.6
17,5,21:27.6
17,5,21:42.6
17,5,21:57.6
17,5,22:12.6
17,5,22:27.6
17,5,22:42.6
17,5,22:57.6
17,5,23:12.6
17,5,23:27.6
17,5,23:42.6
17,5,23:57.6
17,5,24:12.6
17,5,24:27.6
17,5,24:42.6
17,5,24:57.6
17,5,25:12.6
17,5,25:27.6
17,5,25:42.6
17,5,25:57.6
17,5,26:12.6
17,5,26:27.6
17,5,26:42.6
17,5,26:57.6
17,5,27:12.6
17,5,27:27.6
17,5,27:42.6
17,5,27:57.6
17,5,28:12.6
17,5,28:27.6
17,5,28:42.6
17,5,28:57.6
17,5,29:12.6
17,5,29:27.6
17,5,29:42.6
17,5,29:57.6
17,5,30:12.6
17,5,30:27.6
17,5,30:42.6
17,5,30:57.6
17,5,31:12.6
17,5,31:27.6
17,5,31:42.6
17,5,31:57.6
17,5,32:12.6
17,5,32:27.6
17,5,32:42.6
17,5,32:57.6
17,5,33:12.6
17,5,33:27.6
17,5,33:42.6
17,5,33:57.6
17,5,34:12.6
17,5,34:27.6
17,5,34:42.6
17,5,34:57.6
17,5,35:12.6
17,5,35:27.6
17,5,35:42.6
17,5,35:57.6
17,5,36:12.6
17,5,36:27.6
17,5,36:42.6
17,5,36:57.6
17,5,37:12.6
17,5,37:27.6
17,5,37:42.6
17,5,37:57.6
17,5,38:12.6
17,5,38:27.6
17,5,38:42.6
17,5,38:57.6
17,5,39:12.6
17,5,39:27.6
17,5,39:42.6
17,5,39:57.6
17,5,40:12.6
17,5,40:27.6
17,5,40:42.6
17,5,40:57.6
17,5,41:12.6
17,5,41:27.6
17,5,41:42.6
17,5,41:57.6
17,5,42:12.6
17,5,42:27.6
17,5,42:42.6
17,5,42:57.6
17,5,43:12.6
17,5,43:27.6
17,5,43:42.6
17,5,43:57.6
17,5,44:12.6
17,5,44:27.6
17,5,44:42.6
17,5,44:57.6
17,5,45:12.6
17,5,45:27.6
17,5,45:42.6
17,4,45:57.6
17,5,46:12.6
17,4,46:27.6
17,4,46:42.6
17,4,46:57.6
17,4,47:12.6
17,5,47:27.6
17,5,47:42.6
17,4,47:57.6
17,4,48:12.6
17,4,48:27.6
17,4,48:42.6
17,4,48:57.6
17,4,49:12.6
17,4,49:27.6
17,4,49:42.6
17,4,49:57.6
17,4,50:12.6
17,4,50:27.6
17,4,50:42.6
17,4,50:57.6
17,4,51:12.6
17,4,51:27.6
17,4,51:42.6
17,4,51:57.6
17,4,52:12.6
17,4,52:27.6
17,4,52:42.6
17,4,52:57.6
17,4,53:12.6
17,4,53:27.6
17,4,53:42.6
17,4,53:57.6
17,4,54:12.6
17,4,54:27.6
17,4,54:42.6
17,4,54:57.6
17,4,55:12.6
17,4,55:27.6
17,4,55:42.6
17,4,55:57.6
17,4,56:12.6
17,4,56:27.6
17,4,56:42.6
17,4,56:57.6
17,4,57:12.6
17,4,57:27.6
17,4,57:42.6
17,4,57:57.6
17,4,58:12.6
17,4,58:27.6
17,4,58:42.6
17,4,58:57.6
17,4,59:12.6
17,4,59:27.6
17,4,59:42.6
17,4,59:57.6
17,4,00:12.6
17,4,00:27.6
17,4,00:42.6
17,4,00:57.6
17,4,01:12.6
17,4,01:27.6
17,4,01:42.6
17,4,01:57.6
17,4,02:12.6
17,4,02:27.6
17,4,02:42.6
17,4,02:57.6
17,4,03:12.6
17,4,03:27.6
17,4,03:42.6
17,4,03:57.6
17,4,04:12.6
17,4,04:27.6
17,4,04:42.6
17,4,04:57.6
17,4,05:12.6
17,4,05:27.6
17,4,05:42.6
17,4,05:57.6
17,4,06:12.6
16,4,06:27.6
17,4,06:42.6
17,4,06:57.6
17,4,07:12.6
17,4,07:27.6
17,4,07:42.6
17,4,07:57.6
17,4,08:12.6
17,4,08:27.6
17,4,08:42.6
17,4,08:57.6
16,4,09:12.6
17,4,09:27.6
16,4,09:42.6
17,4,09:57.6
17,4,10:12.6
17,4,10:27.6
17,4,10:42.6
17,4,10:57.6
16,4,11:12.6
16,4,11:27.6
17,4,11:42.6
16,4,11:57.6
17,4,12:12.6
17,4,12:27.6
17,4,12:42.6
17,4,12:57.6
17,4,13:12.6
17,4,13:27.6
17,4,13:42.6
17,4,13:57.6
17,4,14:12.6
17,4,14:27.6
17,4,14:42.6
17,4,14:57.6
17,4,15:12.6
16,4,15:27.6
16,4,15:42.6
17,4,15:57.6
16,4,16:12.6
16,4,16:27.6
16,4,16:42.6
16,4,16:57.6
16,4,17:12.6
16,4,17:27.6
16,4,17:42.6
16,4,17:57.6
17,4,18:12.6
16,4,18:27.6
16,4,18:42.6
16,4,18:57.6
16,4,19:12.6
16,4,19:27.6
16,4,19:42.6
16,4,19:57.6
16,4,20:12.6
16,4,20:27.6
16,4,20:42.6
16,4,20:57.6
16,4,21:12.6
16,4,21:27.6
16,4,21:42.6
16,4,21:57.6
16,4,22:12.6
16,4,22:27.6
16,4,22:42.6
16,4,22:57.6
16,4,23:12.6
16,4,23:27.6
16,4,23:42.6
16,4,23:57.6
16,4,24:12.6
16,4,24:27.6
16,4,24:42.6
16,4,24:57.6
16,4,25:12.6
16,4,25:27.6
16,4,25:42.6
16,4,25:57.6
16,4,26:12.6
16,4,26:27.6
16,4,26:42.6
16,4,26:57.6
16,4,27:12.6
16,4,27:27.6
16,4,27:42.6
16,4,27:57.6
16,4,28:12.6
16,4,28:27.6
16,4,28:42.6
16,4,28:57.6
16,4,29:12.6
16,4,29:27.6
16,4,29:42.6
16,4,29:57.6
16,4,30:12.6
16,4,30:27.6
16,4,30:42.6
16,4,30:57.6
16,4,31:12.6
16,4,31:27.6
16,4,31:42.6
16,4,31:57.6
16,3,32:12.6
16,4,32:27.6
16,4,32:42.6
16,4,32:57.6
16,4,33:12.6
16,4,33:27.6
16,3,33:42.6
16,4,33:57.6
16,4,34:12.6
16,3,34:27.6
16,4,34:42.6
16,3,34:57.6
16,3,35:12.6
16,3,35:27.6
16,3,35:42.6
16,3,35:57.6
16,3,36:12.6
16,3,36:27.6
16,3,36:42.6
16,3,36:57.6
16,3,37:12.6
16,3,37:27.6
16,3,37:42.6
16,3,37:57.6
16,3,38:12.6
16,3,38:27.6
16,3,38:42.6
15,3,38:57.6
16,3,39:12.6
16,3,39:27.6
16,3,39:42.6
16,3,39:57.6
16,3,40:12.6
16,3,40:27.6
16,3,40:42.6
16,3,40:57.6
16,3,41:12.6
16,3,41:27.6
15,3,41:42.6
15,3,41:57.6
16,3,42:12.6
16,3,42:27.6
16,3,42:42.6
15,3,42:57.6
16,3,43:12.6
15,3,43:27.6
16,3,43:42.6
15,3,43:57.6
15,3,44:12.6
15,3,44:27.6
15,3,44:42.6
15,3,44:57.6
15,3,45:12.6
15,3,45:27.6
16,3,45:42.6
16,3,45:57.6
16,3,46:12.6
15,3,46:27.6
15,3,46:42.6
15,3,46:57.6
15,3,47:12.6
15,3,47:27.6
15,3,47:42.6
15,3,47:57.6
15,3,48:12.6
15,3,48:27.6
15,3,48:42.6
15,3,48:57.6
15,3,49:12.6
15,3,49:27.6
15,3,49:42.6
15,3,49:57.6
15,3,50:12.6
15,3,50:27.6
15,3,50:42.6
15,3,50:57.6
15,3,51:12.6
15,3,51:27.6
15,3,51:42.6
15,3,51:57.6
15,3,52:12.6
15,3,52:27.6
15,3,52:42.6
15,3,52:57.6
15,3,53:12.6
15,3,53:27.6
15,3,53:42.6
15,3,53:57.6
15,3,54:12.6
15,3,54:27.6
15,3,54:42.6
15,3,54:57.6
15,3,55:12.6
15,3,55:27.6
15,3,55:42.6
15,3,55:57.6
15,3,56:12.6
15,3,56:27.6
15,3,56:42.6
15,3,56:57.6
15,3,57:12.6
15,3,57:27.6
15,3,57:42.6
15,3,57:57.6
15,3,58:12.6
15,3,58:27.6
15,3,58:42.6
15,3,58:57.6
15,3,59:12.6
15,3,59:27.6
15,3,59:42.6
15,3,59:57.6
15,3,00:12.6
15,3,00:27.6
15,3,00:42.6
15,3,00:57.6
15,3,01:12.6
15,3,01:27.6
15,3,01:42.6
15,3,01:57.6
15,3,02:12.6
15,3,02:27.6
15,3,02:42.6
15,3,02:57.6
15,3,03:12.6
15,3,03:27.6
15,3,03:42.6
15,3,03:57.6
15,3,04:12.6
15,3,04:27.6
15,3,04:42.6
15,3,04:57.6
15,3,05:12.6
15,3,05:27.6
15,3,05:42.6
15,3,05:57.6
15,3,06:12.6
15,3,06:27.6
15,3,06:42.6
15,3,06:57.6
15,3,07:12.6
15,3,07:27.6
15,3,07:42.6
15,3,07:57.6
15,3,08:12.6
15,3,08:27.6
15,3,08:42.6
15,3,08:57.6
15,3,09:12.6
15,3,09:27.6
15,3,09:42.6
15,3,09:57.6
14,3,10:12.6
15,3,10:27.6
15,3,10:42.6
15,3,10:57.6
15,3,11:12.6
15,3,11:27.6
14,3,11:42.6
14,3,11:57.6
15,3,12:12.6
15,3,12:27.6
15,3,12:42.6
15,3,12:57.6
15,3,13:12.6
15,3,13:27.6
15,3,13:42.6
15,3,13:57.6
14,3,14:12.6
14,3,14:27.6
14,3,14:42.6
14,3,14:57.6
14,3,15:12.6
15,3,15:27.6
14,3,15:42.6
15,3,15:57.6
14,3,16:12.6
15,3,16:27.6
15,3,16:42.6
14,3,16:57.6
15,3,17:12.6
14,3,17:27.6
14,3,17:42.6
14,3,17:57.6
14,3,18:12.6
14,3,18:27.6
14,3,18:42.6
14,3,18:57.6
14,3,19:12.6
14,3,19:27.6
14,3,19:42.6
14,3,19:57.6
14,3,20:12.6
14,3,20:27.6
14,3,20:42.6
14,3,20:57.6
14,3,21:12.6
14,3,21:27.6
14,3,21:42.6
14,3,21:57.6
14,3,22:12.6
14,3,22:27.6
14,3,22:42.6
14,3,22:57.6
14,3,23:12.6
14,3,23:27.6
14,3,23:42.6
14,3,23:57.6
14,3,24:12.6
14,3,24:27.6
14,3,24:42.6
14,3,24:57.6
14,3,25:12.6
14,3,25:27.6
14,3,25:42.6
14,3,25:57.6
14,3,26:12.6
14,3,26:27.6
14,3,26:42.6
14,3,26:57.6
14,3,27:12.6
14,3,27:27.6
14,3,27:42.6
14,3,27:57.6
14,3,28:12.6
14,3,28:27.6
14,3,28:42.6
14,3,28:57.6
14,3,29:12.6
14,3,29:27.6
14,3,29:42.6
14,3,29:57.6
14,3,30:12.6
14,3,30:27.6
14,3,30:42.6
14,3,30:57.6
14,3,31:12.6
14,3,31:27.6
14,3,31:42.6
14,3,31:57.6
14,3,32:12.6
14,3,32:27.6
14,3,32:42.6
14,3,32:57.6
14,3,33:12.6
14,3,33:27.6
14,3,33:42.6
14,3,33:57.6
14,3,34:12.6
14,3,34:27.6
14,3,34:42.6
14,3,34:57.6
14,3,35:12.6
14,3,35:27.6
14,3,35:42.6
14,3,35:57.6
14,3,36:12.6
14,3,36:27.6
14,3,36:42.6
14,3,36:57.6
14,3,37:12.6
14,3,37:27.6
14,3,37:42.6
14,3,37:57.6
14,3,38:12.6
14,3,38:27.6
14,3,38:42.6
14,3,38:57.6
14,3,39:12.6
14,3,39:27.6
14,3,39:42.6
14,3,39:57.6
14,3,40:12.6
14,3,40:27.6
14,3,40:42.6
14,3,40:57.6
14,3,41:12.6
14,3,41:27.6
14,3,41:42.6
14,3,41:57.6
14,3,42:12.6
14,3,42:27.6
14,3,42:42.6
14,3,42:57.6
14,3,43:12.6
14,3,43:27.6
14,3,43:42.6
14,3,43:57.6
14,3,44:12.6
14,3,44:27.6
14,3,44:42.6
14,3,44:57.6
14,3,45:12.6
14,3,45:27.6
14,3,45:42.6
14,3,45:57.6
14,3,46:12.6
14,3,46:27.6
14,3,46:42.6
14,3,46:57.6
14,3,47:12.6
14,3,47:27.6
14,3,47:42.6
14,3,47:57.6
14,3,48:12.6
14,3,48:27.6
14,3,48:42.6
14,3,48:57.6
14,3,49:12.6
14,3,49:27.6
14,3,49:42.6
14,3,49:57.6
14,3,50:12.6
14,3,50:27.6
14,3,50:42.6
14,3,50:57.6
14,3,51:12.6
14,3,51:27.6
14,3,51:42.6
14,3,51:57.6
14,3,52:12.6
14,3,52:27.6
13,3,52:42.6
13,3,52:57.6
13,3,53:12.6
13,3,53:27.6
13,3,53:42.6
13,3,53:57.6
13,3,54:12.6
13,2,54:27.6
12,2,54:42.6
12,2,54:57.6
13,2,55:12.6
12,2,55:27.6
12,2,55:42.6
12,2,55:57.6
12,2,56:12.6
12,2,56:27.6
12,2,56:42.6
12,2,56:57.6
12,2,57:12.6
12,2,57:27.6
12,2,57:42.6
12,2,57:57.6
12,2,58:12.6
12,2,58:27.6
12,2,58:42.6
12,2,58:57.6
12,2,59:12.6
11,2,59:27.6
12,2,59:42.6
12,2,59:57.6
11,2,00:12.6
11,2,00:27.6
11,2,00:42.6
11,2,00:57.6
11,2,01:12.6
11,2,01:27.6
11,2,01:42.6
12,2,01:57.6
11,2,02:12.6
11,2,02:27.6
11,2,02:42.6
11,2,02:57.6
11,2,03:12.6
11,2,03:27.6
11,2,03:42.6
11,2,03:57.6
11,2,04:12.6
11,2,04:27.6
11,2,04:42.6
11,2,04:57.6
11,2,05:12.6
11,2,05:27.6
11,2,05:42.6
11,2,05:57.6
11,2,06:12.6
11,2,06:27.6
11,2,06:42.6
11,2,06:57.6
11,2,07:12.6
11,2,07:27.6
11,2,07:42.6
11,2,07:57.6
11,2,08:12.6
11,2,08:27.6
11,2,08:42.6
10,2,08:57.6
11,2,09:12.6
10,2,09:27.6
10,2,09:42.6
10,2,09:57.6
10,2,10:12.6
10,2,10:27.6
10,2,10:42.6
10,2,10:57.6
10,2,11:12.6
10,2,11:27.6
10,2,11:42.6
10,2,11:57.6
10,2,12:12.6
10,2,12:27.6
10,2,12:42.6
10,2,12:57.6
10,2,13:12.6
10,2,13:27.6
10,2,13:42.6
10,2,13:57.6
10,2,14:12.6
10,2,14:27.6
10,2,14:42.6
10,2,14:57.6
10,2,15:12.6
10,2,15:27.6
10,2,15:42.6
10,2,15:57.6
10,2,16:12.6
10,2,16:27.6
10,2,16:42.6
10,2,16:57.6
10,2,17:12.6
10,2,17:27.6
10,2,17:42.6
10,2,17:57.6
10,2,18:12.6
10,2,18:27.6
10,2,18:42.6
10,2,18:57.6
10,2,19:12.6
10,2,19:27.6
10,2,19:42.6
10,2,19:57.6
10,2,20:12.6
10,2,20:27.6
10,2,20:42.6
10,2,20:57.6
10,2,21:12.6
10,2,21:27.6
10,2,21:42.6
10,2,21:57.6
10,2,22:12.6
10,2,22:27.6
10,2,22:42.6
10,2,22:57.6
10,2,23:12.6
10,2,23:27.6
10,2,23:42.6
10,2,23:57.6
10,2,24:12.6
10,2,24:27.6
10,2,24:42.6
10,2,24:57.6
10,2,25:12.6
10,2,25:27.6
10,2,25:42.6
10,2,25:57.6
10,2,26:12.6
10,2,26:27.6
10,2,26:42.6
10,2,26:57.6
10,2,27:12.6
11,2,27:27.6
10,2,27:42.6
10,2,27:57.6
10,2,28:12.6
10,2,28:27.6
10,2,28:42.6
10,2,28:57.6
10,2,29:12.6
34,6,29:27.6
12,3,29:42.6
12,3,29:57.6
14,3,30:12.6
16,3,30:27.6
16,3,30:42.6
15,3,30:57.6
14,3,31:12.6
14,2,31:27.6
13,2,31:42.6
13,2,31:57.6
13,2,32:12.6
14,2,32:27.6
14,2,32:42.6
14,2,32:57.6
13,2,33:12.6
13,2,33:27.6
13,2,33:42.6
13,2,33:57.6
13,2,34:12.6
13,2,34:27.6
13,2,34:42.6
13,2,34:57.6
13,2,35:12.6
13,2,35:27.6
13,2,35:42.6
13,2,35:57.6
13,2,36:12.6
14,2,36:27.6
14,2,36:42.6
14,2,36:57.6
13,2,37:12.6
15,2,37:27.6
14,2,37:42.6
14,2,37:57.6
14,2,38:12.6
14,2,38:27.6
15,2,38:42.6
15,2,38:57.6
14,2,39:12.6
15,2,39:27.6
15,2,39:42.6
14,2,39:57.6
15,2,40:12.6
15,2,40:27.6
15,2,40:42.6
15,2,40:57.6
15,2,41:12.6
15,2,41:27.6
15,2,41:42.6
15,2,41:57.6
15,3,42:12.6
15,3,42:27.6
14,3,42:42.6
14,2,42:57.6
15,3,43:12.6
34,2,43:27.6
46,2,43:42.6
23,2,43:57.6
20,2,44:12.6
21,2,44:27.6
28,2,44:42.6
22,2,44:57.6
16,2,45:12.6
20,2,45:27.6
16,3,45:42.6
15,2,45:57.6
15,2,46:12.6
15,2,46:27.6
15,2,46:42.6
14,2,46:57.6
14,2,47:12.6
14,2,47:27.6
14,2,47:42.6
14,2,47:57.6
14,2,48:12.6
14,2,48:27.6
14,2,48:42.6
13,2,48:57.6
13,2,49:12.6
13,2,49:27.6
13,2,49:42.6
13,2,49:57.6
13,2,50:12.6
13,2,50:27.6
13,2,50:42.6
13,2,50:57.6
13,2,51:12.6
13,2,51:27.6
13,2,51:42.6
19,2,51:57.6
14,2,52:12.6
14,2,52:27.6
13,2,52:42.6
13,2,52:57.6
13,2,53:12.6
13,2,53:27.6
13,2,53:42.6
13,2,53:57.6
13,2,54:12.6
13,2,54:27.6
13,2,54:42.6
12,2,54:57.6
12,2,55:12.6
12,2,55:27.6
12,2,55:42.6
12,2,55:57.6
12,2,56:12.6
12,2,56:27.6
12,2,56:42.6
12,2,56:57.6
12,2,57:12.6
12,2,57:27.6
11,2,57:42.6
11,2,57:57.6
11,2,58:12.6
12,2,58:27.6
13,2,58:42.6
13,2,58:57.6
14,2,59:12.6
14,3,59:27.6
15,3,59:42.6
14,3,59:57.6
14,3,00:12.6
14,3,00:27.6
15,3,00:42.6
14,3,00:57.6
15,3,01:12.6
15,3,01:27.6
15,3,01:42.6
14,3,01:57.6
14,3,02:12.6
14,3,02:27.6
15,3,02:42.6
15,3,02:57.6
15,3,03:12.6
15,3,03:27.6
14,3,03:42.6
15,3,03:57.6
14,3,04:12.6
15,3,04:27.6
15,3,04:42.6
14,3,04:57.6
15,3,05:12.6
14,3,05:27.6
14,3,05:42.6
14,3,05:57.6
14,3,06:12.6
14,3,06:27.6
14,3,06:42.6
13,3,06:57.6
14,3,07:12.6
14,3,07:27.6
13,3,07:42.6
14,3,07:57.6
13,3,08:12.6
14,3,08:27.6
14,3,08:42.6
13,3,08:57.6
13,3,09:12.6
13,3,09:27.6
13,3,09:42.6
13,3,09:57.6
13,3,10:12.6
13,3,10:27.6
13,3,10:42.6
13,3,10:57.6
13,3,11:12.6
13,3,11:27.6
12,3,11:42.6
12,3,11:57.6
12,3,12:12.6
12,3,12:27.6
12,3,12:42.6
12,3,12:57.6
12,3,13:12.6
12,2,13:27.6
12,2,13:42.6
12,2,13:57.6
12,2,14:12.6
11,2,14:27.6
12,2,14:42.6
12,2,14:57.6
11,2,15:12.6
12,2,15:27.6
11,2,15:42.6
11,2,15:57.6
12,2,16:12.6
12,2,16:27.6
12,2,16:42.6
12,2,16:57.6
11,2,17:12.6
11,2,17:27.6
11,2,17:42.6
11,2,17:57.6
11,2,18:12.6
11,2,18:27.6
11,2,18:42.6
11,2,18:57.6
11,2,19:12.6
11,2,19:27.6
11,2,19:42.6
11,2,19:57.6
11,2,20:12.6
11,2,20:27.6
11,2,20:42.6
11,2,20:57.6
11,2,21:12.6
11,2,21:27.6
11,2,21:42.6
11,2,21:57.6
11,2,22:12.6
11,2,22:27.6
11,2,22:42.6
11,2,22:57.6
11,2,23:12.6
11,2,23:27.6
11,2,23:42.6
11,2,23:57.6
11,2,24:12.6
11,2,24:27.6
11,2,24:42.6
11,2,24:57.6
11,2,25:12.6
11,2,25:27.6
11,2,25:42.6
11,2,25:57.6
11,2,26:12.6
11,2,26:27.6
11,2,26:42.6
11,2,26:57.6
11,2,27:12.6
11,2,27:27.6
11,2,27:42.6
11,2,27:57.6
11,2,28:12.6
11,2,28:27.6
11,2,28:42.6
11,2,28:57.6
11,2,29:12.6
11,2,29:27.6
11,2,29:42.6
11,2,29:57.6
11,2,30:12.6
11,2,30:27.6
11,2,30:42.6
11,2,30:57.6
11,2,31:12.6
11,2,31:27.6
11,2,31:42.6
11,2,31:57.6
11,2,32:12.6
11,2,32:27.6
11,2,32:42.6
11,2,32:57.6
11,2,33:12.6
11,2,33:27.6
11,2,33:42.6
11,2,33:57.6
11,2,34:12.6
11,2,34:27.6
11,2,34:42.6
11,2,34:57.6
11,2,35:12.6
11,2,35:27.6
11,2,35:42.6
10,2,35:57.6
10,2,36:12.6
10,2,36:27.6
10,2,36:42.6
10,2,36:57.6
11,2,37:12.6
10,2,37:27.6
10,2,37:42.6
11,2,37:57.6
10,2,38:12.6
10,2,38:27.6
10,2,38:42.6
10,2,38:57.6
10,2,39:12.6
10,2,39:27.6
10,2,39:42.6
10,2,39:57.6
10,2,40:12.6
10,2,40:27.6
10,2,40:42.6
10,2,40:57.6
10,2,41:12.6
10,2,41:27.6
11,2,41:42.6
11,2,41:57.6
11,2,42:12.6
11,2,42:27.6
11,2,42:42.6
11,2,42:57.6
11,2,43:12.6
11,2,43:27.6
11,2,43:42.6
11,2,43:57.6
11,2,44:12.6
11,2,44:27.6
12,2,44:42.6
11,2,44:57.6
12,2,45:12.6
12,2,45:27.6
12,2,45:42.6
12,2,45:57.6
12,2,46:12.6
12,2,46:27.6
12,2,46:42.6
12,3,46:57.6
12,3,47:12.6
12,2,47:27.6
12,3,47:42.6
12,3,47:57.6
12,3,48:12.6
12,3,48:27.6
12,3,48:42.6
12,3,48:57.6
12,3,49:12.6
12,3,49:27.6
13,3,49:42.6
12,3,49:57.6
12,3,50:12.6
12,3,50:27.6
12,3,50:42.6
12,3,50:57.6
13,3,51:12.6
12,3,51:27.6
13,3,51:42.6
13,3,51:57.6
13,3,52:12.6
13,3,52:27.6
13,3,52:42.6
13,3,52:57.6
13,3,53:12.6
13,3,53:27.6
13,3,53:42.6
13,3,53:57.6
13,3,54:12.6
13,3,54:27.6
13,3,54:42.6
13,3,54:57.6
13,3,55:12.6
12,3,55:27.6
13,3,55:42.6
12,3,55:57.6
13,3,56:12.6
13,3,56:27.6
12,3,56:42.6
12,3,56:57.6
13,3,57:12.6
13,3,57:27.6
13,3,57:42.6
13,3,57:57.6
13,3,58:12.6
13,3,58:27.6
12,3,58:42.6
13,3,58:57.6
13,3,59:12.6
13,3,59:27.6
13,3,59:42.6
14,3,59:57.6
14,3,00:12.6
14,3,00:27.6
14,3,00:42.6
13,3,00:57.6
14,3,01:12.6
14,3,01:27.6
14,3,01:42.6
14,3,01:57.6
14,3,02:12.6
14,3,02:27.6
14,3,02:42.6
14,3,02:57.6
14,3,03:12.6
14,3,03:27.6
14,3,03:42.6
14,3,03:57.6
14,3,04:12.6
14,3,04:27.6
14,3,04:42.6
14,3,04:57.6
14,3,05:12.6
14,3,05:27.6
14,3,05:42.6
14,3,05:57.6
14,3,06:12.6
15,3,06:27.6
15,4,06:42.6
15,3,06:57.6
15,4,07:12.6
15,4,07:27.6
15,4,07:42.6
15,4,07:57.6
15,4,08:12.6
15,4,08:27.6
15,4,08:42.6
15,4,08:57.6
16,4,09:12.6
16,4,09:27.6
15,4,09:42.6
16,4,09:57.6
15,4,10:12.6
16,4,10:27.6
16,4,10:42.6
16,4,10:57.6
16,4,11:12.6
16,4,11:27.6
16,4,11:42.6
16,4,11:57.6
16,4,12:12.6
17,4,12:27.6
16,4,12:42.6
16,4,12:57.6
17,4,13:12.6
17,4,13:27.6
17,4,13:42.6
17,4,13:57.6
17,4,14:12.6
17,5,14:27.6
17,5,14:42.6
17,5,14:57.6
17,5,15:12.6
17,5,15:27.6
17,5,15:42.6
17,5,15:57.6
17,4,16:12.6
17,5,16:27.6
18,5,16:42.6
18,5,16:57.6
18,5,17:12.6
17,5,17:27.6
17,5,17:42.6
17,5,17:57.6
18,5,18:12.6
18,5,18:27.6
17,5,18:42.6
18,5,18:57.6
18,5,19:12.6
18,5,19:27.6
18,5,19:42.6
18,5,19:57.6
18,5,20:12.6
19,5,20:27.6
19,5,20:42.6
19,5,20:57.6
20,5,21:12.6
21,6,21:27.6
21,6,21:42.6
21,6,21:57.6
22,6,22:12.6
21,6,22:27.6
21,6,22:42.6
21,6,22:57.6
21,6,23:12.6
21,6,23:27.6
21,5,23:42.6
21,6,23:57.6
21,6,24:12.6
27,6,24:27.6
32,7,24:42.6
39,8,24:57.6
39,9,25:12.6
37,9,25:27.6
36,9,25:42.6
35,9,25:57.6
35,8,26:12.6
34,8,26:27.6
33,8,26:42.6
34,8,26:57.6
33,8,27:12.6
32,8,27:27.6
32,8,27:42.6
32,8,27:57.6
31,8,28:12.6
31,8,28:27.6
31,8,28:42.6
31,8,28:57.6
30,8,29:12.6
29,8,29:27.6
29,8,29:42.6
29,7,29:57.6
28,7,30:12.6
28,7,30:27.6
28,7,30:42.6
28,7,30:57.6
28,7,31:12.6
27,7,31:27.6
28,7,31:42.6
28,7,31:57.6
27,7,32:12.6
27,7,32:27.6
26,7,32:42.6
26,7,32:57.6
26,7,33:12.6
26,7,33:27.6
26,8,33:42.6
26,7,33:57.6
25,8,34:12.6
25,7,34:27.6
25,7,34:42.6
23,7,34:57.6
24,7,35:12.6
24,7,35:27.6
24,7,35:42.6
23,7,35:57.6
23,7,36:12.6
23,7,36:27.6
23,6,36:42.6
24,6,36:57.6
28,7,37:12.6
27,7,37:27.6
26,7,37:42.6
26,7,37:57.6
26,7,38:12.6
26,7,38:27.6
25,7,38:42.6
24,7,38:57.6
24,7,39:12.6
25,7,39:27.6
24,7,39:42.6
24,7,39:57.6
24,7,40:12.6
24,7,40:27.6
24,7,40:42.6
24,7,40:57.6
23,7,41:12.6
23,7,41:27.6
23,7,41:42.6
22,7,41:57.6
22,7,42:12.6
23,7,42:27.6
22,7,42:42.6
23,6,42:57.6
27,7,43:12.6
23,7,43:27.6
23,7,43:42.6
23,7,43:57.6
22,6,44:12.6
22,6,44:27.6
23,7,44:42.6
23,7,44:57.6
22,7,45:12.6
22,7,45:27.6
22,7,45:42.6
22,7,45:57.6
22,7,46:12.6
21,7,46:27.6
21,7,46:42.6
21,6,46:57.6
21,7,47:12.6
20,6,47:27.6
20,6,47:42.6
20,6,47:57.6
20,6,48:12.6
20,6,48:27.6
20,6,48:42.6
21,6,48:57.6
24,7,49:12.6
22,7,49:27.6
22,6,49:42.6
22,6,49:57.6
21,6,50:12.6
21,6,50:27.6
22,7,50:42.6
22,7,50:57.6
22,7,51:12.6
21,7,51:27.6
22,7,51:42.6
21,6,51:57.6
22,7,52:12.6
21,6,52:27.6
21,6,52:42.6
21,6,52:57.6
21,6,53:12.6
20,6,53:27.6
20,6,53:42.6
21,6,53:57.6
21,6,54:12.6
21,6,54:27.6
20,6,54:42.6
20,6,54:57.6
20,6,55:12.6
20,6,55:27.6
20,6,55:42.6
20,6,55:57.6
20,6,56:12.6
20,6,56:27.6
19,6,56:42.6
19,6,56:57.6
19,6,57:12.6
19,6,57:27.6
19,6,57:42.6
19,6,57:57.6
19,7,58:12.6
19,6,58:27.6
19,6,58:42.6
19,6,58:57.6
19,6,59:12.6
19,6,59:27.6
19,6,59:42.6
34,7,59:57.6
30,10,00:12.6
36,12,00:27.6
37,14,00:42.6
28,15,00:57.6
22,12,01:12.6
22,10,01:27.6
20,9,01:42.6
20,9,01:57.6
19,8,02:12.6
20,8,02:27.6
20,8,02:42.6
19,8,02:57.6
24,10,03:12.6
24,11,03:27.6
26,11,03:42.6
30,12,03:57.6
33,14,04:12.6
46,16,04:27.6
37,17,04:42.6
33,18,04:57.6
37,17,05:12.6
39,18,05:27.6
37,17,05:42.6
34,19,05:57.6
34,16,06:12.6
39,18,06:27.6
37,19,06:42.6
38,20,06:57.6
38,20,07:12.6
39,19,07:27.6
41,21,07:42.6
41,22,07:57.6
40,23,08:12.6
36,21,08:27.6
35,20,08:42.6
25,16,08:57.6
24,13,09:12.6
26,13,09:27.6
26,13,09:42.6
26,12,09:57.6
25,12,10:12.6
23,11,10:27.6
24,10,10:42.6
25,11,10:57.6
26,11,11:12.6
25,11,11:27.6
26,11,11:42.6
33,12,11:57.6
28,12,12:12.6
30,12,12:27.6
31,11,12:42.6
37,15,12:57.6
38,15,13:12.6
38,16,13:27.6
36,16,13:42.6
29,15,13:57.6
30,14,14:12.6
32,13,14:27.6
31,13,14:42.6
30,13,14:57.6
31,13,15:12.6
31,14,15:27.6
31,13,15:42.6
31,14,15:57.6
32,14,16:12.6
32,14,16:27.6
33,14,16:42.6
33,14,16:57.6
32,14,17:12.6
30,13,17:27.6
29,13,17:42.6
30,12,17:57.6
29,13,18:12.6
28,12,18:27.6
28,11,18:42.6
28,11,18:57.6
28,11,19:12.6
28,11,19:27.6
28,11,19:42.6
27,11,19:57.6
27,11,20:12.6
27,11,20:27.6
27,11,20:42.6
28,11,20:57.6
28,11,21:12.6
28,11,21:27.6
28,11,21:42.6
26,11,21:57.6
27,11,22:12.6
26,11,22:27.6
26,11,22:42.6
26,11,22:57.6
27,11,23:12.6
26,11,23:27.6
26,11,23:42.6
26,11,23:57.6
28,12,24:12.6
28,12,24:27.6
27,12,24:42.6
28,12,24:57.6
27,12,25:12.6
27,12,25:27.6
26,13,25:42.6
27,12,25:57.6
26,12,26:12.6
27,12,26:27.6
27,12,26:42.6
27,11,26:57.6
26,12,27:12.6
26,12,27:27.6
26,11,27:42.6
26,12,27:57.6
26,11,28:12.6
26,11,28:27.6
26,12,28:42.6
25,12,28:57.6
26,12,29:12.6
26,12,29:27.6
25,12,29:42.6
25,11,29:57.6
25,11,30:12.6
25,11,30:27.6
25,11,30:42.6
25,12,30:57.6
25,11,31:12.6
26,12,31:27.6
25,11,31:42.6
25,11,31:57.6
25,11,32:12.6
25,11,32:27.6
24,11,32:42.6
25,11,32:57.6
25,11,33:12.6
25,11,33:27.6
25,11,33:42.6
24,11,33:57.6
25,11,34:12.6
24,11,34:27.6
24,11,34:42.6
24,11,34:57.6
25,11,35:12.6
24,11,35:27.6
22,10,35:42.6
23,13,35:57.6
20,9,36:12.6
21,8,36:27.6
21,8,36:42.6
21,8,36:57.6
20,8,37:12.6
21,7,37:27.6
21,7,37:42.6
20,7,37:57.6
22,7,38:12.6
21,7,38:27.6
22,7,38:42.6
21,7,38:57.6
21,7,39:12.6
22,7,39:27.6
21,7,39:42.6
21,7,39:57.6
21,8,40:12.6
21,7,40:27.6
21,7,40:42.6
21,7,40:57.6
22,7,41:12.6
21,7,41:27.6
21,7,41:42.6
21,7,41:57.6
22,7,42:12.6
22,7,42:27.6
22,7,42:42.6
22,7,42:57.6
22,7,43:12.6
22,7,43:27.6
22,7,43:42.6
21,8,43:57.6
22,7,44:12.6
21,7,44:27.6
22,8,44:42.6
23,7,44:57.6
21,7,45:12.6
22,7,45:27.6
22,7,45:42.6
21,7,45:57.6
22,7,46:12.6
22,7,46:27.6
22,7,46:42.6
22,7,46:57.6
22,7,47:12.6
23,7,47:27.6
22,8,47:42.6
21,7,47:57.6
22,7,48:12.6
22,7,48:27.6
22,7,48:42.6
22,7,48:57.6
21,7,49:12.6
22,7,49:27.6
22,7,49:42.6
23,7,49:57.6
23,7,50:12.6
23,7,50:27.6
23,7,50:42.6
22,7,50:57.6
22,7,51:12.6
22,7,51:27.6
22,7,51:42.6
22,7,51:57.6
23,7,52:12.6
22,7,52:27.6
22,7,52:42.6
22,7,52:57.6
22,7,53:12.6
22,7,53:27.6
22,7,53:42.6
22,7,53:57.6
22,7,54:12.6
23,8,54:27.6
22,7,54:42.6
22,7,54:57.6
22,7,55:12.6
22,7,55:27.6
23,7,55:42.6
23,7,55:57.6
23,7,56:12.6
23,7,56:27.6
22,7,56:42.6
23,7,56:57.6
22,7,57:12.6
23,7,57:27.6
23,7,57:42.6
23,7,57:57.6
23,7,58:12.6
22,7,58:27.6
23,7,58:42.6
22,8,58:57.6
22,7,59:12.6
22,8,59:27.6
23,7,59:42.6
23,7,59:57.6
22,7,00:12.6
22,7,00:27.6
24,7,00:42.6
23,7,00:57.6
22,7,01:12.6
22,7,01:27.6
23,7,01:42.6
23,7,01:57.6
23,7,02:12.6
23,7,02:27.6
23,7,02:42.6
22,7,02:57.6
23,7,03:12.6
24,7,03:27.6
23,7,03:42.6
23,7,03:57.6
23,7,04:12.6
23,7,04:27.6
23,7,04:42.6
23,7,04:57.6
23,7,05:12.6
23,8,05:27.6
23,7,05:42.6
23,7,05:57.6
23,7,06:12.6
23,7,06:27.6
23,7,06:42.6
23,7,06:57.6
23,7,07:12.6
23,7,07:27.6
24,7,07:42.6
24,7,07:57.6
24,7,08:12.6
23,8,08:27.6
23,7,08:42.6
23,7,08:57.6
24,7,09:12.6
24,8,09:27.6
23,7,09:42.6
23,7,09:57.6
23,7,10:12.6
23,7,10:27.6
23,7,10:42.6
24,7,10:57.6
24,7,11:12.6
24,7,11:27.6
23,7,11:42.6
23,7,11:57.6
23,7,12:12.6
24,7,12:27.6
24,7,12:42.6
24,7,12:57.6
24,7,13:12.6
24,8,13:27.6
24,7,13:42.6
24,7,13:57.6
24,7,14:12.6
23,7,14:27.6
24,8,14:42.6
24,8,14:57.6
24,8,15:12.6
24,8,15:27.6
24,7,15:42.6
23,7,15:57.6
24,7,16:12.6
25,7,16:27.6
24,7,16:42.6
24,7,16:57.6
24,7,17:12.6
24,7,17:27.6
24,7,17:42.6
24,7,17:57.6
24,7,18:12.6
25,7,18:27.6
25,7,18:42.6
24,8,18:57.6
25,7,19:12.6
24,7,19:27.6
25,7,19:42.6
25,7,19:57.6
29,8,20:12.6
28,8,20:27.6
28,8,20:42.6
28,8,20:57.6
29,8,21:12.6
27,8,21:27.6
28,8,21:42.6
28,7,21:57.6
28,8,22:12.6
28,8,22:27.6
28,8,22:42.6
28,8,22:57.6
28,8,23:12.6
29,8,23:27.6
28,8,23:42.6
34,8,23:57.6
31,8,24:12.6
30,8,24:27.6
31,8,24:42.6
31,8,24:57.6
31,9,25:12.6
30,8,25:27.6
31,8,25:42.6
31,8,25:57.6
30,8,26:12.6
30,8,26:27.6
29,8,26:42.6
29,8,26:57.6
30,8,27:12.6
30,8,27:27.6
29,8,27:42.6
30,8,27:57.6
29,8,28:12.6
29,8,28:27.6
29,8,28:42.6
29,8,28:57.6
29,8,29:12.6
28,8,29:27.6
29,8,29:42.6
30,8,29:57.6
29,8,30:12.6
30,8,30:27.6
29,8,30:42.6
28,8,30:57.6
29,8,31:12.6
31,8,31:27.6
29,8,31:42.6
31,8,31:57.6
31,8,32:12.6
29,8,32:27.6
29,8,32:42.6
30,9,32:57.6
30,8,33:12.6
30,8,33:27.6
29,8,33:42.6
29,8,33:57.6
30,8,34:12.6
31,8,34:27.6
29,8,34:42.6
29,9,34:57.6
29,8,35:12.6
29,8,35:27.6
29,8,35:42.6
29,8,35:57.6
30,8,36:12.6
29,8,36:27.6
29,8,36:42.6
29,8,36:57.6
29,8,37:12.6
30,8,37:27.6
29,8,37:42.6
29,8,37:57.6
29,8,38:12.6
30,8,38:27.6
30,8,38:42.6
29,8,38:57.6
30,8,39:12.6
30,8,39:27.6
30,8,39:42.6
28,8,39:57.6
29,8,40:12.6
29,8,40:27.6
29,8,40:42.6
29,8,40:57.6
28,8,41:12.6
29,8,41:27.6
29,8,41:42.6
28,8,41:57.6
28,8,42:12.6
28,8,42:27.6
29,8,42:42.6
30,8,42:57.6
29,8,43:12.6
29,8,43:27.6
29,8,43:42.6
29,8,43:57.6
29,8,44:12.6
29,8,44:27.6
29,8,44:42.6
29,8,44:57.6
28,8,45:12.6
29,8,45:27.6
28,8,45:42.6
29,8,45:57.6
30,8,46:12.6
28,8,46:27.6
29,8,46:42.6
29,8,46:57.6
29,8,47:12.6
30,8,47:27.6
30,8,47:42.6
28,8,47:57.6
29,8,48:12.6
29,8,48:27.6
28,8,48:42.6
29,7,48:57.6
30,8,49:12.6
29,8,49:27.6
30,7,49:42.6
28,8,49:57.6
29,8,50:12.6
29,8,50:27.6
29,8,50:42.6
28,7,50:57.6
29,8,51:12.6
29,8,51:27.6
29,8,51:42.6
28,8,51:57.6
27,8,52:12.6
38,8,52:27.6
27,7,52:42.6
26,6,52:57.6
26,6,53:12.6
26,6,53:27.6
26,6,53:42.6
26,6,53:57.6
26,6,54:12.6
25,6,54:27.6
26,6,54:42.6
25,6,54:57.6
25,6,55:12.6
26,5,55:27.6
25,5,55:42.6
26,5,55:57.6
26,5,56:12.6
26,5,56:27.6
26,5,56:42.6
26,5,56:57.6
25,5,57:12.6
26,5,57:27.6
26,5,57:42.6
26,5,57:57.6
26,5,58:12.6
26,5,58:27.6
26,5,58:42.6
26,5,58:57.6
26,5,59:12.6
26,5,59:27.6
26,5,59:42.6
26,5,59:57.6
26,5,00:12.6
26,5,00:27.6
26,5,00:42.6
26,5,00:57.6
26,5,01:12.6
27,5,01:27.6
26,5,01:42.6
26,5,01:57.6
26,5,02:12.6
26,5,02:27.6
26,5,02:42.6
26,5,02:57.6
26,5,03:12.6
26,5,03:27.6
26,5,03:42.6
26,5,03:57.6
26,5,04:12.6
26,5,04:27.6
26,5,04:42.6
26,5,04:57.6
27,5,05:12.6
26,5,05:27.6
27,5,05:42.6
26,5,05:57.6
28,6,06:12.6
31,6,06:27.6
30,6,06:42.6
30,6,06:57.6
30,6,07:12.6
29,6,07:27.6
29,6,07:42.6
29,6,07:57.6
29,6,08:12.6
30,6,08:27.6
29,6,08:42.6
30,7,08:57.6
30,7,09:12.6
29,7,09:27.6
30,7,09:42.6
30,7,09:57.6
30,7,10:12.6
31,7,10:27.6
31,7,10:42.6
31,7,10:57.6
30,7,11:12.6
31,7,11:27.6
31,7,11:42.6
30,7,11:57.6
68,10,12:12.6
32,8,12:27.6
32,7,12:42.6
32,7,12:57.6
33,7,13:12.6
33,7,13:27.6
33,7,13:42.6
33,7,13:57.6
32,7,14:12.6
33,7,14:27.6
33,7,14:42.6
33,7,14:57.6
33,7,15:12.6
33,7,15:27.6
36,8,15:42.6
35,9,15:57.6
35,8,16:12.6
34,8,16:27.6
34,8,16:42.6
35,8,16:57.6
35,8,17:12.6
35,8,17:27.6
35,8,17:42.6
34,8,17:57.6
34,8,18:12.6
35,8,18:27.6
35,8,18:42.6
34,8,18:57.6
35,8,19:12.6
34,8,19:27.6
34,8,19:42.6
34,8,19:57.6
34,8,20:12.6
34,8,20:27.6
35,8,20:42.6
34,8,20:57.6
34,8,21:12.6
35,8,21:27.6
34,8,21:42.6
34,8,21:57.6
34,8,22:12.6
35,8,22:27.6
34,8,22:42.6
35,8,22:57.6
34,8,23:12.6
35,8,23:27.6
34,8,23:42.6
35,8,23:57.6
35,8,24:12.6
35,8,24:27.6
34,8,24:42.6
34,8,24:57.6
34,8,25:12.6
34,8,25:27.6
35,8,25:42.6
34,8,25:57.6
34,8,26:12.6
34,8,26:27.6
34,8,26:42.6
34,8,26:57.6
34,8,27:12.6
35,8,27:27.6
34,8,27:42.6
34,8,27:57.6
34,8,28:12.6
34,8,28:27.6
34,8,28:42.6
34,8,28:57.6
34,8,29:12.6
35,8,29:27.6
34,8,29:42.6
34,8,29:57.6
34,8,30:12.6
35,8,30:27.6
36,10,30:42.6
36,9,30:57.6
35,8,31:12.6
36,8,31:27.6
37,8,31:42.6
37,9,31:57.6
37,8,32:12.6
36,8,32:27.6
36,8,32:42.6
37,8,32:57.6
37,8,33:12.6
37,8,33:27.6
37,8,33:42.6
36,8,33:57.6
37,8,34:12.6
36,8,34:27.6
36,8,34:42.6
36,8,34:57.6
36,8,35:12.6
36,8,35:27.6
36,8,35:42.6
36,8,35:57.6
36,8,36:12.6
37,8,36:27.6
36,8,36:42.6
36,8,36:57.6
36,8,37:12.6
36,8,37:27.6
36,8,37:42.6
36,8,37:57.6
36,8,38:12.6
35,8,38:27.6
36,8,38:42.6
35,8,38:57.6
35,8,39:12.6
35,8,39:27.6
35,8,39:42.6
35,8,39:57.6
35,8,40:12.6
34,8,40:27.6
34,8,40:42.6
34,8,40:57.6
34,8,41:12.6
34,8,41:27.6
34,8,41:42.6
33,8,41:57.6
34,8,42:12.6
34,8,42:27.6
34,8,42:42.6
34,8,42:57.6
33,8,43:12.6
33,8,43:27.6
33,8,43:42.6
33,8,43:57.6
33,8,44:12.6
32,7,44:27.6
33,8,44:42.6
32,7,44:57.6
33,7,45:12.6
32,7,45:27.6
32,7,45:42.6
33,7,45:57.6
33,7,46:12.6
33,7,46:27.6
32,7,46:42.6
32,7,46:57.6
32,7,47:12.6
32,7,47:27.6
32,7,47:42.6
32,7,47:57.6
32,7,48:12.6
32,7,48:27.6
32,7,48:42.6
32,7,48:57.6
32,7,49:12.6
32,7,49:27.6
32,7,49:42.6
32,7,49:57.6
33,7,50:12.6
33,7,50:27.6
33,7,50:42.6
33,7,50:57.6
33,7,51:12.6
33,7,51:27.6
33,7,51:42.6
33,7,51:57.6
34,7,52:12.6
34,7,52:27.6
34,7,52:42.6
34,7,52:57.6
34,7,53:12.6
34,7,53:27.6
34,7,53:42.6
33,7,53:57.6
34,7,54:12.6
34,7,54:27.6
34,7,54:42.6
34,7,54:57.6
34,7,55:12.6
34,7,55:27.6
34,7,55:42.6
34,7,55:57.6
34,7,56:12.6
34,7,56:27.6
34,7,56:42.6
34,7,56:57.6
34,7,57:12.6
34,7,57:27.6
34,7,57:42.6
34,7,57:57.6
34,7,58:12.6
34,7,58:27.6
34,7,58:42.6
34,7,58:57.6
34,7,59:12.6
34,7,59:27.6
34,7,59:42.6
34,7,59:57.6
34,7,00:12.6
34,7,00:27.6
34,7,00:42.6
34,7,00:57.6
34,7,01:12.6
35,7,01:27.6
34,7,01:42.6
34,7,01:57.6
35,7,02:12.6
35,7,02:27.6
35,7,02:42.6
35,7,02:57.6
35,7,03:12.6
35,7,03:27.6
35,7,03:42.6
35,7,03:57.6
35,7,04:12.6
35,7,04:27.6
35,8,04:42.6
35,8,04:57.6
35,8,05:12.6
35,8,05:27.6
35,8,05:42.6
35,8,05:57.6
35,8,06:12.6
35,8,06:27.6
35,8,06:42.6
35,8,06:57.6
35,8,07:12.6
35,8,07:27.6
36,8,07:42.6
35,8,07:57.6
35,8,08:12.6
35,8,08:27.6
35,8,08:42.6
35,8,08:57.6
35,8,09:12.6
35,8,09:27.6
35,8,09:42.6
35,8,09:57.6
35,8,10:12.6
35,8,10:27.6
35,8,10:42.6
35,8,10:57.6
35,8,11:12.6
35,8,11:27.6
35,8,11:42.6
35,8,11:57.6
35,8,12:12.6
35,8,12:27.6
35,8,12:42.6
35,8,12:57.6
35,8,13:12.6
35,8,13:27.6
35,8,13:42.6
35,8,13:57.6
35,8,14:12.6
35,8,14:27.6
35,8,14:42.6
35,8,14:57.6
35,8,15:12.6
35,8,15:27.6
35,8,15:42.6
35,8,15:57.6
35,8,16:12.6
35,8,16:27.6
35,8,16:42.6
35,8,16:57.6
35,8,17:12.6
35,8,17:27.6
35,8,17:42.6
35,8,17:57.6
35,8,18:12.6
35,8,18:27.6
35,8,18:42.6
36,8,18:57.6
36,8,19:12.6
36,8,19:27.6
35,8,19:42.6
35,8,19:57.6
36,8,20:12.6
36,8,20:27.6
36,8,20:42.6
36,8,20:57.6
36,8,21:12.6
36,8,21:27.6
36,8,21:42.6
36,8,21:57.6
36,8,22:12.6
36,8,22:27.6
36,8,22:42.6
36,8,22:57.6
36,8,23:12.6
36,8,23:27.6
36,8,23:42.6
36,8,23:57.6
36,8,24:12.6
36,8,24:27.6
36,8,24:42.6
36,8,24:57.6
36,8,25:12.6
36,8,25:27.6
36,8,25:42.6
36,8,25:57.6
36,8,26:12.6
36,8,26:27.6
36,8,26:42.6
36,8,26:57.6
36,8,27:12.6
36,8,27:27.6
36,8,27:42.6
36,8,27:57.6
36,8,28:12.6
36,8,28:27.6
36,8,28:42.6
36,8,28:57.6
36,8,29:12.6
36,8,29:27.6
36,8,29:42.6
36,8,29:57.6
36,8,30:12.6
36,8,30:27.6
36,8,30:42.6
36,8,30:57.6
36,8,31:12.6
36,8,31:27.6
36,8,31:42.6
36,8,31:57.6
36,8,32:12.6
36,8,32:27.6
36,8,32:42.6
36,8,32:57.6
36,8,33:12.6
36,8,33:27.6
36,8,33:42.6
36,8,33:57.6
36,8,34:12.6
36,8,34:27.6
36,8,34:42.6
36,8,34:57.6
36,8,35:12.6
36,8,35:27.6
36,8,35:42.6
36,8,35:57.6
36,8,36:12.6
36,8,36:27.6
36,8,36:42.6
36,8,36:57.6
36,8,37:12.6
36,8,37:27.6
36,8,37:42.6
36,8,37:57.6
36,8,38:12.6
36,8,38:27.6
36,8,38:42.6
36,8,38:57.6
36,8,39:12.6
36,8,39:27.6
36,8,39:42.6
36,8,39:57.6
36,8,40:12.6
36,8,40:27.6
36,8,40:42.6
36,8,40:57.6
36,8,41:12.6
36,8,41:27.6
36,8,41:42.6
36,8,41:57.6
36,8,42:12.6
36,8,42:27.6
36,8,42:42.6
36,8,42:57.6
36,8,43:12.6
36,8,43:27.6
36,8,43:42.6
36,8,43:57.6
36,8,44:12.6
36,8,44:27.6
36,8,44:42.6
36,8,44:57.6
36,8,45:12.6
36,8,45:27.6
36,8,45:42.6
36,8,45:57.6
36,8,46:12.6
36,8,46:27.6
36,8,46:42.6
36,8,46:57.6
36,8,47:12.6
36,8,47:27.6
36,8,47:42.6
36,8,47:57.6
36,8,48:12.6
36,8,48:27.6
36,8,48:42.6
36,8,48:57.6
36,8,49:12.6
36,8,49:27.6
36,8,49:42.6
36,8,49:57.6
36,8,50:12.6
36,8,50:27.6
36,8,50:42.6
36,8,50:57.6
36,8,51:12.6
36,8,51:27.6
36,8,51:42.6
36,8,51:57.6
36,8,52:12.6
36,8,52:27.6
36,8,52:42.6
36,8,52:57.6
36,8,53:12.6
36,8,53:27.6
36,8,53:42.6
36,8,53:57.6
36,8,54:12.6
36,8,54:27.6
36,8,54:42.6
36,8,54:57.6
36,8,55:12.6
36,8,55:27.6
36,8,55:42.6
36,8,55:57.6
36,8,56:12.6
36,8,56:27.6
36,8,56:42.6
36,8,56:57.6
36,8,57:12.6
36,8,57:27.6
36,8,57:42.6
36,8,57:57.6
36,8,58:12.6
36,8,58:27.6
36,8,58:42.6
36,8,58:57.6
36,8,59:12.6
36,8,59:27.6
35,8,59:42.6
36,8,59:57.6
36,8,00:12.6
36,8,00:27.6
36,8,00:42.6
36,8,00:57.6
36,8,01:12.6
36,8,01:27.6
36,8,01:42.6
35,8,01:57.6
36,8,02:12.6
36,8,02:27.6
36,8,02:42.6
36,8,02:57.6
35,8,03:12.6
35,8,03:27.6
35,8,03:42.6
35,8,03:57.6
35,8,04:12.6
36,8,04:27.6
35,8,04:42.6
35,8,04:57.6
35,8,05:12.6
35,8,05:27.6
36,8,05:42.6
36,8,05:57.6
36,8,06:12.6
35,8,06:27.6
35,8,06:42.6
35,8,06:57.6
35,8,07:12.6
36,8,07:27.6
35,8,07:42.6
35,8,07:57.6
36,8,08:12.6
35,8,08:27.6
35,8,08:42.6
36,8,08:57.6
35,8,09:12.6
35,8,09:27.6
35,8,09:42.6
35,8,09:57.6
35,8,10:12.6
35,8,10:27.6
35,8,10:42.6
35,8,10:57.6
35,8,11:12.6
35,8,11:27.6
35,8,11:42.6
35,8,11:57.6
35,8,12:12.6
35,8,12:27.6
35,8,12:42.6
35,8,12:57.6
35,8,13:12.6
35,8,13:27.6
35,8,13:42.6
35,8,13:57.6
35,8,14:12.6
35,8,14:27.6
34,8,14:42.6
35,8,14:57.6
34,8,15:12.6
34,8,15:27.6
34,8,15:42.6
34,8,15:57.6
34,8,16:12.6
35,8,16:27.6
34,8,16:42.6
34,8,16:57.6
34,8,17:12.6
34,8,17:27.6
34,8,17:42.6
34,8,17:57.6
34,8,18:12.6
34,8,18:27.6
34,8,18:42.6
34,8,18:57.6
34,8,19:12.6
34,8,19:27.6
34,8,19:42.6
34,8,19:57.6
34,8,20:12.6
34,8,20:27.6
34,8,20:42.6
34,8,20:57.6
34,8,21:12.6
34,8,21:27.6
34,8,21:42.6
34,8,21:57.6
34,8,22:12.6
34,8,22:27.6
33,8,22:42.6
33,8,22:57.6
34,8,23:12.6
34,8,23:27.6
33,8,23:42.6
33,8,23:57.6
33,8,24:12.6
33,8,24:27.6
34,8,24:42.6
33,8,24:57.6
33,8,25:12.6
33,8,25:27.6
33,8,25:42.6
33,8,25:57.6
33,8,26:12.6
33,8,26:27.6
33,8,26:42.6
33,8,26:57.6
33,8,27:12.6
33,8,27:27.6
33,8,27:42.6
33,8,27:57.6
33,8,28:12.6
33,8,28:27.6
33,8,28:42.6
33,8,28:57.6
33,8,29:12.6
33,8,29:27.6
33,8,29:42.6
33,8,29:57.6
33,8,30:12.6
33,8,30:27.6
33,8,30:42.6
33,8,30:57.6
33,8,31:12.6
33,8,31:27.6
33,8,31:42.6
33,8,31:57.6
33,8,32:12.6
33,8,32:27.6
33,8,32:42.6
33,8,32:57.6
33,8,33:12.6
33,8,33:27.6
33,8,33:42.6
33,8,33:57.6
32,8,34:12.6
33,8,34:27.6
33,8,34:42.6
33,8,34:57.6
33,8,35:12.6
32,8,35:27.6
32,7,35:42.6
32,7,35:57.6
33,8,36:12.6
33,8,36:27.6
32,7,36:42.6
32,8,36:57.6
33,7,37:12.6
32,7,37:27.6
33,8,37:42.6
32,7,37:57.6
32,7,38:12.6
32,7,38:27.6
32,7,38:42.6
32,7,38:57.6
32,7,39:12.6
32,7,39:27.6
32,7,39:42.6
32,7,39:57.6
32,7,40:12.6
32,7,40:27.6
32,7,40:42.6
32,7,40:57.6
32,7,41:12.6
32,7,41:27.6
32,7,41:42.6
32,7,41:57.6
32,7,42:12.6
32,7,42:27.6
32,7,42:42.6
32,7,42:57.6
32,7,43:12.6
32,7,43:27.6
32,7,43:42.6
32,7,43:57.6
32,7,44:12.6
32,7,44:27.6
32,7,44:42.6
32,7,44:57.6
32,7,45:12.6
32,7,45:27.6
32,7,45:42.6
32,7,45:57.6
32,7,46:12.6
32,7,46:27.6
32,7,46:42.6
32,7,46:57.6
32,7,47:12.6
32,7,47:27.6
32,7,47:42.6
32,7,47:57.6
32,7,48:12.6
31,7,48:27.6
31,7,48:42.6
31,7,48:57.6
31,7,49:12.6
31,7,49:27.6
31,7,49:42.6
31,7,49:57.6
31,7,50:12.6
32,7,50:27.6
31,7,50:42.6
31,7,50:57.6
31,7,51:12.6
31,7,51:27.6
31,7,51:42.6
31,7,51:57.6
31,7,52:12.6
31,7,52:27.6
31,7,52:42.6
31,7,52:57.6
31,7,53:12.6
31,7,53:27.6
31,7,53:42.6
31,7,53:57.6
31,7,54:12.6
31,7,54:27.6
31,7,54:42.6
31,7,54:57.6
31,7,55:12.6
31,7,55:27.6
31,7,55:42.6
31,7,55:57.6
31,7,56:12.6
31,7,56:27.6
31,7,56:42.6
31,7,56:57.6
31,7,57:12.6
31,7,57:27.6
31,7,57:42.6
31,7,57:57.6
31,7,58:12.6
31,7,58:27.6
31,7,58:42.6
31,7,58:57.6
31,7,59:12.6
31,7,59:27.6
31,7,59:42.6
31,7,59:57.6
31,7,00:12.6
31,7,00:27.6
31,7,00:42.6
31,7,00:57.6
31,7,01:12.6
31,7,01:27.6
31,7,01:42.6
31,7,01:57.6
31,7,02:12.6
31,7,02:27.6
31,7,02:42.6
30,7,02:57.6
31,7,03:12.6
30,7,03:27.6
30,7,03:42.6
31,7,03:57.6
31,7,04:12.6
31,7,04:27.6
31,7,04:42.6
30,7,04:57.6
30,7,05:12.6
30,7,05:27.6
30,7,05:42.6
31,7,05:57.6
30,7,06:12.6
30,7,06:27.6
30,7,06:42.6
30,7,06:57.6
30,7,07:12.6
30,7,07:27.6
30,7,07:42.6
30,7,07:57.6
30,7,08:12.6
30,7,08:27.6
30,7,08:42.6
30,7,08:57.6
30,7,09:12.6
30,7,09:27.6
30,7,09:42.6
30,7,09:57.6
30,7,10:12.6
30,7,10:27.6
30,7,10:42.6
30,7,10:57.6
30,7,11:12.6
30,7,11:27.6
30,7,11:42.6
30,7,11:57.6
30,7,12:12.6
29,7,12:27.6
30,6,12:42.6
29,6,12:57.6
30,6,13:12.6
30,7,13:27.6
29,6,13:42.6
29,7,13:57.6
30,7,14:12.6
29,6,14:27.6
29,6,14:42.6
29,6,14:57.6
29,6,15:12.6
29,6,15:27.6
29,6,15:42.6
29,6,15:57.6
29,6,16:12.6
29,6,16:27.6
29,6,16:42.6
29,6,16:57.6
29,6,17:12.6
29,6,17:27.6
29,6,17:42.6
29,6,17:57.6
29,6,18:12.6
29,6,18:27.6
29,6,18:42.6
29,6,18:57.6
29,6,19:12.6
29,6,19:27.6
29,6,19:42.6
29,6,19:57.6
29,6,20:12.6
29,6,20:27.6
29,6,20:42.6
29,6,20:57.6
29,6,21:12.6
29,6,21:27.6
29,6,21:42.6
29,6,21:57.6
29,6,22:12.6
29,6,22:27.6
29,6,22:42.6
29,6,22:57.6
29,6,23:12.6
29,6,23:27.6
28,6,23:42.6
28,6,23:57.6
28,6,24:12.6
28,6,24:27.6
29,6,24:42.6
28,6,24:57.6
28,6,25:12.6
28,6,25:27.6
28,6,25:42.6
28,6,25:57.6
28,6,26:12.6
28,6,26:27.6
28,6,26:42.6
28,6,26:57.6
28,6,27:12.6
28,6,27:27.6
28,6,27:42.6
28,6,27:57.6
28,6,28:12.6
28,6,28:27.6
28,6,28:42.6
28,6,28:57.6
28,6,29:12.6
28,6,29:27.6
28,6,29:42.6
28,6,29:57.6
28,6,30:12.6
28,6,30:27.6
28,6,30:42.6
28,6,30:57.6
28,6,31:12.6
28,6,31:27.6
28,6,31:42.6
28,6,31:57.6
28,6,32:12.6
28,6,32:27.6
28,6,32:42.6
28,6,32:57.6
28,6,33:12.6
28,6,33:27.6
28,6,33:42.6
28,6,33:57.6
28,6,34:12.6
28,6,34:27.6
27,6,34:42.6
28,6,34:57.6
28,6,35:12.6
27,6,35:27.6
27,6,35:42.6
27,6,35:57.6
27,6,36:12.6
27,6,36:27.6
27,6,36:42.6
27,6,36:57.6
27,6,37:12.6
27,6,37:27.6
27,6,37:42.6
27,6,37:57.6
27,6,38:12.6
27,6,38:27.6
27,6,38:42.6
27,6,38:57.6
27,6,39:12.6
27,6,39:27.6
27,6,39:42.6
27,6,39:57.6
27,6,40:12.6
27,6,40:27.6
27,6,40:42.6
27,6,40:57.6
27,6,41:12.6
27,6,41:27.6
27,6,41:42.6
27,6,41:57.6
27,6,42:12.6
27,6,42:27.6
27,6,42:42.6
27,6,42:57.6
27,6,43:12.6
27,6,43:27.6
27,6,43:42.6
27,6,43:57.6
27,6,44:12.6
27,6,44:27.6
27,6,44:42.6
27,6,44:57.6
27,6,45:12.6
27,6,45:27.6
27,6,45:42.6
27,6,45:57.6
27,6,46:12.6
27,6,46:27.6
27,6,46:42.6
27,6,46:57.6
27,6,47:12.6
27,6,47:27.6
27,6,47:42.6
27,6,47:57.6
27,6,48:12.6
27,6,48:27.6
27,6,48:42.6
27,6,48:57.6
27,6,49:12.6
27,6,49:27.6
27,6,49:42.6
27,6,49:57.6
27,6,50:12.6
27,6,50:27.6
27,6,50:42.6
27,6,50:57.6
27,6,51:12.6
27,6,51:27.6
27,6,51:42.6
27,6,51:57.6
27,6,52:12.6
27,6,52:27.6
28,6,52:42.6
27,6,52:57.6
27,6,53:12.6
27,6,53:27.6
28,6,53:42.6
27,6,53:57.6
28,6,54:12.6
28,6,54:27.6
28,6,54:42.6
28,6,54:57.6
27,6,55:12.6
28,6,55:27.6
28,6,55:42.6
28,6,55:57.6
28,6,56:12.6
28,6,56:27.6
28,6,56:42.6
28,6,56:57.6
28,6,57:12.6
28,6,57:27.6
28,6,57:42.6
28,6,57:57.6
28,6,58:12.6
28,6,58:27.6
28,6,58:42.6
28,6,58:57.6
28,6,59:12.6
28,6,59:27.6
28,6,59:42.6
28,6,59:57.6
28,6,00:12.6
28,6,00:27.6
28,6,00:42.6
28,6,00:57.6
28,6,01:12.6
29,6,01:27.6
29,6,01:42.6
28,6,01:57.6
29,6,02:12.6
29,6,02:27.6
29,6,02:42.6
28,6,02:57.6
29,6,03:12.6
29,6,03:27.6
29,6,03:42.6
29,6,03:57.6
29,6,04:12.6
29,6,04:27.6
29,6,04:42.6
29,6,04:57.6
29,6,05:12.6
29,6,05:27.6
29,6,05:42.6
29,6,05:57.6
29,6,06:12.6
29,6,06:27.6
29,6,06:42.6
29,6,06:57.6
30,6,07:12.6
30,6,07:27.6
30,6,07:42.6
29,6,07:57.6
30,6,08:12.6
30,6,08:27.6
30,6,08:42.6
29,6,08:57.6
30,6,09:12.6
30,6,09:27.6
30,6,09:42.6
30,6,09:57.6
30,6,10:12.6
30,6,10:27.6
30,6,10:42.6
30,6,10:57.6
30,6,11:12.6
30,6,11:27.6
30,6,11:42.6
31,6,11:57.6
31,6,12:12.6
31,6,12:27.6
31,6,12:42.6
30,6,12:57.6
31,6,13:12.6
31,6,13:27.6
31,6,13:42.6
31,6,13:57.6
31,6,14:12.6
31,6,14:27.6
31,6,14:42.6
31,6,14:57.6
31,6,15:12.6
31,6,15:27.6
31,6,15:42.6
31,6,15:57.6
31,6,16:12.6
31,6,16:27.6
31,6,16:42.6
32,6,16:57.6
31,6,17:12.6
31,6,17:27.6
31,6,17:42.6
31,6,17:57.6
32,6,18:12.6
32,6,18:27.6
31,6,18:42.6
31,6,18:57.6
32,6,19:12.6
32,6,19:27.6
32,6,19:42.6
32,6,19:57.6
32,6,20:12.6
32,6,20:27.6
32,6,20:42.6
32,7,20:57.6
32,7,21:12.6
32,7,21:27.6
32,7,21:42.6
32,7,21:57.6
32,7,22:12.6
32,7,22:27.6
32,7,22:42.6
32,7,22:57.6
32,7,23:12.6
33,7,23:27.6
32,7,23:42.6
32,7,23:57.6
33,7,24:12.6
33,7,24:27.6
33,7,24:42.6
32,7,24:57.6
33,7,25:12.6
33,7,25:27.6
33,7,25:42.6
33,7,25:57.6
33,7,26:12.6
33,7,26:27.6
33,7,26:42.6
33,7,26:57.6
33,7,27:12.6
33,7,27:27.6
33,7,27:42.6
33,7,27:57.6
33,7,28:12.6
33,7,28:27.6
33,7,28:42.6
33,7,28:57.6
33,7,29:12.6
33,7,29:27.6
33,7,29:42.6
34,7,29:57.6
34,7,30:12.6
34,7,30:27.6
34,7,30:42.6
33,7,30:57.6
34,7,31:12.6
34,7,31:27.6
34,7,31:42.6
34,7,31:57.6
34,7,32:12.6
34,7,32:27.6
34,7,32:42.6
34,7,32:57.6
34,7,33:12.6
34,7,33:27.6
34,7,33:42.6
34,7,33:57.6
34,7,34:12.6
34,7,34:27.6
34,7,34:42.6
34,7,34:57.6
34,7,35:12.6
34,7,35:27.6
34,7,35:42.6
34,7,35:57.6
34,7,36:12.6
34,7,36:27.6
34,7,36:42.6
34,7,36:57.6
34,7,37:12.6
35,7,37:27.6
35,7,37:42.6
34,7,37:57.6
35,7,38:12.6
35,7,38:27.6
35,7,38:42.6
35,7,38:57.6
35,7,39:12.6
35,7,39:27.6
35,7,39:42.6
35,7,39:57.6
35,7,40:12.6
35,7,40:27.6
35,7,40:42.6
35,7,40:57.6
35,7,41:12.6
35,7,41:27.6
35,7,41:42.6
35,7,41:57.6
35,7,42:12.6
35,7,42:27.6
35,7,42:42.6
36,7,42:57.6
36,7,43:12.6
36,7,43:27.6
36,7,43:42.6
36,7,43:57.6
36,7,44:12.6
35,7,44:27.6
36,7,44:42.6
36,7,44:57.6
36,7,45:12.6
36,7,45:27.6
36,7,45:42.6
36,7,45:57.6
36,7,46:12.6
36,7,46:27.6
36,7,46:42.6
36,7,46:57.6
36,7,47:12.6
36,7,47:27.6
36,7,47:42.6
36,7,47:57.6
36,7,48:12.6
36,7,48:27.6
36,7,48:42.6
36,7,48:57.6
36,7,49:12.6
36,7,49:27.6
36,7,49:42.6
36,7,49:57.6
36,7,50:12.6
36,7,50:27.6
36,7,50:42.6
36,7,50:57.6
36,7,51:12.6
36,7,51:27.6
36,7,51:42.6
36,7,51:57.6
36,7,52:12.6
36,7,52:27.6
37,7,52:42.6
36,7,52:57.6
36,7,53:12.6
36,7,53:27.6
37,7,53:42.6
36,7,53:57.6
36,7,54:12.6
36,7,54:27.6
36,7,54:42.6
36,7,54:57.6
36,7,55:12.6
37,7,55:27.6
37,7,55:42.6
37,7,55:57.6
37,7,56:12.6
37,7,56:27.6
37,7,56:42.6
37,8,56:57.6
37,7,57:12.6
37,8,57:27.6
37,8,57:42.6
37,7,57:57.6
37,7,58:12.6
37,8,58:27.6
37,8,58:42.6
37,8,58:57.6
37,8,59:12.6
37,8,59:27.6
37,8,59:42.6
37,8,59:57.6
37,8,00:12.6
37,8,00:27.6
37,8,00:42.6
37,8,00:57.6
37,8,01:12.6
37,8,01:27.6
37,8,01:42.6
37,8,01:57.6
37,8,02:12.6
37,8,02:27.6
37,8,02:42.6
37,8,02:57.6
37,8,03:12.6
37,8,03:27.6
37,8,03:42.6
37,8,03:57.6
37,8,04:12.6
37,8,04:27.6
37,8,04:42.6
37,8,04:57.6
37,8,05:12.6
37,8,05:27.6
37,8,05:42.6
37,8,05:57.6
37,8,06:12.6
37,8,06:27.6
37,8,06:42.6
37,8,06:57.6
37,8,07:12.6
37,8,07:27.6
38,8,07:42.6
37,8,07:57.6
37,8,08:12.6
37,8,08:27.6
37,8,08:42.6
37,8,08:57.6
37,8,09:12.6
37,8,09:27.6
37,8,09:42.6
37,8,09:57.6
38,8,10:12.6
38,8,10:27.6
38,8,10:42.6
38,8,10:57.6
38,8,11:12.6
38,8,11:27.6
38,8,11:42.6
37,8,11:57.6
37,8,12:12.6
37,8,12:27.6
37,8,12:42.6
37,8,12:57.6
38,8,13:12.6
37,8,13:27.6
38,8,13:42.6
38,8,13:57.6
37,8,14:12.6
37,8,14:27.6
38,8,14:42.6
38,8,14:57.6
37,8,15:12.6
38,8,15:27.6
38,8,15:42.6
37,8,15:57.6
38,8,16:12.6
38,8,16:27.6
38,8,16:42.6
38,8,16:57.6
37,8,17:12.6
37,8,17:27.6
38,8,17:42.6
38,8,17:57.6
38,8,18:12.6
38,8,18:27.6
38,8,18:42.6
38,8,18:57.6
38,8,19:12.6
38,8,19:27.6
38,8,19:42.6
38,8,19:57.6
38,8,20:12.6
38,8,20:27.6
38,8,20:42.6
38,8,20:57.6
38,8,21:12.6
38,8,21:27.6
38,8,21:42.6
38,8,21:57.6
38,8,22:12.6
38,8,22:27.6
38,8,22:42.6
38,8,22:57.6
38,8,23:12.6
38,8,23:27.6
38,8,23:42.6
38,8,23:57.6
38,8,24:12.6
38,8,24:27.6
38,8,24:42.6
38,8,24:57.6
38,8,25:12.6
38,8,25:27.6
39,8,25:42.6
39,8,25:57.6
38,8,26:12.6
38,8,26:27.6
38,8,26:42.6
38,8,26:57.6
38,8,27:12.6
38,8,27:27.6
38,8,27:42.6
38,8,27:57.6
38,8,28:12.6
39,8,28:27.6
39,8,28:42.6
38,8,28:57.6
39,8,29:12.6
39,8,29:27.6
39,8,29:42.6
39,8,29:57.6
39,8,30:12.6
39,8,30:27.6
39,8,30:42.6
39,8,30:57.6
39,8,31:12.6
39,8,31:27.6
38,8,31:42.6
39,8,31:57.6
39,8,32:12.6
39,8,32:27.6
38,8,32:42.6
39,8,32:57.6
39,8,33:12.6
39,8,33:27.6
39,8,33:42.6
39,8,33:57.6
39,8,34:12.6
39,8,34:27.6
39,8,34:42.6
39,8,34:57.6
39,8,35:12.6
39,8,35:27.6
39,8,35:42.6
39,8,35:57.6
39,8,36:12.6
39,8,36:27.6
39,8,36:42.6
39,8,36:57.6
39,8,37:12.6
39,8,37:27.6
39,8,37:42.6
39,8,37:57.6
39,8,38:12.6
39,8,38:27.6
39,8,38:42.6
39,8,38:57.6
39,8,39:12.6
39,8,39:27.6
39,8,39:42.6
39,8,39:57.6
39,8,40:12.6
39,8,40:27.6
39,8,40:42.6
39,8,40:57.6
39,8,41:12.6
39,8,41:27.6
39,8,41:42.6
39,8,41:57.6
39,8,42:12.6
39,8,42:27.6
39,8,42:42.6
39,8,42:57.6
39,8,43:12.6
39,8,43:27.6
39,8,43:42.6
39,8,43:57.6
39,8,44:12.6
39,8,44:27.6
39,8,44:42.6
39,8,44:57.6
39,8,45:12.6
39,8,45:27.6
39,8,45:42.6
39,8,45:57.6
39,8,46:12.6
39,8,46:27.6
39,8,46:42.6
39,8,46:57.6
39,8,47:12.6
39,8,47:27.6
39,8,47:42.6
39,8,47:57.6
39,8,48:12.6
39,8,48:27.6
39,8,48:42.6
39,8,48:57.6
39,8,49:12.6
39,8,49:27.6
39,8,49:42.6
40,8,49:57.6
39,8,50:12.6
39,8,50:27.6
39,8,50:42.6
40,8,50:57.6
39,8,51:12.6
39,8,51:27.6
39,8,51:42.6
39,8,51:57.6
39,8,52:12.6
39,8,52:27.6
39,8,52:42.6
39,8,52:57.6
39,8,53:12.6
39,8,53:27.6
39,8,53:42.6
39,8,53:57.6
39,8,54:12.6
39,8,54:27.6
39,8,54:42.6
39,8,54:57.6
39,8,55:12.6
39,8,55:27.6
39,8,55:42.6
39,8,55:57.6
39,8,56:12.6
40,8,56:27.6
40,8,56:42.6
40,8,56:57.6
39,8,57:12.6
39,8,57:27.6
40,8,57:42.6
39,8,57:57.6
39,8,58:12.6
39,8,58:27.6
39,8,58:42.6
39,8,58:57.6
40,8,59:12.6
40,8,59:27.6
40,8,59:42.6
40,9,59:57.6
39,8,00:12.6
39,8,00:27.6
40,9,00:42.6
40,8,00:57.6
39,8,01:12.6
39,8,01:27.6
40,9,01:42.6
40,9,01:57.6
40,9,02:12.6
40,9,02:27.6
39,9,02:42.6
40,9,02:57.6
40,9,03:12.6
40,9,03:27.6
40,9,03:42.6
40,9,03:57.6
40,9,04:12.6
40,9,04:27.6
40,9,04:42.6
40,9,04:57.6
40,9,05:12.6
40,9,05:27.6
40,9,05:42.6
40,9,05:57.6
40,9,06:12.6
40,9,06:27.6
40,9,06:42.6
40,9,06:57.6
40,9,07:12.6
39,9,07:27.6
39,8,07:42.6
40,9,07:57.6
40,9,08:12.6
40,9,08:27.6
40,9,08:42.6
40,9,08:57.6
40,9,09:12.6
40,9,09:27.6
40,9,09:42.6
40,9,09:57.6
40,9,10:12.6
40,9,10:27.6
40,9,10:42.6
40,9,10:57.6
40,9,11:12.6
40,9,11:27.6
40,9,11:42.6
40,9,11:57.6
40,9,12:12.6
40,9,12:27.6
40,9,12:42.6
40,9,12:57.6
40,9,13:12.6
40,9,13:27.6
40,9,13:42.6
40,9,13:57.6
39,9,14:12.6
40,9,14:27.6
40,9,14:42.6
39,9,14:57.6
40,9,15:12.6
39,9,15:27.6
39,9,15:42.6
39,9,15:57.6
39,9,16:12.6
40,9,16:27.6
39,9,16:42.6
39,9,16:57.6
39,9,17:12.6
39,8,17:27.6
39,9,17:42.6
39,9,17:57.6
39,8,18:12.6
39,8,18:27.6
39,8,18:42.6
39,9,18:57.6
39,9,19:12.6
39,9,19:27.6
39,9,19:42.6
39,8,19:57.6
39,8,20:12.6
39,8,20:27.6
39,8,20:42.6
39,8,20:57.6
39,8,21:12.6
39,8,21:27.6
39,8,21:42.6
39,8,21:57.6
39,8,22:12.6
39,8,22:27.6
39,8,22:42.6
39,8,22:57.6
39,8,23:12.6
39,8,23:27.6
39,8,23:42.6
39,8,23:57.6
39,8,24:12.6
39,8,24:27.6
39,8,24:42.6
39,8,24:57.6
39,8,25:12.6
39,8,25:27.6
39,8,25:42.6
39,8,25:57.6
39,8,26:12.6
38,8,26:27.6
38,8,26:42.6
38,8,26:57.6
39,8,27:12.6
39,8,27:27.6
38,8,27:42.6
38,8,27:57.6
38,8,28:12.6
38,8,28:27.6
38,8,28:42.6
38,8,28:57.6
38,8,29:12.6
39,8,29:27.6
38,8,29:42.6
38,8,29:57.6
38,8,30:12.6
38,8,30:27.6
38,8,30:42.6
38,8,30:57.6
38,8,31:12.6
38,8,31:27.6
38,8,31:42.6
38,8,31:57.6
38,8,32:12.6
38,8,32:27.6
38,8,32:42.6
38,8,32:57.6
38,8,33:12.6
38,8,33:27.6
38,8,33:42.6
38,8,33:57.6
38,8,34:12.6
38,8,34:27.6
38,8,34:42.6
38,8,34:57.6
38,8,35:12.6
38,8,35:27.6
38,8,35:42.6
38,8,35:57.6
38,8,36:12.6
38,8,36:27.6
38,8,36:42.6
38,8,36:57.6
38,8,37:12.6
38,8,37:27.6
38,8,37:42.6
38,8,37:57.6
38,8,38:12.6
37,8,38:27.6
37,8,38:42.6
37,8,38:57.6
37,8,39:12.6
37,8,39:27.6
37,8,39:42.6
37,8,39:57.6
37,8,40:12.6
37,8,40:27.6
37,8,40:42.6
38,8,40:57.6
37,8,41:12.6
37,8,41:27.6
37,8,41:42.6
37,8,41:57.6
37,8,42:12.6
37,8,42:27.6
37,8,42:42.6
37,8,42:57.6
37,8,43:12.6
37,8,43:27.6
37,8,43:42.6
37,8,43:57.6
37,8,44:12.6
37,8,44:27.6
37,8,44:42.6
37,8,44:57.6
37,8,45:12.6
37,8,45:27.6
37,8,45:42.6
37,8,45:57.6
37,8,46:12.6
37,8,46:27.6
37,8,46:42.6
37,8,46:57.6
37,8,47:12.6
37,8,47:27.6
37,8,47:42.6
37,8,47:57.6
37,8,48:12.6
36,8,48:27.6
37,8,48:42.6
36,8,48:57.6
36,8,49:12.6
37,8,49:27.6
36,8,49:42.6
36,8,49:57.6
36,8,50:12.6
37,8,50:27.6
37,8,50:42.6
37,8,50:57.6
37,8,51:12.6
36,8,51:27.6
36,8,51:42.6
36,8,51:57.6
35,8,52:12.6
35,8,52:27.6
35,8,52:42.6
34,8,52:57.6
34,8,53:12.6
34,8,53:27.6
34,8,53:42.6
33,8,53:57.6
33,8,54:12.6
32,8,54:27.6
32,8,54:42.6
32,7,54:57.6
32,7,55:12.6
31,7,55:27.6
31,7,55:42.6
31,7,55:57.6
31,7,56:12.6
29,7,56:27.6
30,7,56:42.6
29,7,56:57.6
30,7,57:12.6
29,7,57:27.6
29,7,57:42.6
28,6,57:57.6
29,6,58:12.6
28,6,58:27.6
28,6,58:42.6
28,6,58:57.6
27,6,59:12.6
28,6,59:27.6
27,6,59:42.6
27,6,59:57.6
26,6,00:12.6
27,6,00:27.6
27,6,00:42.6
26,6,00:57.6
26,6,01:12.6
26,6,01:27.6
26,6,01:42.6
26,6,01:57.6
26,5,02:12.6
25,5,02:27.6
25,5,02:42.6
25,5,02:57.6
25,5,03:12.6
24,5,03:27.6
24,5,03:42.6
24,5,03:57.6
24,5,04:12.6
24,5,04:27.6
24,5,04:42.6
24,5,04:57.6
24,5,05:12.6
24,5,05:27.6
23,5,05:42.6
23,5,05:57.6
23,5,06:12.6
23,5,06:27.6
23,5,06:42.6
23,4,06:57.6
23,4,07:12.6
23,4,07:27.6
22,4,07:42.6
22,4,07:57.6
22,4,08:12.6
22,4,08:27.6
22,4,08:42.6
22,4,08:57.6
22,4,09:12.6
21,4,09:27.6
21,4,09:42.6
21,4,09:57.6
21,4,10:12.6
21,4,10:27.6
21,4,10:42.6
21,4,10:57.6
21,4,11:12.6
21,4,11:27.6
21,4,11:42.6
21,4,11:57.6
20,4,12:12.6
20,4,12:27.6
21,4,12:42.6
20,4,12:57.6
20,4,13:12.6
20,4,13:27.6
20,4,13:42.6
20,4,13:57.6
20,4,14:12.6
86,12,14:27.6
29,5,14:42.6
26,4,14:57.6
24,4,15:12.6
24,4,15:27.6
24,4,15:42.6
24,4,15:57.6
24,4,16:12.6
24,4,16:27.6
23,4,16:42.6
23,4,16:57.6
23,4,17:12.6
23,4,17:27.6
23,4,17:42.6
23,4,17:57.6
23,4,18:12.6
22,4,18:27.6
22,4,18:42.6
23,4,18:57.6
23,4,19:12.6
23,4,19:27.6
22,4,19:42.6
22,4,19:57.6
23,4,20:12.6
22,4,20:27.6
23,4,20:42.6
23,4,20:57.6
23,4,21:12.6
23,4,21:27.6
23,4,21:42.6
22,4,21:57.6
22,4,22:12.6
22,4,22:27.6
22,4,22:42.6
22,4,22:57.6
22,4,23:12.6
22,4,23:27.6
22,4,23:42.6
22,4,23:57.6
22,4,24:12.6
22,4,24:27.6
22,4,24:42.6
22,4,24:57.6
22,4,25:12.6
22,4,25:27.6
22,4,25:42.6
22,4,25:57.6
22,4,26:12.6
22,4,26:27.6
23,4,26:42.6
22,4,26:57.6
23,4,27:12.6
23,4,27:27.6
23,4,27:42.6
23,4,27:57.6
23,4,28:12.6
23,4,28:27.6
23,4,28:42.6
23,4,28:57.6
23,4,29:12.6
23,4,29:27.6
23,4,29:42.6
23,4,29:57.6
23,4,30:12.6
23,4,30:27.6
23,4,30:42.6
23,4,30:57.6
23,4,31:12.6
23,4,31:27.6
23,4,31:42.6
23,4,31:57.6
23,4,32:12.6
23,4,32:27.6
23,4,32:42.6
23,4,32:57.6
23,4,33:12.6
23,4,33:27.6
23,4,33:42.6
23,4,33:57.6
23,4,34:12.6
23,4,34:27.6
23,4,34:42.6
23,4,34:57.6
23,4,35:12.6
23,4,35:27.6
23,4,35:42.6
23,4,35:57.6
23,4,36:12.6
23,4,36:27.6
23,4,36:42.6
23,4,36:57.6
23,4,37:12.6
23,4,37:27.6
23,4,37:42.6
23,4,37:57.6
23,4,38:12.6
23,4,38:27.6
23,4,38:42.6
23,4,38:57.6
23,4,39:12.6
23,4,39:27.6
23,4,39:42.6
23,4,39:57.6
23,4,40:12.6
23,4,40:27.6
23,4,40:42.6
23,4,40:57.6
23,4,41:12.6
23,4,41:27.6
23,4,41:42.6
23,4,41:57.6
23,4,42:12.6
23,4,42:27.6
23,4,42:42.6
23,4,42:57.6
22,4,43:12.6
23,4,43:27.6
22,4,43:42.6
22,4,43:57.6
22,4,44:12.6
23,4,44:27.6
22,4,44:42.6
22,4,44:57.6
23,4,45:12.6
22,4,45:27.6
22,4,45:42.6
22,4,45:57.6
27,4,46:12.6
26,5,46:27.6
25,5,46:42.6
26,5,46:57.6
27,5,47:12.6
26,6,47:27.6
26,6,47:42.6
27,6,47:57.6
27,6,48:12.6
26,6,48:27.6
26,6,48:42.6
26,6,48:57.6
27,6,49:12.6
27,6,49:27.6
27,6,49:42.6
27,6,49:57.6
26,6,50:12.6
27,6,50:27.6
26,6,50:42.6
26,6,50:57.6
27,6,51:12.6
27,6,51:27.6
27,6,51:42.6
27,6,51:57.6
27,6,52:12.6
27,6,52:27.6
27,6,52:42.6
26,6,52:57.6
27,6,53:12.6
27,6,53:27.6
28,6,53:42.6
27,6,53:57.6
27,6,54:12.6
28,6,54:27.6
27,7,54:42.6
27,6,54:57.6
28,6,55:12.6
27,7,55:27.6
27,6,55:42.6
27,7,55:57.6
27,7,56:12.6
28,7,56:27.6
28,6,56:42.6
27,7,56:57.6
28,7,57:12.6
27,6,57:27.6
27,7,57:42.6
27,7,57:57.6
28,7,58:12.6
27,7,58:27.6
26,7,58:42.6
29,7,58:57.6
27,6,59:12.6
27,7,59:27.6
27,7,59:42.6
27,7,59:57.6
27,7,00:12.6
28,7,00:27.6
28,7,00:42.6
26,7,00:57.6
27,7,01:12.6
27,7,01:27.6
27,7,01:42.6
28,7,01:57.6
27,7,02:12.6
27,7,02:27.6
26,7,02:42.6
26,7,02:57.6
27,7,03:12.6
26,7,03:27.6
26,6,03:42.6
26,6,03:57.6
26,6,04:12.6
26,6,04:27.6
27,7,04:42.6
25,7,04:57.6
26,6,05:12.6
27,7,05:27.6
26,6,05:42.6
26,7,05:57.6
26,7,06:12.6
27,7,06:27.6
27,7,06:42.6
27,7,06:57.6
26,7,07:12.6
26,6,07:27.6
27,6,07:42.6
26,6,07:57.6
26,7,08:12.6
26,7,08:27.6
26,7,08:42.6
26,7,08:57.6
27,7,09:12.6
26,7,09:27.6
26,7,09:42.6
26,7,09:57.6
26,7,10:12.6
26,7,10:27.6
26,7,10:42.6
26,7,10:57.6
28,7,11:12.6
26,7,11:27.6
26,7,11:42.6
26,7,11:57.6
26,7,12:12.6
27,7,12:27.6
26,7,12:42.6
27,7,12:57.6
26,7,13:12.6
26,7,13:27.6
27,7,13:42.6
27,7,13:57.6
27,6,14:12.6
27,7,14:27.6
26,7,14:42.6
26,7,14:57.6
26,7,15:12.6
27,7,15:27.6
26,7,15:42.6
26,7,15:57.6
27,7,16:12.6
26,7,16:27.6
26,7,16:42.6
26,7,16:57.6
26,7,17:12.6
27,7,17:27.6
26,7,17:42.6
27,7,17:57.6
27,7,18:12.6
26,7,18:27.6
26,7,18:42.6
27,7,18:57.6
26,7,19:12.6
27,7,19:27.6
26,7,19:42.6
27,7,19:57.6
28,7,20:12.6
26,7,20:27.6
26,7,20:42.6
27,7,20:57.6
27,7,21:12.6
26,7,21:27.6
25,7,21:42.6
25,7,21:57.6
26,6,22:12.6
26,7,22:27.6
26,7,22:42.6
26,7,22:57.6
26,7,23:12.6
26,7,23:27.6
26,7,23:42.6
26,7,23:57.6
26,7,24:12.6
26,6,24:27.6
26,6,24:42.6
26,7,24:57.6
25,7,25:12.6
26,6,25:27.6
26,6,25:42.6
26,7,25:57.6
26,7,26:12.6
26,7,26:27.6
26,7,26:42.6
25,7,26:57.6
24,7,27:12.6
24,7,27:27.6
24,7,27:42.6
24,7,27:57.6
23,6,28:12.6
24,6,28:27.6
24,6,28:42.6
24,6,28:57.6
24,6,29:12.6
23,6,29:27.6
23,6,29:42.6
24,6,29:57.6
23,6,30:12.6
23,6,30:27.6
23,6,30:42.6
22,6,30:57.6
23,5,31:12.6
23,5,31:27.6
22,5,31:42.6
22,5,31:57.6
22,5,32:12.6
22,5,32:27.6
22,5,32:42.6
22,5,32:57.6
23,5,33:12.6
22,5,33:27.6
22,5,33:42.6
21,5,33:57.6
21,5,34:12.6
21,5,34:27.6
21,5,34:42.6
21,5,34:57.6
20,5,35:12.6
20,5,35:27.6
20,5,35:42.6
21,5,35:57.6
20,5,36:12.6
20,5,36:27.6
19,5,36:42.6
20,5,36:57.6
20,5,37:12.6
19,5,37:27.6
19,5,37:42.6
20,5,37:57.6
20,5,38:12.6
20,5,38:27.6
19,4,38:42.6
19,4,38:57.6
19,4,39:12.6
19,4,39:27.6
19,4,39:42.6
19,4,39:57.6
18,4,40:12.6
18,4,40:27.6
18,4,40:42.6
19,4,40:57.6
18,4,41:12.6
19,4,41:27.6
19,4,41:42.6
19,4,41:57.6
19,4,42:12.6
18,4,42:27.6
18,4,42:42.6
18,4,42:57.6
18,4,43:12.6
18,4,43:27.6
19,4,43:42.6
19,4,43:57.6
18,4,44:12.6
18,4,44:27.6
18,4,44:42.6
17,4,44:57.6
17,4,45:12.6
17,4,45:27.6
17,4,45:42.6
17,4,45:57.6
17,4,46:12.6
17,4,46:27.6
17,4,46:42.6
17,4,46:57.6
17,4,47:12.6
17,4,47:27.6
17,4,47:42.6
17,4,47:57.6
17,4,48:12.6
17,4,48:27.6
17,4,48:42.6
16,4,48:57.6
17,4,49:12.6
17,4,49:27.6
17,4,49:42.6
17,3,49:57.6
17,3,50:12.6
17,4,50:27.6
16,4,50:42.6
16,4,50:57.6
16,4,51:12.6
16,4,51:27.6
16,3,51:42.6
16,3,51:57.6
16,3,52:12.6
16,3,52:27.6
16,3,52:42.6
16,3,52:57.6
16,3,53:12.6
16,3,53:27.6
16,3,53:42.6
16,3,53:57.6
16,3,54:12.6
16,3,54:27.6
16,3,54:42.6
17,4,54:57.6
17,4,55:12.6
17,4,55:27.6
17,4,55:42.6
17,4,55:57.6
17,4,56:12.6
17,4,56:27.6
18,4,56:42.6
18,4,56:57.6
17,4,57:12.6
18,4,57:27.6
17,4,57:42.6
17,4,57:57.6
17,4,58:12.6
18,4,58:27.6
18,4,58:42.6
18,4,58:57.6
18,4,59:12.6
18,5,59:27.6
18,5,59:42.6
19,4,59:57.6
18,4,00:12.6
19,4,00:27.6
17,4,00:42.6
18,4,00:57.6
18,4,01:12.6
18,4,01:27.6
18,4,01:42.6
18,4,01:57.6
18,4,02:12.6
18,4,02:27.6
18,4,02:42.6
18,4,02:57.6
17,4,03:12.6
17,4,03:27.6
17,4,03:42.6
17,4,03:57.6
17,4,04:12.6
17,4,04:27.6
16,4,04:42.6
16,4,04:57.6
17,4,05:12.6
17,4,05:27.6
16,4,05:42.6
16,4,05:57.6
16,4,06:12.6
16,4,06:27.6
16,4,06:42.6
16,3,06:57.6
16,3,07:12.6
16,3,07:27.6
16,4,07:42.6
16,4,07:57.6
16,3,08:12.6
16,3,08:27.6
16,3,08:42.6
16,3,08:57.6
16,4,09:12.6
15,4,09:27.6
16,4,09:42.6
15,4,09:57.6
15,4,10:12.6
16,3,10:27.6
15,3,10:42.6
16,3,10:57.6
15,3,11:12.6
15,3,11:27.6
15,3,11:42.6
15,3,11:57.6
15,3,12:12.6
15,3,12:27.6
15,3,12:42.6
15,3,12:57.6
15,3,13:12.6
16,3,13:27.6
15,3,13:42.6
15,3,13:57.6
15,3,14:12.6
15,3,14:27.6
15,3,14:42.6
15,3,14:57.6
15,3,15:12.6
15,3,15:27.6
15,3,15:42.6
15,3,15:57.6
14,3,16:12.6
14,3,16:27.6
14,3,16:42.6
14,3,16:57.6
14,3,17:12.6
14,3,17:27.6
14,3,17:42.6
15,3,17:57.6
14,3,18:12.6
14,3,18:27.6
14,3,18:42.6
15,3,18:57.6
14,3,19:12.6
14,3,19:27.6
14,3,19:42.6
14,3,19:57.6
14,3,20:12.6
14,3,20:27.6
13,3,20:42.6
14,3,20:57.6
14,3,21:12.6
14,3,21:27.6
14,3,21:42.6
14,3,21:57.6
14,3,22:12.6
14,3,22:27.6
14,3,22:42.6
14,3,22:57.6
14,3,23:12.6
13,3,23:27.6
14,3,23:42.6
14,3,23:57.6
13,3,24:12.6
13,3,24:27.6
14,3,24:42.6
14,3,24:57.6
13,3,25:12.6
13,3,25:27.6
13,3,25:42.6
14,3,25:57.6
14,3,26:12.6
11,2,26:27.6
11,2,26:42.6
12,2,26:57.6
11,2,27:12.6
11,2,27:27.6
11,2,27:42.6
11,2,27:57.6
11,2,28:12.6
11,2,28:27.6
11,2,28:42.6
11,2,28:57.6
11,2,29:12.6
11,2,29:27.6
11,2,29:42.6
11,2,29:57.6
11,2,30:12.6
11,2,30:27.6
12,2,30:42.6
12,2,30:57.6
11,2,31:12.6
12,2,31:27.6
12,2,31:42.6
12,2,31:57.6
12,2,32:12.6
12,2,32:27.6
12,2,32:42.6
12,2,32:57.6
12,2,33:12.6
12,2,33:27.6
12,2,33:42.6
12,2,33:57.6
12,2,34:12.6
12,2,34:27.6
13,2,34:42.6
13,2,34:57.6
13,2,35:12.6
13,2,35:27.6
13,2,35:42.6
13,2,35:57.6
13,2,36:12.6
13,2,36:27.6
13,2,36:42.6
15,3,36:57.6
15,3,37:12.6
15,3,37:27.6
15,3,37:42.6
16,3,37:57.6
16,3,38:12.6
15,3,38:27.6
16,3,38:42.6
16,3,38:57.6
16,4,39:12.6
16,4,39:27.6
16,4,39:42.6
17,4,39:57.6
17,4,40:12.6
17,4,40:27.6
18,4,40:42.6
19,4,40:57.6
18,4,41:12.6
19,4,41:27.6
19,4,41:42.6
19,4,41:57.6
19,4,42:12.6
20,4,42:27.6
20,4,42:42.6
20,4,42:57.6
20,4,43:12.6
20,4,43:27.6
21,4,43:42.6
21,4,43:57.6
20,4,44:12.6
20,5,44:27.6
21,5,44:42.6
20,5,44:57.6
20,5,45:12.6
21,4,45:27.6
21,5,45:42.6
20,5,45:57.6
20,5,46:12.6
20,5,46:27.6
20,5,46:42.6
20,5,46:57.6
20,5,47:12.6
20,5,47:27.6
21,4,47:42.6
20,5,47:57.6
20,5,48:12.6
20,5,48:27.6
20,5,48:42.6
20,5,48:57.6
20,5,49:12.6
20,5,49:27.6
21,5,49:42.6
20,5,49:57.6
19,5,50:12.6
17,4,50:27.6
17,4,50:42.6
17,4,50:57.6
17,4,51:12.6
17,4,51:27.6
17,4,51:42.6
17,4,51:57.6
17,4,52:12.6
17,3,52:27.6
17,3,52:42.6
17,3,52:57.6
17,3,53:12.6
17,3,53:27.6
17,3,53:42.6
17,3,53:57.6
17,3,54:12.6
17,3,54:27.6
17,3,54:42.6
16,3,54:57.6
16,3,55:12.6
16,3,55:27.6
16,3,55:42.6
17,3,55:57.6
16,3,56:12.6
16,3,56:27.6
16,3,56:42.6
16,3,56:57.6
16,3,57:12.6
16,3,57:27.6
16,3,57:42.6
16,3,57:57.6
16,3,58:12.6
16,3,58:27.6
16,3,58:42.6
16,3,58:57.6
16,3,59:12.6
16,3,59:27.6
16,3,59:42.6
16,3,59:57.6
16,3,00:12.6
16,3,00:27.6
16,3,00:42.6
16,3,00:57.6
16,3,01:12.6
17,3,01:27.6
16,3,01:42.6
16,3,01:57.6
16,3,02:12.6
16,3,02:27.6
16,3,02:42.6
16,3,02:57.6
16,3,03:12.6
16,3,03:27.6
17,3,03:42.6
16,3,03:57.6
16,3,04:12.6
17,3,04:27.6
17,3,04:42.6
17,3,04:57.6
16,3,05:12.6
17,3,05:27.6
17,3,05:42.6
17,3,05:57.6
17,3,06:12.6
17,3,06:27.6
17,3,06:42.6
17,3,06:57.6
17,3,07:12.6
17,3,07:27.6
17,3,07:42.6
17,3,07:57.6
19,4,08:12.6
19,4,08:27.6
20,4,08:42.6
21,5,08:57.6
21,5,09:12.6
21,5,09:27.6
21,5,09:42.6
21,5,09:57.6
22,5,10:12.6
23,6,10:27.6
22,5,10:42.6
22,5,10:57.6
21,6,11:12.6
22,5,11:27.6
22,6,11:42.6
23,6,11:57.6
22,6,12:12.6
22,6,12:27.6
22,6,12:42.6
22,6,12:57.6
23,6,13:12.6
22,6,13:27.6
22,6,13:42.6
21,6,13:57.6
22,6,14:12.6
22,6,14:27.6
23,6,14:42.6
23,6,14:57.6
23,6,15:12.6
22,6,15:27.6
23,6,15:42.6
23,6,15:57.6
23,6,16:12.6
23,6,16:27.6
23,6,16:42.6
23,6,16:57.6
24,7,17:12.6
24,6,17:27.6
24,6,17:42.6
23,6,17:57.6
23,6,18:12.6
23,6,18:27.6
23,6,18:42.6
24,6,18:57.6
24,7,19:12.6
24,7,19:27.6
24,6,19:42.6
23,7,19:57.6
24,7,20:12.6
24,7,20:27.6
24,7,20:42.6
24,7,20:57.6
25,7,21:12.6
24,7,21:27.6
24,7,21:42.6
25,7,21:57.6
25,7,22:12.6
25,7,22:27.6
25,7,22:42.6
25,7,22:57.6
26,7,23:12.6
26,7,23:27.6
25,7,23:42.6
26,7,23:57.6
26,7,24:12.6
24,7,24:27.6
27,7,24:42.6
26,7,24:57.6
26,7,25:12.6
25,7,25:27.6
26,7,25:42.6
26,7,25:57.6
26,7,26:12.6
26,7,26:27.6
28,7,26:42.6
27,7,26:57.6
25,7,27:12.6
26,7,27:27.6
26,7,27:42.6
26,7,27:57.6
26,7,28:12.6
27,8,28:27.6
27,8,28:42.6
27,8,28:57.6
26,7,29:12.6
27,7,29:27.6
26,7,29:42.6
27,7,29:57.6
27,7,30:12.6
27,7,30:27.6
28,7,30:42.6
28,7,30:57.6
27,7,31:12.6
28,8,31:27.6
27,8,31:42.6
27,8,31:57.6
27,8,32:12.6
28,8,32:27.6
28,8,32:42.6
28,8,32:57.6
28,8,33:12.6
28,8,33:27.6
28,8,33:42.6
29,8,33:57.6
28,8,34:12.6
28,8,34:27.6
29,8,34:42.6
28,8,34:57.6
29,8,35:12.6
30,8,35:27.6
28,8,35:42.6
28,8,35:57.6
29,8,36:12.6
30,8,36:27.6
29,8,36:42.6
30,8,36:57.6
28,8,37:12.6
28,8,37:27.6
30,8,37:42.6
29,8,37:57.6
29,8,38:12.6
30,8,38:27.6
29,8,38:42.6
29,8,38:57.6
29,8,39:12.6
30,8,39:27.6
30,8,39:42.6
29,9,39:57.6
29,9,40:12.6
29,9,40:27.6
29,8,40:42.6
30,8,40:57.6
29,8,41:12.6
29,8,41:27.6
29,8,41:42.6
30,8,41:57.6
29,8,42:12.6
29,8,42:27.6
29,9,42:42.6
29,9,42:57.6
30,8,43:12.6
30,9,43:27.6
29,8,43:42.6
30,8,43:57.6
31,8,44:12.6
29,8,44:27.6
30,8,44:42.6
30,9,44:57.6
29,9,45:12.6
29,9,45:27.6
29,9,45:42.6
29,9,45:57.6
28,9,46:12.6
28,8,46:27.6
28,8,46:42.6
28,8,46:57.6
29,8,47:12.6
29,8,47:27.6
28,8,47:42.6
28,8,47:57.6
28,8,48:12.6
28,8,48:27.6
28,8,48:42.6
28,8,48:57.6
28,8,49:12.6
28,8,49:27.6
28,8,49:42.6
28,8,49:57.6
28,8,50:12.6
28,8,50:27.6
28,8,50:42.6
29,8,50:57.6
27,8,51:12.6
28,8,51:27.6
28,8,51:42.6
27,8,51:57.6
27,8,52:12.6
28,8,52:27.6
28,8,52:42.6
27,8,52:57.6
27,8,53:12.6
28,8,53:27.6
27,8,53:42.6
27,8,53:57.6
27,8,54:12.6
27,7,54:27.6
27,8,54:42.6
27,7,54:57.6
27,7,55:12.6
27,7,55:27.6
27,7,55:42.6
28,7,55:57.6
28,8,56:12.6
27,7,56:27.6
27,8,56:42.6
27,8,56:57.6
28,7,57:12.6
26,7,57:27.6
27,7,57:42.6
27,7,57:57.6
27,8,58:12.6
27,7,58:27.6
28,7,58:42.6
27,8,58:57.6
27,8,59:12.6
27,7,59:27.6
27,7,59:42.6
27,7,59:57.6
26,7,00:12.6
27,7,00:27.6
27,7,00:42.6
27,7,00:57.6
27,7,01:12.6
27,7,01:27.6
28,7,01:42.6
27,7,01:57.6
27,7,02:12.6
27,7,02:27.6
28,7,02:42.6
28,7,02:57.6
28,7,03:12.6
27,7,03:27.6
26,7,03:42.6
28,7,03:57.6
27,7,04:12.6
24,7,04:27.6
23,6,04:42.6
23,6,04:57.6
23,5,05:12.6
23,5,05:27.6
23,5,05:42.6
23,5,05:57.6
23,5,06:12.6
23,5,06:27.6
23,5,06:42.6
23,5,06:57.6
23,5,07:12.6
23,5,07:27.6
23,5,07:42.6
23,5,07:57.6
23,5,08:12.6
23,5,08:27.6
23,5,08:42.6
23,5,08:57.6
23,5,09:12.6
23,5,09:27.6
23,5,09:42.6
23,5,09:57.6
23,5,10:12.6
23,5,10:27.6
23,5,10:42.6
23,5,10:57.6
23,5,11:12.6
23,5,11:27.6
23,5,11:42.6
23,5,11:57.6
23,5,12:12.6
23,5,12:27.6
23,5,12:42.6
23,5,12:57.6
23,5,13:12.6
23,5,13:27.6
22,5,13:42.6
23,5,13:57.6
23,5,14:12.6
23,5,14:27.6
23,5,14:42.6
23,5,14:57.6
23,5,15:12.6
23,5,15:27.6
23,5,15:42.6
23,5,15:57.6
23,5,16:12.6
23,5,16:27.6
23,5,16:42.6
23,5,16:57.6
23,5,17:12.6
23,5,17:27.6
23,5,17:42.6
23,5,17:57.6
23,5,18:12.6
23,5,18:27.6
23,6,18:42.6
28,6,18:57.6
27,7,19:12.6
28,7,19:27.6
27,9,19:42.6
27,9,19:57.6
27,9,20:12.6
27,9,20:27.6
28,9,20:42.6
27,9,20:57.6
27,10,21:12.6
26,10,21:27.6
26,9,21:42.6
27,9,21:57.6
26,9,22:12.6
27,9,22:27.6
27,9,22:42.6
26,9,22:57.6
26,9,23:12.6
27,9,23:27.6
26,9,23:42.6
26,9,23:57.6
26,9,24:12.6
27,10,24:27.6
26,9,24:42.6
26,9,24:57.6
26,9,25:12.6
27,10,25:27.6
27,10,25:42.6
27,10,25:57.6
26,9,26:12.6
26,10,26:27.6
26,10,26:42.6
27,10,26:57.6
26,10,27:12.6
25,9,27:27.6
26,10,27:42.6
26,10,27:57.6
26,9,28:12.6
26,10,28:27.6
26,10,28:42.6
26,10,28:57.6
27,10,29:12.6
26,10,29:27.6
26,10,29:42.6
26,9,29:57.6
26,10,30:12.6
26,10,30:27.6
26,10,30:42.6
26,10,30:57.6
26,10,31:12.6
26,10,31:27.6
26,10,31:42.6
26,10,31:57.6
26,10,32:12.6
27,10,32:27.6
27,10,32:42.6
26,10,32:57.6
26,10,33:12.6
26,10,33:27.6
26,10,33:42.6
26,10,33:57.6
26,10,34:12.6
26,10,34:27.6
26,10,34:42.6
26,11,34:57.6
25,11,35:12.6
26,11,35:27.6
26,11,35:42.6
26,11,35:57.6
26,10,36:12.6
25,10,36:27.6
26,11,36:42.6
26,11,36:57.6
26,10,37:12.6
26,11,37:27.6
26,11,37:42.6
26,11,37:57.6
26,11,38:12.6
26,11,38:27.6
26,11,38:42.6
26,11,38:57.6
26,11,39:12.6
26,11,39:27.6
25,11,39:42.6
26,11,39:57.6
25,11,40:12.6
25,11,40:27.6
25,11,40:42.6
24,11,40:57.6
25,11,41:12.6
26,11,41:27.6
25,11,41:42.6
25,11,41:57.6
25,11,42:12.6
25,11,42:27.6
25,11,42:42.6
25,11,42:57.6
25,11,43:12.6
24,11,43:27.6
25,11,43:42.6
24,11,43:57.6
24,11,44:12.6
24,11,44:27.6
25,11,44:42.6
24,10,44:57.6
24,11,45:12.6
25,11,45:27.6
25,11,45:42.6
24,11,45:57.6
24,11,46:12.6
24,11,46:27.6
24,10,46:42.6
24,11,46:57.6
25,11,47:12.6
22,10,47:27.6
21,9,47:42.6
21,8,47:57.6
21,8,48:12.6
21,8,48:27.6
21,8,48:42.6
21,8,48:57.6
21,8,49:12.6
20,7,49:27.6
21,7,49:42.6
20,7,49:57.6
20,7,50:12.6
20,7,50:27.6
21,7,50:42.6
20,7,50:57.6
21,7,51:12.6
20,7,51:27.6
20,7,51:42.6
20,7,51:57.6
20,7,52:12.6
20,7,52:27.6
20,7,52:42.6
20,7,52:57.6
20,7,53:12.6
20,7,53:27.6
20,7,53:42.6
20,7,53:57.6
20,7,54:12.6
20,7,54:27.6
20,7,54:42.6
20,7,54:57.6
20,7,55:12.6
20,7,55:27.6
20,7,55:42.6
20,7,55:57.6
20,7,56:12.6
20,7,56:27.6
20,7,56:42.6
19,7,56:57.6
19,7,57:12.6
20,7,57:27.6
20,7,57:42.6
19,7,57:57.6
19,7,58:12.6
19,7,58:27.6
19,6,58:42.6
19,7,58:57.6
19,7,59:12.6
19,7,59:27.6
19,7,59:42.6
19,6,59:57.6
19,7,00:12.6
19,7,00:27.6
19,6,00:42.6
19,6,00:57.6
19,7,01:12.6
19,7,01:27.6
19,7,01:42.6
19,6,01:57.6
19,6,02:12.6
19,6,02:27.6
19,6,02:42.6
19,6,02:57.6
19,6,03:12.6
19,6,03:27.6
19,6,03:42.6
19,6,03:57.6
19,6,04:12.6
18,6,04:27.6
18,6,04:42.6
18,6,04:57.6
18,6,05:12.6
19,6,05:27.6
19,6,05:42.6
20,7,05:57.6
21,7,06:12.6
21,7,06:27.6
21,7,06:42.6
21,7,06:57.6
20,7,07:12.6
20,7,07:27.6
20,7,07:42.6
20,7,07:57.6
20,7,08:12.6
20,7,08:27.6
20,7,08:42.6
20,7,08:57.6
19,7,09:12.6
19,7,09:27.6
19,7,09:42.6
19,7,09:57.6
19,7,10:12.6
19,7,10:27.6
19,6,10:42.6
19,6,10:57.6
19,6,11:12.6
19,6,11:27.6
19,6,11:42.6
18,6,11:57.6
18,6,12:12.6
19,6,12:27.6
19,6,12:42.6
18,6,12:57.6
18,6,13:12.6
18,6,13:27.6
18,6,13:42.6
18,6,13:57.6
18,6,14:12.6
39,10,14:27.6
22,7,14:42.6
21,7,14:57.6
21,6,15:12.6
21,6,15:27.6
22,6,15:42.6
21,6,15:57.6
21,6,16:12.6
21,7,16:27.6
21,6,16:42.6
20,6,16:57.6
21,6,17:12.6
20,6,17:27.6
20,6,17:42.6
20,6,17:57.6
20,6,18:12.6
20,6,18:27.6
20,6,18:42.6
20,6,18:57.6
20,6,19:12.6
20,6,19:27.6
21,6,19:42.6
21,6,19:57.6
20,6,20:12.6
21,6,20:27.6
21,6,20:42.6
21,6,20:57.6
21,6,21:12.6
21,6,21:27.6
21,6,21:42.6
21,6,21:57.6
22,6,22:12.6
22,6,22:27.6
22,6,22:42.6
22,6,22:57.6
22,6,23:12.6
22,6,23:27.6
22,7,23:42.6
24,7,23:57.6
71,10,24:12.6
41,10,24:27.6
24,8,24:42.6
24,7,24:57.6
26,7,25:12.6
34,8,25:27.6
27,8,25:42.6
25,7,25:57.6
27,7,26:12.6
26,7,26:27.6
26,7,26:42.6
27,7,26:57.6
29,7,27:12.6
28,8,27:27.6
28,8,27:42.6
27,7,27:57.6
27,8,28:12.6
27,7,28:27.6
27,8,28:42.6
27,8,28:57.6
27,8,29:12.6
27,8,29:27.6
27,8,29:42.6
28,8,29:57.6
26,8,30:12.6
26,8,30:27.6
26,8,30:42.6
26,8,30:57.6
26,8,31:12.6
26,8,31:27.6
26,8,31:42.6
26,8,31:57.6
26,8,32:12.6
26,8,32:27.6
26,8,32:42.6
26,8,32:57.6
26,8,33:12.6
26,8,33:27.6
26,8,33:42.6
26,8,33:57.6
26,8,34:12.6
26,8,34:27.6
26,8,34:42.6
26,8,34:57.6
26,8,35:12.6
26,8,35:27.6
26,8,35:42.6
28,8,35:57.6
27,8,36:12.6
26,8,36:27.6
26,8,36:42.6
27,8,36:57.6
27,8,37:12.6
33,9,37:27.6
47,9,37:42.6
32,9,37:57.6
32,9,38:12.6
30,8,38:27.6
30,8,38:42.6
29,8,38:57.6
28,8,39:12.6
27,8,39:27.6
27,8,39:42.6
27,8,39:57.6
27,8,40:12.6
26,8,40:27.6
26,8,40:42.6
26,8,40:57.6
26,8,41:12.6
27,8,41:27.6
26,8,41:42.6
26,8,41:57.6
27,8,42:12.6
26,12,42:27.6
25,8,42:42.6
26,9,42:57.6
26,9,43:12.6
25,9,43:27.6
26,9,43:42.6
25,9,43:57.6
25,9,44:12.6
32,12,44:27.6
31,11,44:42.6
29,8,44:57.6
28,7,45:12.6
28,7,45:27.6
28,7,45:42.6
28,7,45:57.6
28,7,46:12.6
28,7,46:27.6
28,7,46:42.6
28,7,46:57.6
28,7,47:12.6
28,7,47:27.6
28,7,47:42.6
28,7,47:57.6
29,7,48:12.6
29,7,48:27.6
28,7,48:42.6
29,7,48:57.6
28,7,49:12.6
28,7,49:27.6
27,7,49:42.6
27,7,49:57.6
28,7,50:12.6
28,7,50:27.6
28,7,50:42.6
27,7,50:57.6
29,7,51:12.6
27,7,51:27.6
27,7,51:42.6
28,7,51:57.6
29,8,52:12.6
27,8,52:27.6
27,7,52:42.6
28,7,52:57.6
26,7,53:12.6
27,7,53:27.6
26,7,53:42.6
26,7,53:57.6
26,7,54:12.6
26,7,54:27.6
27,7,54:42.6
26,7,54:57.6
26,7,55:12.6
23,7,55:27.6
23,7,55:42.6
22,6,55:57.6
22,6,56:12.6
22,6,56:27.6
22,6,56:42.6
22,6,56:57.6
22,6,57:12.6
22,5,57:27.6
22,5,57:42.6
22,5,57:57.6
22,5,58:12.6
22,5,58:27.6
22,5,58:42.6
22,5,58:57.6
22,5,59:12.6
22,5,59:27.6
22,5,59:42.6
22,5,59:57.6
23,5,00:12.6
23,5,00:27.6
23,5,00:42.6
23,5,00:57.6
23,5,01:12.6
22,5,01:27.6
22,5,01:42.6
22,5,01:57.6
23,5,02:12.6
23,5,02:27.6
23,5,02:42.6
23,5,02:57.6
23,5,03:12.6
23,5,03:27.6
23,5,03:42.6
23,5,03:57.6
23,5,04:12.6
23,5,04:27.6
23,5,04:42.6
23,5,04:57.6
23,5,05:12.6
23,5,05:27.6
23,5,05:42.6
23,5,05:57.6
23,5,06:12.6
23,6,06:27.6
24,6,06:42.6
23,6,06:57.6
23,6,07:12.6
23,6,07:27.6
23,6,07:42.6
24,6,07:57.6
24,6,08:12.6
24,6,08:27.6
24,6,08:42.6
24,6,08:57.6
24,6,09:12.6
24,6,09:27.6
24,6,09:42.6
24,6,09:57.6
24,6,10:12.6
24,6,10:27.6
24,6,10:42.6
24,6,10:57.6
24,6,11:12.6
24,6,11:27.6
24,6,11:42.6
24,6,11:57.6
24,6,12:12.6
24,6,12:27.6
24,6,12:42.6
24,6,12:57.6
24,6,13:12.6
24,6,13:27.6
24,6,13:42.6
24,6,13:57.6
24,6,14:12.6
24,6,14:27.6
24,6,14:42.6
24,6,14:57.6
24,6,15:12.6
24,6,15:27.6
24,6,15:42.6
24,6,15:57.6
24,6,16:12.6
24,6,16:27.6
24,6,16:42.6
24,6,16:57.6
24,6,17:12.6
24,6,17:27.6
24,6,17:42.6
24,6,17:57.6
24,6,18:12.6
24,6,18:27.6
24,6,18:42.6
24,6,18:57.6
24,6,19:12.6
24,6,19:27.6
24,6,19:42.6
24,6,19:57.6
24,6,20:12.6
24,6,20:27.6
24,6,20:42.6
24,6,20:57.6
24,6,21:12.6
24,6,21:27.6
24,6,21:42.6
24,6,21:57.6
24,6,22:12.6
24,6,22:27.6
24,6,22:42.6
24,6,22:57.6
24,6,23:12.6
24,6,23:27.6
24,6,23:42.6
24,6,23:57.6
24,6,24:12.6
24,6,24:27.6
24,6,24:42.6
24,6,24:57.6
24,6,25:12.6
24,6,25:27.6
24,6,25:42.6
24,6,25:57.6
24,6,26:12.6
24,6,26:27.6
24,6,26:42.6
24,6,26:57.6
24,6,27:12.6
24,6,27:27.6
24,6,27:42.6
24,6,27:57.6
24,6,28:12.6
24,6,28:27.6
24,6,28:42.6
24,6,28:57.6
24,6,29:12.6
24,6,29:27.6
24,6,29:42.6
24,6,29:57.6
24,6,30:12.6
24,6,30:27.6
24,6,30:42.6
24,6,30:57.6
24,6,31:12.6
24,6,31:27.6
24,6,31:42.6
24,6,31:57.6
24,6,32:12.6
24,6,32:27.6
24,6,32:42.6
24,6,32:57.6
24,6,33:12.6
24,6,33:27.6
24,6,33:42.6
24,6,33:57.6
24,6,34:12.6
24,6,34:27.6
24,6,34:42.6
24,6,34:57.6
24,6,35:12.6
24,6,35:27.6
24,6,35:42.6
24,6,35:57.6
24,6,36:12.6
24,6,36:27.6
24,6,36:42.6
24,6,36:57.6
24,6,37:12.6
24,6,37:27.6
24,6,37:42.6
24,6,37:57.6
24,6,38:12.6
24,6,38:27.6
24,6,38:42.6
24,6,38:57.6
24,6,39:12.6
24,6,39:27.6
24,6,39:42.6
24,6,39:57.6
24,6,40:12.6
24,6,40:27.6
24,6,40:42.6
24,6,40:57.6
24,6,41:12.6
24,6,41:27.6
24,6,41:42.6
24,6,41:57.6
24,6,42:12.6
24,6,42:27.6
24,6,42:42.6
24,6,42:57.6
24,6,43:12.6
24,6,43:27.6
24,6,43:42.6
24,6,43:57.6
24,6,44:12.6
24,6,44:27.6
24,6,44:42.6
24,6,44:57.6
24,6,45:12.6
24,6,45:27.6
24,6,45:42.6
24,6,45:57.6
24,6,46:12.6
24,6,46:27.6
24,6,46:42.6
24,6,46:57.6
24,6,47:12.6
24,6,47:27.6
24,6,47:42.6
24,6,47:57.6
24,6,48:12.6
24,6,48:27.6
24,6,48:42.6
24,6,48:57.6
24,6,49:12.6
24,6,49:27.6
24,6,49:42.6
24,6,49:57.6
24,6,50:12.6
24,6,50:27.6
24,6,50:42.6
24,6,50:57.6
24,6,51:12.6
24,6,51:27.6
24,6,51:42.6
24,6,51:57.6
24,6,52:12.6
24,6,52:27.6
24,6,52:42.6
24,6,52:57.6
24,6,53:12.6
24,6,53:27.6
24,6,53:42.6
24,6,53:57.6
24,6,54:12.6
24,6,54:27.6
24,6,54:42.6
24,6,54:57.6
24,6,55:12.6
24,6,55:27.6
24,6,55:42.6
24,6,55:57.6
24,6,56:12.6
24,6,56:27.6
24,6,56:42.6
24,6,56:57.6
24,6,57:12.6
24,6,57:27.6
24,6,57:42.6
24,6,57:57.6
24,6,58:12.6
24,6,58:27.6
24,6,58:42.6
24,6,58:57.6
24,6,59:12.6
24,6,59:27.6
24,6,59:42.6
24,6,59:57.6
24,6,00:12.6
24,6,00:27.6
24,6,00:42.6
24,6,00:57.6
24,6,01:12.6
24,6,01:27.6
24,6,01:42.6
24,6,01:57.6
24,6,02:12.6
24,6,02:27.6
24,6,02:42.6
24,6,02:57.6
24,6,03:12.6
24,6,03:27.6
24,6,03:42.6
24,6,03:57.6
24,6,04:12.6
24,6,04:27.6
24,6,04:42.6
24,6,04:57.6
24,6,05:12.6
24,6,05:27.6
24,6,05:42.6
24,6,05:57.6
24,6,06:12.6
24,6,06:27.6
24,6,06:42.6
24,6,06:57.6
24,6,07:12.6
24,6,07:27.6
24,6,07:42.6
24,6,07:57.6
24,6,08:12.6
24,6,08:27.6
24,6,08:42.6
24,6,08:57.6
24,6,09:12.6
24,6,09:27.6
24,6,09:42.6
24,6,09:57.6
24,6,10:12.6
24,6,10:27.6
24,6,10:42.6
24,6,10:57.6
24,6,11:12.6
24,6,11:27.6
24,6,11:42.6
24,6,11:57.6
24,6,12:12.6
24,6,12:27.6
24,6,12:42.6
24,6,12:57.6
24,6,13:12.6
24,6,13:27.6
24,6,13:42.6
24,6,13:57.6
24,6,14:12.6
24,6,14:27.6
24,6,14:42.6
23,6,14:57.6
24,6,15:12.6
24,6,15:27.6
24,6,15:42.6
24,6,15:57.6
24,6,16:12.6
24,6,16:27.6
24,6,16:42.6
24,6,16:57.6
24,6,17:12.6
24,6,17:27.6
23,6,17:42.6
24,6,17:57.6
24,6,18:12.6
24,6,18:27.6
24,6,18:42.6
24,6,18:57.6
23,6,19:12.6
23,6,19:27.6
23,6,19:42.6
24,6,19:57.6
24,6,20:12.6
24,6,20:27.6
23,6,20:42.6
24,6,20:57.6
24,6,21:12.6
24,6,21:27.6
23,6,21:42.6
23,6,21:57.6
23,6,22:12.6
23,6,22:27.6
23,6,22:42.6
23,6,22:57.6
23,6,23:12.6
23,6,23:27.6
23,6,23:42.6
23,6,23:57.6
23,6,24:12.6
23,6,24:27.6
23,6,24:42.6
23,6,24:57.6
23,6,25:12.6
23,6,25:27.6
23,6,25:42.6
23,6,25:57.6
23,6,26:12.6
23,6,26:27.6
23,6,26:42.6
23,6,26:57.6
23,6,27:12.6
23,6,27:27.6
23,6,27:42.6
23,6,27:57.6
23,6,28:12.6
23,6,28:27.6
23,6,28:42.6
23,6,28:57.6
23,6,29:12.6
23,6,29:27.6
23,6,29:42.6
23,6,29:57.6
23,6,30:12.6
23,6,30:27.6
23,6,30:42.6
23,6,30:57.6
23,6,31:12.6
23,6,31:27.6
23,6,31:42.6
23,6,31:57.6
23,6,32:12.6
23,6,32:27.6
23,6,32:42.6
23,6,32:57.6
23,6,33:12.6
23,6,33:27.6
23,6,33:42.6
23,6,33:57.6
23,6,34:12.6
23,6,34:27.6
23,6,34:42.6
23,6,34:57.6
23,6,35:12.6
23,6,35:27.6
23,6,35:42.6
23,6,35:57.6
23,6,36:12.6
23,6,36:27.6
23,6,36:42.6
23,6,36:57.6
23,6,37:12.6
23,6,37:27.6
23,6,37:42.6
23,6,37:57.6
23,6,38:12.6
23,6,38:27.6
23,6,38:42.6
23,6,38:57.6
23,6,39:12.6
23,6,39:27.6
23,6,39:42.6
23,6,39:57.6
23,6,40:12.6
23,6,40:27.6
23,6,40:42.6
23,6,40:57.6
23,6,41:12.6
23,6,41:27.6
23,6,41:42.6
23,6,41:57.6
23,6,42:12.6
23,6,42:27.6
23,6,42:42.6
23,6,42:57.6
23,6,43:12.6
23,6,43:27.6
22,6,43:42.6
23,6,43:57.6
23,6,44:12.6
22,6,44:27.6
22,6,44:42.6
22,6,44:57.6
22,6,45:12.6
22,6,45:27.6
22,6,45:42.6
22,6,45:57.6
22,6,46:12.6
22,6,46:27.6
22,6,46:42.6
22,6,46:57.6
22,6,47:12.6
22,6,47:27.6
22,6,47:42.6
22,6,47:57.6
22,6,48:12.6
22,6,48:27.6
22,6,48:42.6
22,6,48:57.6
22,6,49:12.6
22,6,49:27.6
22,6,49:42.6
22,6,49:57.6
22,6,50:12.6
22,6,50:27.6
22,6,50:42.6
22,6,50:57.6
22,6,51:12.6
22,6,51:27.6
22,6,51:42.6
22,6,51:57.6
22,6,52:12.6
22,6,52:27.6
22,6,52:42.6
22,6,52:57.6
22,6,53:12.6
22,6,53:27.6
22,6,53:42.6
22,6,53:57.6
22,6,54:12.6
22,6,54:27.6
22,6,54:42.6
22,6,54:57.6
22,6,55:12.6
22,6,55:27.6
22,6,55:42.6
22,6,55:57.6
22,6,56:12.6
22,6,56:27.6
22,6,56:42.6
22,6,56:57.6
22,6,57:12.6
22,6,57:27.6
22,6,57:42.6
22,6,57:57.6
22,6,58:12.6
22,6,58:27.6
22,6,58:42.6
22,6,58:57.6
22,6,59:12.6
22,6,59:27.6
22,6,59:42.6
22,6,59:57.6
22,6,00:12.6
22,6,00:27.6
22,6,00:42.6
22,6,00:57.6
22,6,01:12.6
22,6,01:27.6
22,6,01:42.6
22,6,01:57.6
22,6,02:12.6
22,6,02:27.6
22,6,02:42.6
22,6,02:57.6
22,6,03:12.6
22,6,03:27.6
22,6,03:42.6
22,6,03:57.6
22,6,04:12.6
22,6,04:27.6
22,6,04:42.6
22,6,04:57.6
22,6,05:12.6
22,6,05:27.6
22,6,05:42.6
22,6,05:57.6
22,6,06:12.6
22,6,06:27.6
22,6,06:42.6
22,6,06:57.6
22,6,07:12.6
22,6,07:27.6
22,6,07:42.6
22,6,07:57.6
22,6,08:12.6
22,6,08:27.6
22,6,08:42.6
22,6,08:57.6
21,6,09:12.6
22,6,09:27.6
22,6,09:42.6
22,6,09:57.6
22,6,10:12.6
22,6,10:27.6
22,6,10:42.6
22,6,10:57.6
22,6,11:12.6
22,6,11:27.6
22,6,11:42.6
22,6,11:57.6
21,6,12:12.6
22,6,12:27.6
22,6,12:42.6
22,6,12:57.6
22,6,13:12.6
22,6,13:27.6
21,6,13:42.6
22,6,13:57.6
22,6,14:12.6
22,6,14:27.6
21,6,14:42.6
21,6,14:57.6
21,6,15:12.6
21,6,15:27.6
21,6,15:42.6
21,6,15:57.6
21,6,16:12.6
22,6,16:27.6
22,6,16:42.6
21,6,16:57.6
21,5,17:12.6
21,6,17:27.6
21,6,17:42.6
21,5,17:57.6
22,5,18:12.6
21,5,18:27.6
21,5,18:42.6
21,5,18:57.6
22,5,19:12.6
22,5,19:27.6
21,5,19:42.6
21,5,19:57.6
21,5,20:12.6
21,5,20:27.6
21,6,20:42.6
22,5,20:57.6
21,5,21:12.6
22,5,21:27.6
21,5,21:42.6
21,5,21:57.6
21,5,22:12.6
21,5,22:27.6
21,5,22:42.6
21,5,22:57.6
21,5,23:12.6
21,5,23:27.6
21,5,23:42.6
21,5,23:57.6
21,5,24:12.6
21,5,24:27.6
21,5,24:42.6
21,5,24:57.6
21,5,25:12.6
21,5,25:27.6
21,5,25:42.6
21,5,25:57.6
21,5,26:12.6
21,5,26:27.6
21,5,26:42.6
21,5,26:57.6
21,5,27:12.6
21,5,27:27.6
21,5,27:42.6
21,5,27:57.6
21,5,28:12.6
21,5,28:27.6
21,5,28:42.6
21,5,28:57.6
21,5,29:12.6
21,5,29:27.6
21,5,29:42.6
21,5,29:57.6
21,5,30:12.6
21,5,30:27.6
21,5,30:42.6
21,5,30:57.6
21,5,31:12.6
21,5,31:27.6
21,5,31:42.6
21,5,31:57.6
21,5,32:12.6
21,5,32:27.6
21,5,32:42.6
21,5,32:57.6
21,5,33:12.6
21,5,33:27.6
21,5,33:42.6
21,5,33:57.6
21,5,34:12.6
21,5,34:27.6
21,5,34:42.6
21,5,34:57.6
21,5,35:12.6
21,5,35:27.6
21,5,35:42.6
21,5,35:57.6
21,5,36:12.6
21,5,36:27.6
21,5,36:42.6
21,5,36:57.6
21,5,37:12.6
21,5,37:27.6
21,5,37:42.6
21,5,37:57.6
21,5,38:12.6
21,5,38:27.6
21,5,38:42.6
21,5,38:57.6
21,5,39:12.6
21,5,39:27.6
21,5,39:42.6
21,5,39:57.6
21,5,40:12.6
21,5,40:27.6
21,5,40:42.6
21,5,40:57.6
21,5,41:12.6
21,5,41:27.6
21,5,41:42.6
21,5,41:57.6
21,5,42:12.6
21,5,42:27.6
21,5,42:42.6
21,5,42:57.6
21,5,43:12.6
21,5,43:27.6
21,5,43:42.6
21,5,43:57.6
21,5,44:12.6
21,5,44:27.6
21,5,44:42.6
21,5,44:57.6
21,5,45:12.6
21,5,45:27.6
21,5,45:42.6
21,5,45:57.6
21,5,46:12.6
21,5,46:27.6
21,5,46:42.6
21,5,46:57.6
21,5,47:12.6
21,5,47:27.6
21,5,47:42.6
21,5,47:57.6
21,5,48:12.6
21,5,48:27.6
21,5,48:42.6
21,5,48:57.6
21,5,49:12.6
21,5,49:27.6
21,5,49:42.6
21,5,49:57.6
21,5,50:12.6
21,5,50:27.6
21,5,50:42.6
21,5,50:57.6
21,5,51:12.6
21,5,51:27.6
21,5,51:42.6
21,5,51:57.6
21,5,52:12.6
21,5,52:27.6
21,5,52:42.6
21,5,52:57.6
21,5,53:12.6
21,5,53:27.6
21,5,53:42.6
21,5,53:57.6
21,5,54:12.6
21,5,54:27.6
21,5,54:42.6
21,5,54:57.6
21,5,55:12.6
21,5,55:27.6
21,5,55:42.6
21,5,55:57.6
21,5,56:12.6
21,5,56:27.6
21,5,56:42.6
21,5,56:57.6
21,5,57:12.6
21,5,57:27.6
21,5,57:42.6
21,5,57:57.6
21,5,58:12.6
21,5,58:27.6
21,5,58:42.6
21,5,58:57.6
21,5,59:12.6
21,5,59:27.6
21,5,59:42.6
21,5,59:57.6
21,5,00:12.6
21,5,00:27.6
21,5,00:42.6
21,5,00:57.6
21,5,01:12.6
21,5,01:27.6
21,5,01:42.6
21,5,01:57.6
21,5,02:12.6
21,5,02:27.6
21,5,02:42.6
21,5,02:57.6
21,5,03:12.6
21,5,03:27.6
21,5,03:42.6
21,5,03:57.6
21,5,04:12.6
21,5,04:27.6
21,5,04:42.6
21,5,04:57.6
21,5,05:12.6
21,5,05:27.6
21,5,05:42.6
21,5,05:57.6
21,5,06:12.6
21,5,06:27.6
21,5,06:42.6
21,5,06:57.6
21,5,07:12.6
21,5,07:27.6
21,5,07:42.6
21,5,07:57.6
21,5,08:12.6
21,5,08:27.6
21,5,08:42.6
21,5,08:57.6
21,5,09:12.6
21,5,09:27.6
21,5,09:42.6
21,5,09:57.6
21,5,10:12.6
21,5,10:27.6
21,5,10:42.6
21,5,10:57.6
21,5,11:12.6
21,5,11:27.6
21,5,11:42.6
21,5,11:57.6
21,5,12:12.6
21,5,12:27.6
21,5,12:42.6
21,5,12:57.6
21,5,13:12.6
21,5,13:27.6
21,5,13:42.6
21,5,13:57.6
21,5,14:12.6
21,5,14:27.6
21,5,14:42.6
21,5,14:57.6
21,5,15:12.6
21,5,15:27.6
21,5,15:42.6
21,5,15:57.6
21,5,16:12.6
21,5,16:27.6
21,5,16:42.6
20,5,16:57.6
20,5,17:12.6
20,5,17:27.6
20,5,17:42.6
20,5,17:57.6
20,5,18:12.6
20,5,18:27.6
20,5,18:42.6
20,5,18:57.6
20,5,19:12.6
20,5,19:27.6
20,5,19:42.6
21,5,19:57.6
21,5,20:12.6
20,5,20:27.6
20,5,20:42.6
21,5,20:57.6
20,5,21:12.6
20,5,21:27.6
20,5,21:42.6
20,5,21:57.6
20,5,22:12.6
20,5,22:27.6
20,5,22:42.6
20,5,22:57.6
20,5,23:12.6
21,5,23:27.6
20,5,23:42.6
20,5,23:57.6
20,5,24:12.6
20,5,24:27.6
20,5,24:42.6
20,5,24:57.6
20,5,25:12.6
20,5,25:27.6
20,5,25:42.6
20,5,25:57.6
20,5,26:12.6
20,4,26:27.6
20,5,26:42.6
20,5,26:57.6
20,5,27:12.6
20,5,27:27.6
20,4,27:42.6
20,4,27:57.6
20,4,28:12.6
20,5,28:27.6
20,5,28:42.6
20,4,28:57.6
20,4,29:12.6
20,4,29:27.6
20,5,29:42.6
20,4,29:57.6
20,4,30:12.6
20,4,30:27.6
20,4,30:42.6
20,4,30:57.6
20,4,31:12.6
20,4,31:27.6
20,4,31:42.6
20,4,31:57.6
20,4,32:12.6
20,4,32:27.6
20,4,32:42.6
20,4,32:57.6
20,4,33:12.6
20,4,33:27.6
20,4,33:42.6
20,4,33:57.6
20,4,34:12.6
20,4,34:27.6
20,4,34:42.6
20,4,34:57.6
20,4,35:12.6
20,4,35:27.6
20,4,35:42.6
20,4,35:57.6
20,4,36:12.6
20,4,36:27.6
20,4,36:42.6
20,4,36:57.6
20,4,37:12.6
20,4,37:27.6
20,4,37:42.6
20,4,37:57.6
20,4,38:12.6
20,4,38:27.6
20,4,38:42.6
20,4,38:57.6
20,4,39:12.6
20,4,39:27.6
20,4,39:42.6
20,4,39:57.6
20,4,40:12.6
20,4,40:27.6
20,4,40:42.6
20,4,40:57.6
20,4,41:12.6
20,4,41:27.6
20,4,41:42.6
20,4,41:57.6
20,4,42:12.6
20,4,42:27.6
20,4,42:42.6
20,4,42:57.6
20,4,43:12.6
20,4,43:27.6
20,4,43:42.6
20,4,43:57.6
20,4,44:12.6
20,4,44:27.6
20,4,44:42.6
20,4,44:57.6
20,4,45:12.6
20,4,45:27.6
20,4,45:42.6
20,4,45:57.6
20,4,46:12.6
20,4,46:27.6
20,4,46:42.6
20,4,46:57.6
20,4,47:12.6
20,4,47:27.6
20,4,47:42.6
20,4,47:57.6
20,4,48:12.6
20,4,48:27.6
20,4,48:42.6
20,4,48:57.6
20,4,49:12.6
19,4,49:27.6
19,4,49:42.6
20,4,49:57.6
20,4,50:12.6
20,4,50:27.6
19,4,50:42.6
20,4,50:57.6
20,4,51:12.6
19,4,51:27.6
19,4,51:42.6
19,4,51:57.6
20,4,52:12.6
19,4,52:27.6
20,4,52:42.6
19,4,52:57.6
19,4,53:12.6
20,4,53:27.6
19,4,53:42.6
20,4,53:57.6
19,4,54:12.6
20,4,54:27.6
19,4,54:42.6
20,4,54:57.6
19,4,55:12.6
20,4,55:27.6
20,4,55:42.6
20,4,55:57.6
19,4,56:12.6
19,4,56:27.6
19,4,56:42.6
20,4,56:57.6
19,4,57:12.6
20,4,57:27.6
20,4,57:42.6
20,4,57:57.6
20,4,58:12.6
20,4,58:27.6
19,4,58:42.6
19,4,58:57.6
19,4,59:12.6
19,4,59:27.6
19,4,59:42.6
19,4,59:57.6
19,4,00:12.6
19,4,00:27.6
19,4,00:42.6
19,4,00:57.6
20,4,01:12.6
20,4,01:27.6
19,4,01:42.6
19,4,01:57.6
19,4,02:12.6
19,4,02:27.6
19,4,02:42.6
19,4,02:57.6
19,4,03:12.6
19,4,03:27.6
19,4,03:42.6
19,4,03:57.6
19,4,04:12.6
19,4,04:27.6
19,4,04:42.6
19,4,04:57.6
19,4,05:12.6
19,4,05:27.6
19,4,05:42.6
19,4,05:57.6
19,4,06:12.6
19,4,06:27.6
19,4,06:42.6
19,4,06:57.6
19,4,07:12.6
19,4,07:27.6
19,4,07:42.6
19,4,07:57.6
19,4,08:12.6
19,4,08:27.6
19,4,08:42.6
19,4,08:57.6
19,4,09:12.6
19,4,09:27.6
19,4,09:42.6
19,4,09:57.6
19,4,10:12.6
19,4,10:27.6
19,4,10:42.6
19,4,10:57.6
19,4,11:12.6
19,4,11:27.6
19,4,11:42.6
19,4,11:57.6
19,4,12:12.6
19,4,12:27.6
19,4,12:42.6
19,4,12:57.6
19,4,13:12.6
19,4,13:27.6
19,4,13:42.6
19,4,13:57.6
19,4,14:12.6
19,4,14:27.6
19,4,14:42.6
19,4,14:57.6
19,4,15:12.6
19,4,15:27.6
19,4,15:42.6
19,4,15:57.6
19,4,16:12.6
19,4,16:27.6
19,4,16:42.6
19,4,16:57.6
19,4,17:12.6
19,4,17:27.6
19,4,17:42.6
19,4,17:57.6
19,4,18:12.6
19,4,18:27.6
19,4,18:42.6
19,4,18:57.6
19,4,19:12.6
19,4,19:27.6
19,4,19:42.6
19,4,19:57.6
19,4,20:12.6
19,4,20:27.6
19,4,20:42.6
19,4,20:57.6
19,4,21:12.6
19,4,21:27.6
19,4,21:42.6
19,4,21:57.6
19,4,22:12.6
19,4,22:27.6
19,4,22:42.6
19,4,22:57.6
19,4,23:12.6
19,4,23:27.6
19,4,23:42.6
19,4,23:57.6
19,4,24:12.6
19,4,24:27.6
19,4,24:42.6
19,4,24:57.6
19,4,25:12.6
19,4,25:27.6
19,4,25:42.6
19,4,25:57.6
19,4,26:12.6
19,4,26:27.6
19,4,26:42.6
19,4,26:57.6
19,4,27:12.6
19,4,27:27.6
19,4,27:42.6
19,4,27:57.6
19,4,28:12.6
19,4,28:27.6
19,4,28:42.6
19,4,28:57.6
19,4,29:12.6
19,4,29:27.6
19,4,29:42.6
19,4,29:57.6
19,4,30:12.6
19,4,30:27.6
19,4,30:42.6
19,4,30:57.6
19,4,31:12.6
19,4,31:27.6
19,4,31:42.6
19,4,31:57.6
19,4,32:12.6
19,4,32:27.6
19,4,32:42.6
19,4,32:57.6
19,4,33:12.6
19,4,33:27.6
19,4,33:42.6
19,4,33:57.6
19,4,34:12.6
19,4,34:27.6
19,4,34:42.6
19,4,34:57.6
19,4,35:12.6
19,4,35:27.6
19,4,35:42.6
19,4,35:57.6
19,4,36:12.6
19,4,36:27.6
19,4,36:42.6
19,4,36:57.6
19,4,37:12.6
19,4,37:27.6
19,4,37:42.6
19,4,37:57.6
19,4,38:12.6
19,4,38:27.6
19,4,38:42.6
19,4,38:57.6
19,4,39:12.6
19,4,39:27.6
19,4,39:42.6
19,4,39:57.6
19,4,40:12.6
19,4,40:27.6
19,4,40:42.6
19,4,40:57.6
19,4,41:12.6
19,4,41:27.6
19,4,41:42.6
19,4,41:57.6
19,4,42:12.6
19,4,42:27.6
19,4,42:42.6
19,4,42:57.6
19,4,43:12.6
19,4,43:27.6
19,4,43:42.6
19,4,43:57.6
19,4,44:12.6
19,4,44:27.6
19,4,44:42.6
19,4,44:57.6
19,4,45:12.6
19,4,45:27.6
19,4,45:42.6
19,4,45:57.6
19,4,46:12.6
19,4,46:27.6
19,4,46:42.6
19,4,46:57.6
19,4,47:12.6
19,4,47:27.6
19,4,47:42.6
19,4,47:57.6
19,4,48:12.6
19,4,48:27.6
19,4,48:42.6
19,4,48:57.6
19,4,49:12.6
19,4,49:27.6
19,4,49:42.6
19,4,49:57.6
19,4,50:12.6
19,4,50:27.6
19,4,50:42.6
19,4,50:57.6
19,4,51:12.6
19,4,51:27.6
19,4,51:42.6
19,4,51:57.6
19,4,52:12.6
19,4,52:27.6
19,4,52:42.6
19,4,52:57.6
19,4,53:12.6
19,4,53:27.6
19,4,53:42.6
19,4,53:57.6
19,4,54:12.6
19,4,54:27.6
19,4,54:42.6
19,4,54:57.6
19,4,55:12.6
19,4,55:27.6
19,4,55:42.6
19,4,55:57.6
19,4,56:12.6
19,4,56:27.6
19,4,56:42.6
19,4,56:57.6
19,4,57:12.6
19,4,57:27.6
19,4,57:42.6
19,4,57:57.6
19,4,58:12.6
19,4,58:27.6
19,4,58:42.6
19,4,58:57.6
19,4,59:12.6
19,4,59:27.6
19,4,59:42.6
19,4,59:57.6
19,4,00:12.6
19,4,00:27.6
19,4,00:42.6
19,4,00:57.6
19,4,01:12.6
19,4,01:27.6
19,4,01:42.6
19,4,01:57.6
19,4,02:12.6
19,4,02:27.6
19,4,02:42.6
19,4,02:57.6
19,4,03:12.6
19,4,03:27.6
19,4,03:42.6
19,4,03:57.6
19,4,04:12.6
19,4,04:27.6
19,4,04:42.6
19,4,04:57.6
19,4,05:12.6
19,4,05:27.6
19,4,05:42.6
19,4,05:57.6
19,4,06:12.6
19,4,06:27.6
19,4,06:42.6
19,4,06:57.6
19,4,07:12.6
19,4,07:27.6
19,4,07:42.6
19,4,07:57.6
19,4,08:12.6
19,4,08:27.6
19,4,08:42.6
19,4,08:57.6
19,4,09:12.6
19,4,09:27.6
19,4,09:42.6
19,4,09:57.6
19,4,10:12.6
19,4,10:27.6
19,4,10:42.6
19,4,10:57.6
19,4,11:12.6
19,4,11:27.6
19,4,11:42.6
19,4,11:57.6
19,4,12:12.6
19,4,12:27.6
19,4,12:42.6
19,4,12:57.6
19,4,13:12.6
19,4,13:27.6
19,4,13:42.6
19,4,13:57.6
19,4,14:12.6
19,4,14:27.6
19,4,14:42.6
19,4,14:57.6
19,4,15:12.6
19,4,15:27.6
19,4,15:42.6
19,4,15:57.6
19,4,16:12.6
19,4,16:27.6
19,4,16:42.6
19,4,16:57.6
19,4,17:12.6
19,4,17:27.6
19,4,17:42.6
19,4,17:57.6
19,4,18:12.6
19,4,18:27.6
19,4,18:42.6
19,4,18:57.6
19,4,19:12.6
19,4,19:27.6
19,4,19:42.6
19,4,19:57.6
19,4,20:12.6
19,4,20:27.6
19,4,20:42.6
19,4,20:57.6
19,4,21:12.6
19,4,21:27.6
19,4,21:42.6
19,4,21:57.6
19,4,22:12.6
19,4,22:27.6
19,4,22:42.6
19,4,22:57.6
19,4,23:12.6
19,4,23:27.6
19,4,23:42.6
19,4,23:57.6
19,4,24:12.6
19,4,24:27.6
19,4,24:42.6
19,4,24:57.6
19,4,25:12.6
19,4,25:27.6
19,4,25:42.6
19,4,25:57.6
19,4,26:12.6
19,4,26:27.6
19,4,26:42.6
19,4,26:57.6
19,4,27:12.6
19,4,27:27.6
19,4,27:42.6
19,4,27:57.6
19,4,28:12.6
19,4,28:27.6
19,4,28:42.6
19,4,28:57.6
19,4,29:12.6
19,4,29:27.6
19,4,29:42.6
19,4,29:57.6
19,4,30:12.6
19,4,30:27.6
19,4,30:42.6
19,4,30:57.6
19,4,31:12.6
19,4,31:27.6
19,4,31:42.6
19,4,31:57.6
19,4,32:12.6
19,4,32:27.6
19,4,32:42.6
19,4,32:57.6
19,4,33:12.6
19,4,33:27.6
19,4,33:42.6
19,4,33:57.6
19,4,34:12.6
19,4,34:27.6
19,4,34:42.6
19,4,34:57.6
19,4,35:12.6
19,4,35:27.6
19,4,35:42.6
19,4,35:57.6
19,4,36:12.6
19,4,36:27.6
19,4,36:42.6
19,4,36:57.6
19,4,37:12.6
19,4,37:27.6
19,4,37:42.6
19,4,37:57.6
19,4,38:12.6
19,4,38:27.6
19,4,38:42.6
19,4,38:57.6
19,4,39:12.6
19,4,39:27.6
19,4,39:42.6
19,4,39:57.6
19,4,40:12.6
19,4,40:27.6
19,4,40:42.6
19,4,40:57.6
19,4,41:12.6
19,4,41:27.6
19,4,41:42.6
19,4,41:57.6
19,4,42:12.6
19,4,42:27.6
19,4,42:42.6
19,4,42:57.6
19,4,43:12.6
19,4,43:27.6
19,4,43:42.6
19,4,43:57.6
19,4,44:12.6
19,4,44:27.6
19,4,44:42.6
19,4,44:57.6
19,4,45:12.6
19,4,45:27.6
19,4,45:42.6
19,4,45:57.6
19,4,46:12.6
19,4,46:27.6
19,4,46:42.6
19,4,46:57.6
19,4,47:12.6
19,4,47:27.6
19,4,47:42.6
19,4,47:57.6
19,4,48:12.6
19,4,48:27.6
19,4,48:42.6
19,4,48:57.6
19,4,49:12.6
19,4,49:27.6
19,4,49:42.6
19,4,49:57.6
19,4,50:12.6
19,4,50:27.6
19,4,50:42.6
19,4,50:57.6
19,4,51:12.6
19,4,51:27.6
19,4,51:42.6
19,4,51:57.6
19,4,52:12.6
19,4,52:27.6
19,4,52:42.6
19,4,52:57.6
19,4,53:12.6
19,4,53:27.6
19,4,53:42.6
19,4,53:57.6
19,4,54:12.6
19,4,54:27.6
19,4,54:42.6
19,4,54:57.6
19,4,55:12.6
19,4,55:27.6
19,4,55:42.6
19,4,55:57.6
19,4,56:12.6
19,4,56:27.6
19,4,56:42.6
19,4,56:57.6
19,4,57:12.6
19,4,57:27.6
19,4,57:42.6
19,4,57:57.6
19,4,58:12.6
19,4,58:27.6
19,4,58:42.6
19,4,58:57.6
19,4,59:12.6
19,4,59:27.6
19,4,59:42.6
19,4,59:57.6
19,4,00:12.6
19,4,00:27.6
19,4,00:42.6
19,4,00:57.6
19,4,01:12.6
19,4,01:27.6
19,4,01:42.6
19,4,01:57.6
19,4,02:12.6
19,4,02:27.6
19,4,02:42.6
19,4,02:57.6
19,4,03:12.6
19,4,03:27.6
19,4,03:42.6
19,4,03:57.6
19,4,04:12.6
19,4,04:27.6
19,4,04:42.6
19,4,04:57.6
19,4,05:12.6
19,4,05:27.6
19,4,05:42.6
19,4,05:57.6
19,4,06:12.6
19,4,06:27.6
19,4,06:42.6
19,4,06:57.6
19,4,07:12.6
19,4,07:27.6
19,4,07:42.6
19,4,07:57.6
19,4,08:12.6
19,4,08:27.6
19,4,08:42.6
19,4,08:57.6
19,4,09:12.6
19,4,09:27.6
19,4,09:42.6
19,4,09:57.6
19,4,10:12.6
19,4,10:27.6
19,4,10:42.6
19,4,10:57.6
19,4,11:12.6
19,4,11:27.6
19,4,11:42.6
19,4,11:57.6
19,4,12:12.6
19,4,12:27.6
19,4,12:42.6
19,4,12:57.6
19,4,13:12.6
19,4,13:27.6
19,4,13:42.6
19,4,13:57.6
19,4,14:12.6
19,4,14:27.6
19,4,14:42.6
19,4,14:57.6
19,4,15:12.6
19,4,15:27.6
19,4,15:42.6
19,4,15:57.6
19,4,16:12.6
19,4,16:27.6
19,4,16:42.6
19,4,16:57.6
19,4,17:12.6
19,4,17:27.6
19,4,17:42.6
19,4,17:57.6
19,4,18:12.6
19,4,18:27.6
19,4,18:42.6
19,4,18:57.6
19,4,19:12.6
19,4,19:27.6
19,4,19:42.6
19,4,19:57.6
19,4,20:12.6
19,4,20:27.6
19,4,20:42.6
19,4,20:57.6
19,4,21:12.6
19,4,21:27.6
19,4,21:42.6
19,4,21:57.6
19,4,22:12.6
19,4,22:27.6
19,4,22:42.6
19,4,22:57.6
19,4,23:12.6
19,4,23:27.6
19,4,23:42.6
18,4,23:57.6
18,4,24:12.6
19,4,24:27.6
18,4,24:42.6
19,4,24:57.6
19,4,25:12.6
19,4,25:27.6
19,4,25:42.6
19,4,25:57.6
18,4,26:12.6
19,4,26:27.6
18,4,26:42.6
18,4,26:57.6
18,4,27:12.6
18,4,27:27.6
18,4,27:42.6
18,4,27:57.6
18,4,28:12.6
18,4,28:27.6
18,4,28:42.6
18,4,28:57.6
18,4,29:12.6
18,4,29:27.6
18,4,29:42.6
18,4,29:57.6
18,4,30:12.6
18,4,30:27.6
18,4,30:42.6
18,4,30:57.6
18,4,31:12.6
18,4,31:27.6
18,4,31:42.6
18,4,31:57.6
18,4,32:12.6
18,3,32:27.6
18,4,32:42.6
18,4,32:57.6
18,4,33:12.6
18,4,33:27.6
18,3,33:42.6
18,3,33:57.6
18,3,34:12.6
18,3,34:27.6
18,3,34:42.6
18,3,34:57.6
18,3,35:12.6
18,3,35:27.6
18,3,35:42.6
18,3,35:57.6
18,3,36:12.6
18,3,36:27.6
18,3,36:42.6
18,3,36:57.6
18,3,37:12.6
18,3,37:27.6
18,3,37:42.6
18,3,37:57.6
18,3,38:12.6
18,3,38:27.6
18,3,38:42.6
18,3,38:57.6
18,3,39:12.6
18,3,39:27.6
18,3,39:42.6
18,3,39:57.6
18,3,40:12.6
18,3,40:27.6
18,3,40:42.6
18,3,40:57.6
18,3,41:12.6
18,3,41:27.6
18,3,41:42.6
18,3,41:57.6
18,3,42:12.6
18,3,42:27.6
18,3,42:42.6
18,3,42:57.6
18,3,43:12.6
18,3,43:27.6
18,3,43:42.6
18,3,43:57.6
18,3,44:12.6
18,3,44:27.6
18,3,44:42.6
18,3,44:57.6
18,3,45:12.6
18,3,45:27.6
18,3,45:42.6
18,3,45:57.6
18,3,46:12.6
18,3,46:27.6
18,3,46:42.6
18,3,46:57.6
18,3,47:12.6
18,3,47:27.6
18,3,47:42.6
18,3,47:57.6
18,3,48:12.6
18,3,48:27.6
18,3,48:42.6
18,3,48:57.6
18,3,49:12.6
18,3,49:27.6
18,3,49:42.6
18,3,49:57.6
18,3,50:12.6
18,3,50:27.6
18,3,50:42.6
18,3,50:57.6
18,3,51:12.6
18,3,51:27.6
18,3,51:42.6
18,3,51:57.6
18,3,52:12.6
18,3,52:27.6
18,3,52:42.6
18,3,52:57.6
18,3,53:12.6
18,3,53:27.6
18,3,53:42.6
18,3,53:57.6
18,3,54:12.6
18,3,54:27.6
18,3,54:42.6
18,3,54:57.6
18,3,55:12.6
18,3,55:27.6
18,3,55:42.6
18,3,55:57.6
18,3,56:12.6
18,3,56:27.6
18,3,56:42.6
18,3,56:57.6
18,3,57:12.6
18,3,57:27.6
18,3,57:42.6
18,3,57:57.6
18,3,58:12.6
18,3,58:27.6
18,3,58:42.6
18,3,58:57.6
18,3,59:12.6
18,3,59:27.6
18,3,59:42.6
18,3,59:57.6
18,3,00:12.6
18,3,00:27.6
18,3,00:42.6
18,3,00:57.6
18,3,01:12.6
18,3,01:27.6
18,3,01:42.6
18,3,01:57.6
18,3,02:12.6
18,3,02:27.6
18,3,02:42.6
18,3,02:57.6
18,3,03:12.6
18,3,03:27.6
18,3,03:42.6
17,3,03:57.6
17,3,04:12.6
18,3,04:27.6
17,3,04:42.6
17,3,04:57.6
17,3,05:12.6
17,3,05:27.6
17,3,05:42.6
17,3,05:57.6
17,3,06:12.6
17,3,06:27.6
17,3,06:42.6
18,3,06:57.6
17,3,07:12.6
18,3,07:27.6
17,3,07:42.6
17,3,07:57.6
17,3,08:12.6
17,3,08:27.6
17,3,08:42.6
17,3,08:57.6
17,3,09:12.6
17,3,09:27.6
17,3,09:42.6
17,3,09:57.6
17,3,10:12.6
17,3,10:27.6
17,3,10:42.6
17,3,10:57.6
17,3,11:12.6
17,3,11:27.6
17,3,11:42.6
17,3,11:57.6
17,3,12:12.6
17,3,12:27.6
17,3,12:42.6
17,3,12:57.6
17,3,13:12.6
17,3,13:27.6
17,3,13:42.6
17,3,13:57.6
17,3,14:12.6
17,3,14:27.6
17,3,14:42.6
17,3,14:57.6
17,3,15:12.6
17,3,15:27.6
17,3,15:42.6
17,3,15:57.6
17,3,16:12.6
17,3,16:27.6
17,3,16:42.6
17,3,16:57.6
17,3,17:12.6
17,3,17:27.6
17,3,17:42.6
17,3,17:57.6
17,3,18:12.6
17,3,18:27.6
17,3,18:42.6
17,3,18:57.6
17,3,19:12.6
17,3,19:27.6
17,3,19:42.6
17,3,19:57.6
17,3,20:12.6
17,3,20:27.6
17,3,20:42.6
17,3,20:57.6
17,3,21:12.6
17,3,21:27.6
17,3,21:42.6
17,3,21:57.6
17,3,22:12.6
17,3,22:27.6
17,3,22:42.6
17,3,22:57.6
17,3,23:12.6
17,3,23:27.6
17,3,23:42.6
17,3,23:57.6
17,3,24:12.6
17,3,24:27.6
17,3,24:42.6
17,3,24:57.6
17,3,25:12.6
17,3,25:27.6
17,3,25:42.6
17,3,25:57.6
17,3,26:12.6
17,3,26:27.6
17,3,26:42.6
17,3,26:57.6
17,3,27:12.6
17,3,27:27.6
17,3,27:42.6
17,3,27:57.6
17,3,28:12.6
17,3,28:27.6
17,3,28:42.6
17,3,28:57.6
17,3,29:12.6
17,3,29:27.6
17,3,29:42.6
17,3,29:57.6
17,3,30:12.6
17,3,30:27.6
17,3,30:42.6
17,3,30:57.6
17,3,31:12.6
17,3,31:27.6
17,3,31:42.6
17,3,31:57.6
17,3,32:12.6
17,3,32:27.6
17,3,32:42.6
17,3,32:57.6
17,3,33:12.6
17,3,33:27.6
17,3,33:42.6
17,3,33:57.6
17,3,34:12.6
17,3,34:27.6
17,3,34:42.6
17,3,34:57.6
17,3,35:12.6
17,3,35:27.6
17,3,35:42.6
17,3,35:57.6
17,3,36:12.6
17,3,36:27.6
17,3,36:42.6
17,3,36:57.6
17,3,37:12.6
17,3,37:27.6
17,3,37:42.6
17,3,37:57.6
17,3,38:12.6
17,3,38:27.6
17,3,38:42.6
17,3,38:57.6
17,3,39:12.6
17,3,39:27.6
17,3,39:42.6
17,3,39:57.6
17,3,40:12.6
17,3,40:27.6
17,3,40:42.6
17,3,40:57.6
17,3,41:12.6
17,3,41:27.6
17,3,41:42.6
17,3,41:57.6
17,3,42:12.6
17,3,42:27.6
17,3,42:42.6
16,3,42:57.6
17,3,43:12.6
17,3,43:27.6
17,3,43:42.6
17,3,43:57.6
17,3,44:12.6
17,3,44:27.6
17,3,44:42.6
17,3,44:57.6
17,3,45:12.6
17,3,45:27.6
17,3,45:42.6
17,3,45:57.6
17,3,46:12.6
17,3,46:27.6
16,3,46:42.6
16,3,46:57.6
16,3,47:12.6
17,3,47:27.6
17,3,47:42.6
17,3,47:57.6
16,3,48:12.6
16,3,48:27.6
16,3,48:42.6
16,3,48:57.6
17,3,49:12.6
17,3,49:27.6
16,3,49:42.6
17,3,49:57.6
17,3,50:12.6
16,3,50:27.6
16,3,50:42.6
16,3,50:57.6
16,3,51:12.6
17,3,51:27.6
16,3,51:42.6
16,3,51:57.6
16,3,52:12.6
16,3,52:27.6
16,3,52:42.6
16,3,52:57.6
16,3,53:12.6
16,3,53:27.6
16,3,53:42.6
16,3,53:57.6
17,3,54:12.6
16,3,54:27.6
16,3,54:42.6
16,3,54:57.6
16,3,55:12.6
16,3,55:27.6
16,3,55:42.6
16,3,55:57.6
16,3,56:12.6
16,3,56:27.6
17,3,56:42.6
17,3,56:57.6
17,3,57:12.6
16,3,57:27.6
16,3,57:42.6
16,3,57:57.6
16,3,58:12.6
16,3,58:27.6
16,3,58:42.6
16,3,58:57.6
16,3,59:12.6
16,3,59:27.6
16,3,59:42.6
16,3,59:57.6
16,3,00:12.6
15,3,00:27.6
15,3,00:42.6
15,3,00:57.6
15,3,01:12.6
15,3,01:27.6
15,3,01:42.6
15,3,01:57.6
15,3,02:12.6
14,3,02:27.6
14,3,02:42.6
14,3,02:57.6
14,3,03:12.6
14,3,03:27.6
14,3,03:42.6
14,3,03:57.6
14,3,04:12.6
14,3,04:27.6
14,3,04:42.6
14,3,04:57.6
14,3,05:12.6
14,3,05:27.6
13,3,05:42.6
13,3,05:57.6
14,3,06:12.6
14,3,06:27.6
14,3,06:42.6
14,3,06:57.6
14,3,07:12.6
14,3,07:27.6
14,3,07:42.6
14,3,07:57.6
14,3,08:12.6
14,3,08:27.6
14,2,08:42.6
14,2,08:57.6
14,2,09:12.6
13,2,09:27.6
13,2,09:42.6
13,2,09:57.6
13,2,10:12.6
13,2,10:27.6
13,2,10:42.6
13,2,10:57.6
13,2,11:12.6
13,2,11:27.6
13,2,11:42.6
13,2,11:57.6
13,2,12:12.6
13,2,12:27.6
13,2,12:42.6
13,2,12:57.6
13,2,13:12.6
13,2,13:27.6
13,2,13:42.6
13,2,13:57.6
13,2,14:12.6
13,2,14:27.6
12,2,14:42.6
12,2,14:57.6
12,2,15:12.6
12,2,15:27.6
12,2,15:42.6
12,2,15:57.6
12,2,16:12.6
12,2,16:27.6
12,2,16:42.6
12,2,16:57.6
12,2,17:12.6
12,2,17:27.6
12,2,17:42.6
12,2,17:57.6
12,2,18:12.6
12,2,18:27.6
12,2,18:42.6
12,2,18:57.6
12,2,19:12.6
12,2,19:27.6
12,2,19:42.6
12,2,19:57.6
12,2,20:12.6
12,2,20:27.6
12,2,20:42.6
11,2,20:57.6
11,2,21:12.6
12,2,21:27.6
11,2,21:42.6
12,2,21:57.6
11,2,22:12.6
11,2,22:27.6
11,2,22:42.6
11,2,22:57.6
11,2,23:12.6
11,2,23:27.6
11,2,23:42.6
11,2,23:57.6
11,2,24:12.6
11,2,24:27.6
11,2,24:42.6
11,2,24:57.6
11,2,25:12.6
11,2,25:27.6
11,2,25:42.6
11,2,25:57.6
11,2,26:12.6
11,2,26:27.6
11,2,26:42.6
11,2,26:57.6
11,2,27:12.6
11,2,27:27.6
11,2,27:42.6
11,2,27:57.6
11,2,28:12.6
11,2,28:27.6
11,2,28:42.6
10,2,28:57.6
11,2,29:12.6
11,2,29:27.6
11,2,29:42.6
11,2,29:57.6
10,2,30:12.6
10,2,30:27.6
10,2,30:42.6
10,2,30:57.6
10,2,31:12.6
10,2,31:27.6
10,2,31:42.6
10,2,31:57.6
10,2,32:12.6
10,2,32:27.6
10,2,32:42.6
10,2,32:57.6
10,2,33:12.6
10,2,33:27.6
10,2,33:42.6
10,2,33:57.6
10,2,34:12.6
10,2,34:27.6
10,2,34:42.6
10,2,34:57.6
10,2,35:12.6
10,2,35:27.6
10,2,35:42.6
10,2,35:57.6
10,2,36:12.6
10,2,36:27.6
10,2,36:42.6
10,2,36:57.6
10,2,37:12.6
10,2,37:27.6
10,2,37:42.6
10,2,37:57.6
10,2,38:12.6
10,2,38:27.6
10,2,38:42.6
10,2,38:57.6
10,2,39:12.6
10,2,39:27.6
10,2,39:42.6
10,2,39:57.6
10,2,40:12.6
10,2,40:27.6
10,2,40:42.6
10,2,40:57.6
10,2,41:12.6
10,2,41:27.6
10,2,41:42.6
10,2,41:57.6
10,2,42:12.6
10,2,42:27.6
10,2,42:42.6
10,2,42:57.6
10,2,43:12.6
10,2,43:27.6
10,2,43:42.6
10,2,43:57.6
10,2,44:12.6
10,2,44:27.6
10,2,44:42.6
10,2,44:57.6
10,2,45:12.6
10,2,45:27.6
10,2,45:42.6
10,2,45:57.6
10,2,46:12.6
10,2,46:27.6
10,2,46:42.6
10,2,46:57.6
10,2,47:12.6
10,2,47:27.6
10,2,47:42.6
10,2,47:57.6
10,2,48:12.6
10,2,48:27.6
10,2,48:42.6
10,2,48:57.6
10,2,49:12.6
10,2,49:27.6
10,2,49:42.6
10,2,49:57.6
9,2,50:12.6
9,2,50:27.6
9,2,50:42.6
10,2,50:57.6
9,2,51:12.6
9,2,51:27.6
9,2,51:42.6
9,2,51:57.6
9,2,52:12.6
9,2,52:27.6
9,2,52:42.6
9,2,52:57.6
9,2,53:12.6
9,2,53:27.6
9,2,53:42.6
9,2,53:57.6
9,2,54:12.6
9,2,54:27.6
9,2,54:42.6
9,2,54:57.6
9,1,55:12.6
9,2,55:27.6
9,1,55:42.6
9,2,55:57.6
9,1,56:12.6
9,2,56:27.6
9,2,56:42.6
10,2,56:57.6
9,2,57:12.6
9,2,57:27.6
7,1,57:42.6
7,1,57:57.6
7,1,58:12.6
7,1,58:27.6
7,1,58:42.6
7,1,58:57.6
7,1,59:12.6
7,1,59:27.6
7,1,59:42.6
7,1,59:57.6
7,1,00:12.6
9,2,00:27.6
8,2,00:42.6
7,1,00:57.6
7,1,01:12.6
7,1,01:27.6
7,1,01:42.6
7,1,01:57.6
7,1,02:12.6
7,1,02:27.6
7,1,02:42.6
7,1,02:57.6
7,1,03:12.6
7,1,03:27.6
7,1,03:42.6
7,1,03:57.6
7,1,04:12.6
7,1,04:27.6
8,1,04:42.6
7,1,04:57.6
8,1,05:12.6
8,1,05:27.6
8,1,05:42.6
8,1,05:57.6
8,1,06:12.6
8,1,06:27.6
8,1,06:42.6
8,1,06:57.6
8,1,07:12.6
8,1,07:27.6
8,1,07:42.6
8,1,07:57.6
8,1,08:12.6
8,1,08:27.6
8,1,08:42.6
8,1,08:57.6
8,1,09:12.6
8,1,09:27.6
8,1,09:42.6
8,1,09:57.6
8,1,10:12.6
8,1,10:27.6
8,1,10:42.6
8,1,10:57.6
8,1,11:12.6
8,1,11:27.6
8,1,11:42.6
8,1,11:57.6
8,1,12:12.6
8,1,12:27.6
8,1,12:42.6
8,1,12:57.6
8,1,13:12.6
8,1,13:27.6
8,1,13:42.6
8,1,13:57.6
8,1,14:12.6
8,1,14:27.6
8,1,14:42.6
8,1,14:57.6
8,1,15:12.6
8,1,15:27.6
8,1,15:42.6
8,1,15:57.6
8,1,16:12.6
8,1,16:27.6
7,1,16:42.6
7,1,16:57.6
7,1,17:12.6
7,1,17:27.6
7,1,17:42.6
7,1,17:57.6
7,1,18:12.6
7,1,18:27.6
7,1,18:42.6
7,1,18:57.6
23,3,19:12.6
9,2,19:27.6
7,1,19:42.6
7,1,19:57.6
9,1,20:12.6
11,1,20:27.6
10,1,20:42.6
9,1,20:57.6
9,1,21:12.6
9,1,21:27.6
9,1,21:42.6
9,1,21:57.6
9,1,22:12.6
9,1,22:27.6
9,1,22:42.6
9,1,22:57.6
9,1,23:12.6
9,1,23:27.6
9,1,23:42.6
8,1,23:57.6
8,1,24:12.6
8,1,24:27.6
8,1,24:42.6
8,1,24:57.6
8,1,25:12.6
8,1,25:27.6
8,1,25:42.6
8,1,25:57.6
8,1,26:12.6
8,1,26:27.6
8,1,26:42.6
8,1,26:57.6
8,1,27:12.6
9,1,27:27.6
9,1,27:42.6
9,1,27:57.6
9,1,28:12.6
9,1,28:27.6
9,1,28:42.6
9,1,28:57.6
9,1,29:12.6
9,1,29:27.6
9,1,29:42.6
9,1,29:57.6
9,1,30:12.6
9,1,30:27.6
9,1,30:42.6
9,1,30:57.6
9,1,31:12.6
9,1,31:27.6
9,1,31:42.6
9,1,31:57.6
9,1,32:12.6
9,1,32:27.6
9,1,32:42.6
9,1,32:57.6
9,1,33:12.6
9,1,33:27.6
9,1,33:42.6
9,1,33:57.6
9,1,34:12.6
9,1,34:27.6
9,1,34:42.6
9,1,34:57.6
9,1,35:12.6
9,1,35:27.6
9,1,35:42.6
9,1,35:57.6
9,1,36:12.6
9,1,36:27.6
9,1,36:42.6
8,1,36:57.6
9,1,37:12.6
9,1,37:27.6
8,1,37:42.6
9,1,37:57.6
8,1,38:12.6
9,1,38:27.6
8,1,38:42.6
8,1,38:57.6
8,1,39:12.6
8,1,39:27.6
8,1,39:42.6
8,1,39:57.6
8,1,40:12.6
8,1,40:27.6
9,1,40:42.6
9,1,40:57.6
8,1,41:12.6
9,1,41:27.6
9,1,41:42.6
9,1,41:57.6
9,1,42:12.6
8,1,42:27.6
8,1,42:42.6
8,1,42:57.6
9,1,43:12.6
8,1,43:27.6
9,1,43:42.6
9,1,43:57.6
9,1,44:12.6
8,1,44:27.6
8,1,44:42.6
9,1,44:57.6
8,1,45:12.6
9,1,45:27.6
8,1,45:42.6
8,1,45:57.6
8,1,46:12.6
8,1,46:27.6
8,1,46:42.6
8,1,46:57.6
8,1,47:12.6
8,1,47:27.6
8,1,47:42.6
8,1,47:57.6
8,1,48:12.6
8,1,48:27.6
8,1,48:42.6
8,1,48:57.6
8,1,49:12.6
8,1,49:27.6
8,1,49:42.6
8,1,49:57.6
8,1,50:12.6
8,1,50:27.6
8,1,50:42.6
8,1,50:57.6
8,1,51:12.6
8,1,51:27.6
8,1,51:42.6
8,1,51:57.6
8,1,52:12.6
8,1,52:27.6
8,1,52:42.6
8,1,52:57.6
8,1,53:12.6
8,1,53:27.6
8,1,53:42.6
8,1,53:57.6
8,1,54:12.6
8,1,54:27.6
8,1,54:42.6
8,1,54:57.6
8,1,55:12.6
8,1,55:27.6
8,1,55:42.6
8,1,55:57.6
8,1,56:12.6
8,1,56:27.6
8,1,56:42.6
8,1,56:57.6
8,1,57:12.6
8,1,57:27.6
8,1,57:42.6
8,1,57:57.6
8,1,58:12.6
8,1,58:27.6
8,1,58:42.6
8,1,58:57.6
8,1,59:12.6
8,1,59:27.6
8,1,59:42.6
8,1,59:57.6
8,1,00:12.6
8,1,00:27.6
8,1,00:42.6
8,1,00:57.6
8,1,01:12.6
8,1,01:27.6
8,1,01:42.6
8,1,01:57.6
8,1,02:12.6
8,1,02:27.6
8,1,02:42.6
8,1,02:57.6
8,1,03:12.6
8,1,03:27.6
8,1,03:42.6
8,1,03:57.6
8,1,04:12.6
8,1,04:27.6
8,1,04:42.6
8,1,04:57.6
8,1,05:12.6
8,1,05:27.6
8,1,05:42.6
8,1,05:57.6
8,1,06:12.6
8,1,06:27.6
8,1,06:42.6
8,1,06:57.6
8,1,07:12.6
8,1,07:27.6
8,1,07:42.6
8,1,07:57.6
8,1,08:12.6
7,1,08:27.6
8,1,08:42.6
8,1,08:57.6
8,1,09:12.6
8,1,09:27.6
7,1,09:42.6
7,1,09:57.6
8,1,10:12.6
8,1,10:27.6
8,1,10:42.6
7,1,10:57.6
8,1,11:12.6
8,1,11:27.6
8,1,11:42.6
7,1,11:57.6
8,1,12:12.6
7,1,12:27.6
7,1,12:42.6
7,1,12:57.6
7,1,13:12.6
7,1,13:27.6
7,1,13:42.6
7,1,13:57.6
7,1,14:12.6
7,1,14:27.6
7,1,14:42.6
7,1,14:57.6
7,1,15:12.6
7,1,15:27.6
7,1,15:42.6
7,1,15:57.6
7,1,16:12.6
7,1,16:27.6
8,1,16:42.6
7,1,16:57.6
8,1,17:12.6
8,1,17:27.6
7,1,17:42.6
8,1,17:57.6
8,1,18:12.6
8,1,18:27.6
8,1,18:42.6
7,1,18:57.6
7,1,19:12.6
7,1,19:27.6
8,1,19:42.6
8,1,19:57.6
8,1,20:12.6
7,1,20:27.6
8,1,20:42.6
8,1,20:57.6
8,1,21:12.6
7,1,21:27.6
8,1,21:42.6
8,1,21:57.6
8,1,22:12.6
7,1,22:27.6
7,1,22:42.6
7,1,22:57.6
7,1,23:12.6
8,1,23:27.6
7,1,23:42.6
8,1,23:57.6
8,1,24:12.6
8,1,24:27.6
8,1,24:42.6
7,1,24:57.6
7,1,25:12.6
7,1,25:27.6
7,1,25:42.6
7,1,25:57.6
7,1,26:12.6
7,1,26:27.6
7,1,26:42.6
7,1,26:57.6
7,1,27:12.6
7,1,27:27.6
8,1,27:42.6
7,1,27:57.6
7,1,28:12.6
7,1,28:27.6
7,1,28:42.6
7,1,28:57.6
7,1,29:12.6
7,1,29:27.6
7,1,29:42.6
7,1,29:57.6
7,1,30:12.6
7,1,30:27.6
8,1,30:42.6
7,1,30:57.6
7,1,31:12.6
7,1,31:27.6
7,1,31:42.6
7,1,31:57.6
7,1,32:12.6
7,1,32:27.6
8,1,32:42.6
8,1,32:57.6
8,1,33:12.6
7,1,33:27.6
7,1,33:42.6
7,1,33:57.6
7,1,34:12.6
7,1,34:27.6
7,1,34:42.6
7,1,34:57.6
7,1,35:12.6
7,1,35:27.6
7,1,35:42.6
7,1,35:57.6
7,1,36:12.6
7,1,36:27.6
7,1,36:42.6
7,1,36:57.6
7,1,37:12.6
7,1,37:27.6
7,1,37:42.6
7,1,37:57.6
7,1,38:12.6
7,1,38:27.6
7,1,38:42.6
7,1,38:57.6
7,1,39:12.6
7,1,39:27.6
7,1,39:42.6
7,1,39:57.6
7,1,40:12.6
7,1,40:27.6
7,1,40:42.6
7,1,40:57.6
7,1,41:12.6
7,1,41:27.6
7,1,41:42.6
8,1,41:57.6
7,1,42:12.6
7,1,42:27.6
7,1,42:42.6
7,1,42:57.6
7,1,43:12.6
7,1,43:27.6
7,1,43:42.6
7,1,43:57.6
7,1,44:12.6
7,1,44:27.6
7,1,44:42.6
7,1,44:57.6
7,1,45:12.6
7,1,45:27.6
7,1,45:42.6
7,1,45:57.6
7,1,46:12.6
8,1,46:27.6
8,1,46:42.6
8,1,46:57.6
8,1,47:12.6
8,1,47:27.6
8,1,47:42.6
8,1,47:57.6
8,1,48:12.6
8,1,48:27.6
8,1,48:42.6
8,1,48:57.6
8,1,49:12.6
8,1,49:27.6
8,1,49:42.6
8,1,49:57.6
8,1,50:12.6
8,1,50:27.6
8,1,50:42.6
8,1,50:57.6
8,1,51:12.6
7,1,51:27.6
8,1,51:42.6
7,1,51:57.6
8,1,52:12.6
8,1,52:27.6
8,1,52:42.6
8,1,52:57.6
8,1,53:12.6
8,1,53:27.6
8,1,53:42.6
8,1,53:57.6
8,1,54:12.6
8,1,54:27.6
8,1,54:42.6
8,1,54:57.6
8,1,55:12.6
8,1,55:27.6
8,1,55:42.6
8,1,55:57.6
8,1,56:12.6
8,1,56:27.6
8,1,56:42.6
8,1,56:57.6
8,1,57:12.6
8,1,57:27.6
8,1,57:42.6
8,1,57:57.6
8,1,58:12.6
8,1,58:27.6
8,1,58:42.6
8,1,58:57.6
8,1,59:12.6
8,1,59:27.6
8,1,59:42.6
8,1,59:57.6
8,1,00:12.6
8,1,00:27.6
8,1,00:42.6
8,1,00:57.6
8,1,01:12.6
8,1,01:27.6
8,1,01:42.6
8,1,01:57.6
8,1,02:12.6
8,1,02:27.6
8,1,02:42.6
8,1,02:57.6
8,1,03:12.6
8,1,03:27.6
13,1,03:42.6
8,1,03:57.6
9,1,04:12.6
8,1,04:27.6
9,1,04:42.6
9,1,04:57.6
9,1,05:12.6
9,1,05:27.6
9,1,05:42.6
7,1,05:57.6
14,1,06:12.6
27,1,06:27.6
32,1,06:42.6
41,1,06:57.6
48,1,07:12.6
43,1,07:27.6
45,1,07:42.6
43,1,07:57.6
53,1,08:12.6
61,1,08:27.6
58,1,08:42.6
13,1,08:57.6
10,1,09:12.6
10,1,09:27.6
10,1,09:42.6
12,1,09:57.6
12,1,10:12.6
9,1,10:27.6
9,1,10:42.6
9,1,10:57.6
9,1,11:12.6
9,1,11:27.6
9,1,11:42.6
9,1,11:57.6
9,1,12:12.6
9,1,12:27.6
9,1,12:42.6
9,1,12:57.6
9,1,13:12.6
9,1,13:27.6
9,1,13:42.6
9,1,13:57.6
9,1,14:12.6
9,1,14:27.6
9,1,14:42.6
9,1,14:57.6
9,1,15:12.6
9,1,15:27.6
9,1,15:42.6
9,1,15:57.6
9,1,16:12.6
9,1,16:27.6
9,1,16:42.6
9,1,16:57.6
9,1,17:12.6
9,1,17:27.6
9,1,17:42.6
9,1,17:57.6
10,1,18:12.6
10,1,18:27.6
17,1,18:42.6
10,1,18:57.6
9,1,19:12.6
9,1,19:27.6
9,1,19:42.6
9,1,19:57.6
9,1,20:12.6
9,1,20:27.6
9,1,20:42.6
9,1,20:57.6
9,1,21:12.6
9,1,21:27.6
9,1,21:42.6
9,1,21:57.6
9,1,22:12.6
9,1,22:27.6
9,1,22:42.6
9,1,22:57.6
9,1,23:12.6
9,1,23:27.6
9,1,23:42.6
9,1,23:57.6
9,1,24:12.6
10,1,24:27.6
9,1,24:42.6
9,1,24:57.6
10,1,25:12.6
9,1,25:27.6
9,1,25:42.6
9,1,25:57.6
10,1,26:12.6
9,1,26:27.6
9,1,26:42.6
9,1,26:57.6
10,1,27:12.6
9,1,27:27.6
9,1,27:42.6
10,1,27:57.6
10,1,28:12.6
9,1,28:27.6
10,1,28:42.6
9,1,28:57.6
10,1,29:12.6
9,1,29:27.6
9,1,29:42.6
10,1,29:57.6
10,1,30:12.6
10,1,30:27.6
10,1,30:42.6
10,1,30:57.6
10,1,31:12.6
9,1,31:27.6
10,1,31:42.6
10,1,31:57.6
10,1,32:12.6
9,1,32:27.6
10,1,32:42.6
10,1,32:57.6
9,1,33:12.6
9,1,33:27.6
10,1,33:42.6
10,1,33:57.6
10,1,34:12.6
10,1,34:27.6
10,1,34:42.6
10,1,34:57.6
10,1,35:12.6
10,1,35:27.6
10,1,35:42.6
10,1,35:57.6
10,1,36:12.6
10,1,36:27.6
10,1,36:42.6
10,1,36:57.6
10,1,37:12.6
10,1,37:27.6
10,1,37:42.6
9,1,37:57.6
10,1,38:12.6
10,1,38:27.6
9,1,38:42.6
9,1,38:57.6
10,1,39:12.6
10,1,39:27.6
10,1,39:42.6
10,1,39:57.6
9,1,40:12.6
9,1,40:27.6
9,1,40:42.6
10,1,40:57.6
10,1,41:12.6
10,1,41:27.6
10,1,41:42.6
10,1,41:57.6
10,1,42:12.6
10,1,42:27.6
10,1,42:42.6
10,1,42:57.6
10,1,43:12.6
10,1,43:27.6
10,1,43:42.6
10,1,43:57.6
10,1,44:12.6
10,1,44:27.6
10,1,44:42.6
10,1,44:57.6
10,1,45:12.6
10,1,45:27.6
10,1,45:42.6
10,1,45:57.6
10,1,46:12.6
10,1,46:27.6
11,1,46:42.6
10,1,46:57.6
10,1,47:12.6
10,1,47:27.6
10,1,47:42.6
10,1,47:57.6
10,1,48:12.6
10,1,48:27.6
10,1,48:42.6
10,1,48:57.6
11,1,49:12.6
10,1,49:27.6
10,1,49:42.6
11,1,49:57.6
10,1,50:12.6
11,1,50:27.6
10,1,50:42.6
10,1,50:57.6
11,1,51:12.6
11,1,51:27.6
10,1,51:42.6
11,1,51:57.6
11,1,52:12.6
10,1,52:27.6
11,1,52:42.6
11,1,52:57.6
11,1,53:12.6
11,1,53:27.6
11,1,53:42.6
11,1,53:57.6
11,1,54:12.6
11,1,54:27.6
10,1,54:42.6
11,1,54:57.6
11,1,55:12.6
11,1,55:27.6
11,1,55:42.6
11,1,55:57.6
11,1,56:12.6
11,1,56:27.6
11,1,56:42.6
11,1,56:57.6
10,1,57:12.6
11,1,57:27.6
11,1,57:42.6
11,1,57:57.6
11,1,58:12.6
11,1,58:27.6
11,1,58:42.6
11,1,58:57.6
11,1,59:12.6
11,1,59:27.6
11,1,59:42.6
11,1,59:57.6
10,1,00:12.6
11,1,00:27.6
11,1,00:42.6
11,1,00:57.6
11,1,01:12.6
11,1,01:27.6
11,1,01:42.6
11,1,01:57.6
11,1,02:12.6
11,1,02:27.6
11,1,02:42.6
11,1,02:57.6
11,1,03:12.6
11,1,03:27.6
11,1,03:42.6
11,1,03:57.6
11,1,04:12.6
11,1,04:27.6
11,1,04:42.6
11,1,04:57.6
12,1,05:12.6
11,1,05:27.6
11,1,05:42.6
11,1,05:57.6
11,1,06:12.6
12,1,06:27.6
12,1,06:42.6
11,1,06:57.6
12,1,07:12.6
11,1,07:27.6
11,1,07:42.6
12,1,07:57.6
11,1,08:12.6
12,2,08:27.6
11,1,08:42.6
11,1,08:57.6
12,1,09:12.6
12,1,09:27.6
11,1,09:42.6
12,1,09:57.6
11,1,10:12.6
12,2,10:27.6
12,1,10:42.6
12,2,10:57.6
12,2,11:12.6
12,2,11:27.6
12,2,11:42.6
12,1,11:57.6
12,2,12:12.6
12,2,12:27.6
12,2,12:42.6
12,1,12:57.6
12,2,13:12.6
12,2,13:27.6
12,2,13:42.6
12,2,13:57.6
12,2,14:12.6
12,2,14:27.6
12,2,14:42.6
12,2,14:57.6
12,2,15:12.6
12,2,15:27.6
12,2,15:42.6
12,2,15:57.6
12,2,16:12.6
12,2,16:27.6
12,2,16:42.6
12,2,16:57.6
12,2,17:12.6
12,2,17:27.6
13,2,17:42.6
13,2,17:57.6
12,2,18:12.6
13,2,18:27.6
13,2,18:42.6
12,2,18:57.6
12,2,19:12.6
12,2,19:27.6
12,2,19:42.6
12,2,19:57.6
13,2,20:12.6
12,2,20:27.6
13,2,20:42.6
12,2,20:57.6
13,2,21:12.6
12,2,21:27.6
13,2,21:42.6
13,2,21:57.6
13,2,22:12.6
13,2,22:27.6
12,2,22:42.6
13,2,22:57.6
13,2,23:12.6
13,2,23:27.6
13,2,23:42.6
12,2,23:57.6
13,2,24:12.6
12,2,24:27.6
13,2,24:42.6
13,2,24:57.6
13,2,25:12.6
12,2,25:27.6
12,2,25:42.6
12,2,25:57.6
12,2,26:12.6
13,1,26:27.6
13,2,26:42.6
13,2,26:57.6
13,1,27:12.6
13,2,27:27.6
13,1,27:42.6
13,2,27:57.6
13,2,28:12.6
13,2,28:27.6
13,2,28:42.6
13,2,28:57.6
13,2,29:12.6
12,2,29:27.6
13,1,29:42.6
13,2,29:57.6
13,2,30:12.6
13,2,30:27.6
13,2,30:42.6
13,2,30:57.6
13,2,31:12.6
13,2,31:27.6
13,2,31:42.6
13,2,31:57.6
13,2,32:12.6
13,2,32:27.6
13,2,32:42.6
13,1,32:57.6
13,2,33:12.6
13,2,33:27.6
13,2,33:42.6
13,1,33:57.6
13,2,34:12.6
13,2,34:27.6
13,1,34:42.6
13,2,34:57.6
13,2,35:12.6
14,1,35:27.6
14,1,35:42.6
14,2,35:57.6
15,2,36:12.6
14,2,36:27.6
15,2,36:42.6
16,2,36:57.6
21,2,37:12.6
16,2,37:27.6
13,2,37:42.6
13,2,37:57.6
14,2,38:12.6
14,2,38:27.6
14,2,38:42.6
14,2,38:57.6
14,2,39:12.6
14,2,39:27.6
14,2,39:42.6
14,2,39:57.6
14,2,40:12.6
14,2,40:27.6
14,2,40:42.6
14,2,40:57.6
14,2,41:12.6
15,2,41:27.6
15,2,41:42.6
15,2,41:57.6
15,2,42:12.6
15,2,42:27.6
15,2,42:42.6
15,2,42:57.6
15,2,43:12.6
15,2,43:27.6
16,2,43:42.6
15,2,43:57.6
15,2,44:12.6
15,2,44:27.6
15,2,44:42.6
16,2,44:57.6
16,2,45:12.6
16,2,45:27.6
16,2,45:42.6
15,2,45:57.6
14,2,46:12.6
13,1,46:27.6
13,1,46:42.6
13,1,46:57.6
13,1,47:12.6
13,1,47:27.6
13,1,47:42.6
13,1,47:57.6
13,1,48:12.6
13,1,48:27.6
13,1,48:42.6
14,1,48:57.6
14,1,49:12.6
14,1,49:27.6
14,1,49:42.6
14,1,49:57.6
15,1,50:12.6
25,1,50:27.6
13,1,50:42.6
13,1,50:57.6
13,1,51:12.6
13,1,51:27.6
13,1,51:42.6
13,1,51:57.6
13,1,52:12.6
13,1,52:27.6
13,1,52:42.6
13,1,52:57.6
13,1,53:12.6
13,1,53:27.6
14,1,53:42.6
14,1,53:57.6
13,1,54:12.6
14,1,54:27.6
14,1,54:42.6
14,1,54:57.6
14,1,55:12.6
14,1,55:27.6
14,1,55:42.6
14,1,55:57.6
14,1,56:12.6
14,1,56:27.6
15,1,56:42.6
15,1,56:57.6
15,1,57:12.6
15,1,57:27.6
15,1,57:42.6
15,1,57:57.6
15,1,58:12.6
16,1,58:27.6
16,1,58:42.6
16,1,58:57.6
16,1,59:12.6
16,1,59:27.6
16,1,59:42.6
16,1,59:57.6
16,1,00:12.6
16,1,00:27.6
16,1,00:42.6
16,1,00:57.6
16,1,01:12.6
16,1,01:27.6
17,1,01:42.6
17,1,01:57.6
17,1,02:12.6
17,1,02:27.6
17,1,02:42.6
17,1,02:57.6
17,1,03:12.6
17,1,03:27.6
17,1,03:42.6
17,1,03:57.6
17,1,04:12.6
17,1,04:27.6
17,1,04:42.6
17,1,04:57.6
17,1,05:12.6
17,2,05:27.6
17,2,05:42.6
17,2,05:57.6
17,2,06:12.6
17,2,06:27.6
17,2,06:42.6
17,2,06:57.6
17,2,07:12.6
17,2,07:27.6
17,2,07:42.6
17,2,07:57.6
17,2,08:12.6
17,2,08:27.6
17,2,08:42.6
17,2,08:57.6
18,2,09:12.6
18,2,09:27.6
18,2,09:42.6
18,2,09:57.6
18,2,10:12.6
18,2,10:27.6
18,2,10:42.6
18,2,10:57.6
18,2,11:12.6
18,2,11:27.6
18,2,11:42.6
18,2,11:57.6
18,2,12:12.6
18,2,12:27.6
18,2,12:42.6
18,2,12:57.6
18,2,13:12.6
18,2,13:27.6
18,2,13:42.6
18,2,13:57.6
19,2,14:12.6
19,2,14:27.6
18,2,14:42.6
19,2,14:57.6
19,2,15:12.6
19,2,15:27.6
19,2,15:42.6
19,2,15:57.6
19,2,16:12.6
19,2,16:27.6
19,2,16:42.6
19,2,16:57.6
19,2,17:12.6
19,2,17:27.6
19,2,17:42.6
19,2,17:57.6
20,2,18:12.6
20,2,18:27.6
20,2,18:42.6
19,2,18:57.6
20,2,19:12.6
20,2,19:27.6
20,2,19:42.6
20,2,19:57.6
20,2,20:12.6
20,2,20:27.6
20,2,20:42.6
21,2,20:57.6
20,2,21:12.6
20,2,21:27.6
21,2,21:42.6
20,2,21:57.6
20,2,22:12.6
21,2,22:27.6
21,2,22:42.6
21,2,22:57.6
21,2,23:12.6
21,2,23:27.6
21,2,23:42.6
21,2,23:57.6
21,2,24:12.6
21,2,24:27.6
22,2,24:42.6
21,2,24:57.6
21,2,25:12.6
22,2,25:27.6
22,2,25:42.6
22,2,25:57.6
22,2,26:12.6
22,2,26:27.6
22,2,26:42.6
22,2,26:57.6
22,2,27:12.6
22,2,27:27.6
22,2,27:42.6
22,2,27:57.6
23,2,28:12.6
23,2,28:27.6
23,2,28:42.6
23,2,28:57.6
23,2,29:12.6
23,2,29:27.6
23,2,29:42.6
23,2,29:57.6
23,2,30:12.6
23,2,30:27.6
23,2,30:42.6
23,2,30:57.6
23,2,31:12.6
23,2,31:27.6
24,2,31:42.6
24,2,31:57.6
24,2,32:12.6
24,2,32:27.6
24,2,32:42.6
24,2,32:57.6
24,2,33:12.6
24,2,33:27.6
24,2,33:42.6
24,2,33:57.6
24,2,34:12.6
24,2,34:27.6
25,2,34:42.6
25,2,34:57.6
25,2,35:12.6
25,2,35:27.6
25,2,35:42.6
25,2,35:57.6
25,2,36:12.6
25,2,36:27.6
25,2,36:42.6
25,2,36:57.6
25,2,37:12.6
26,2,37:27.6
26,2,37:42.6
26,2,37:57.6
26,2,38:12.6
26,2,38:27.6
26,2,38:42.6
26,2,38:57.6
27,2,39:12.6
26,2,39:27.6
27,2,39:42.6
27,2,39:57.6
27,2,40:12.6
27,2,40:27.6
27,2,40:42.6
27,2,40:57.6
27,2,41:12.6
27,2,41:27.6
27,2,41:42.6
27,2,41:57.6
28,2,42:12.6
27,2,42:27.6
28,2,42:42.6
28,2,42:57.6
28,2,43:12.6
28,2,43:27.6
28,2,43:42.6
28,2,43:57.6
28,2,44:12.6
28,2,44:27.6
29,2,44:42.6
28,2,44:57.6
29,2,45:12.6
29,2,45:27.6
28,2,45:42.6
29,2,45:57.6
29,2,46:12.6
29,2,46:27.6
29,2,46:42.6
29,2,46:57.6
29,2,47:12.6
30,2,47:27.6
30,2,47:42.6
30,2,47:57.6
30,2,48:12.6
30,2,48:27.6
31,2,48:42.6
31,2,48:57.6
30,2,49:12.6
30,2,49:27.6
30,2,49:42.6
31,2,49:57.6
31,2,50:12.6
31,2,50:27.6
30,2,50:42.6
31,2,50:57.6
31,2,51:12.6
31,3,51:27.6
31,3,51:42.6
31,3,51:57.6
31,3,52:12.6
32,3,52:27.6
31,3,52:42.6
32,3,52:57.6
32,3,53:12.6
32,3,53:27.6
32,3,53:42.6
32,3,53:57.6
32,3,54:12.6
33,3,54:27.6
33,3,54:42.6
33,3,54:57.6
33,3,55:12.6
33,3,55:27.6
33,3,55:42.6
34,3,55:57.6
34,3,56:12.6
34,3,56:27.6
34,3,56:42.6
35,3,56:57.6
34,3,57:12.6
34,3,57:27.6
34,3,57:42.6
35,3,57:57.6
34,3,58:12.6
34,3,58:27.6
35,3,58:42.6
35,3,58:57.6
35,3,59:12.6
35,3,59:27.6
35,3,59:42.6
35,3,59:57.6
35,3,00:12.6
35,3,00:27.6
35,3,00:42.6
36,3,00:57.6
36,3,01:12.6
36,3,01:27.6
36,3,01:42.6
36,3,01:57.6
36,3,02:12.6
37,3,02:27.6
37,3,02:42.6
37,3,02:57.6
37,3,03:12.6
37,3,03:27.6
37,3,03:42.6
37,3,03:57.6
37,3,04:12.6
37,3,04:27.6
38,3,04:42.6
38,3,04:57.6
38,3,05:12.6
37,3,05:27.6
37,3,05:42.6
37,3,05:57.6
38,3,06:12.6
38,3,06:27.6
38,3,06:42.6
38,3,06:57.6
38,3,07:12.6
38,3,07:27.6
38,3,07:42.6
38,3,07:57.6
39,3,08:12.6
39,3,08:27.6
39,3,08:42.6
39,3,08:57.6
39,3,09:12.6
40,3,09:27.6
39,3,09:42.6
39,3,09:57.6
39,3,10:12.6
39,3,10:27.6
40,3,10:42.6
40,3,10:57.6
40,3,11:12.6
39,3,11:27.6
40,3,11:42.6
41,3,11:57.6
41,3,12:12.6
41,3,12:27.6
41,3,12:42.6
41,3,12:57.6
41,3,13:12.6
41,3,13:27.6
41,3,13:42.6
41,3,13:57.6
41,3,14:12.6
41,3,14:27.6
42,3,14:42.6
42,3,14:57.6
42,3,15:12.6
42,3,15:27.6
42,3,15:42.6
42,3,15:57.6
42,3,16:12.6
42,3,16:27.6
43,3,16:42.6
42,3,16:57.6
43,3,17:12.6
43,3,17:27.6
43,3,17:42.6
43,3,17:57.6
43,3,18:12.6
43,3,18:27.6
43,3,18:42.6
43,3,18:57.6
43,3,19:12.6
43,3,19:27.6
43,3,19:42.6
43,3,19:57.6
43,3,20:12.6
43,3,20:27.6
43,3,20:42.6
43,3,20:57.6
43,3,21:12.6
43,3,21:27.6
43,3,21:42.6
43,3,21:57.6
44,3,22:12.6
44,3,22:27.6
44,3,22:42.6
44,3,22:57.6
44,3,23:12.6
44,3,23:27.6
44,3,23:42.6
44,3,23:57.6
44,3,24:12.6
44,3,24:27.6
44,3,24:42.6
44,3,24:57.6
44,3,25:12.6
45,3,25:27.6
45,3,25:42.6
45,3,25:57.6
45,3,26:12.6
45,4,26:27.6
45,3,26:42.6
45,3,26:57.6
45,4,27:12.6
45,4,27:27.6
45,4,27:42.6
45,4,27:57.6
45,4,28:12.6
45,4,28:27.6
45,4,28:42.6
45,4,28:57.6
45,4,29:12.6
45,4,29:27.6
46,4,29:42.6
46,4,29:57.6
45,4,30:12.6
46,4,30:27.6
46,4,30:42.6
46,4,30:57.6
46,4,31:12.6
46,4,31:27.6
46,4,31:42.6
46,4,31:57.6
46,4,32:12.6
46,4,32:27.6
46,4,32:42.6
46,4,32:57.6
46,4,33:12.6
46,4,33:27.6
46,4,33:42.6
46,4,33:57.6
46,4,34:12.6
46,4,34:27.6
46,4,34:42.6
46,4,34:57.6
46,4,35:12.6
46,4,35:27.6
46,4,35:42.6
46,4,35:57.6
46,4,36:12.6
46,4,36:27.6
46,4,36:42.6
46,4,36:57.6
46,4,37:12.6
46,4,37:27.6
46,4,37:42.6
46,4,37:57.6
47,4,38:12.6
46,4,38:27.6
46,4,38:42.6
46,4,38:57.6
46,4,39:12.6
46,4,39:27.6
46,4,39:42.6
47,4,39:57.6
47,4,40:12.6
46,4,40:27.6
47,4,40:42.6
47,4,40:57.6
46,4,41:12.6
47,4,41:27.6
47,4,41:42.6
47,4,41:57.6
47,4,42:12.6
47,4,42:27.6
46,4,42:42.6
47,4,42:57.6
47,4,43:12.6
47,4,43:27.6
47,4,43:42.6
47,4,43:57.6
47,4,44:12.6
47,4,44:27.6
47,4,44:42.6
47,4,44:57.6
47,4,45:12.6
47,4,45:27.6
47,4,45:42.6
47,4,45:57.6
47,4,46:12.6
47,4,46:27.6
47,4,46:42.6
47,4,46:57.6
47,4,47:12.6
47,4,47:27.6
47,4,47:42.6
47,4,47:57.6
48,4,48:12.6
47,4,48:27.6
47,4,48:42.6
47,4,48:57.6
47,4,49:12.6
47,4,49:27.6
47,4,49:42.6
47,4,49:57.6
48,4,50:12.6
48,4,50:27.6
48,4,50:42.6
48,4,50:57.6
49,4,51:12.6
48,4,51:27.6
48,4,51:42.6
48,4,51:57.6
48,4,52:12.6
49,4,52:27.6
48,4,52:42.6
48,4,52:57.6
48,4,53:12.6
48,4,53:27.6
48,4,53:42.6
48,4,53:57.6
48,4,54:12.6
49,4,54:27.6
48,4,54:42.6
49,4,54:57.6
49,4,55:12.6
49,4,55:27.6
49,4,55:42.6
49,4,55:57.6
49,4,56:12.6
49,4,56:27.6
50,4,56:42.6
49,4,56:57.6
50,4,57:12.6
50,4,57:27.6
50,4,57:42.6
50,4,57:57.6
50,4,58:12.6
50,4,58:27.6
50,4,58:42.6
50,4,58:57.6
50,4,59:12.6
50,4,59:27.6
51,4,59:42.6
51,4,59:57.6
51,4,00:12.6
50,4,00:27.6
50,4,00:42.6
50,4,00:57.6
51,4,01:12.6
51,4,01:27.6
51,4,01:42.6
51,4,01:57.6
51,4,02:12.6
51,4,02:27.6
51,4,02:42.6
51,4,02:57.6
51,4,03:12.6
52,4,03:27.6
51,4,03:42.6
51,4,03:57.6
51,4,04:12.6
52,4,04:27.6
51,4,04:42.6
52,4,04:57.6
52,4,05:12.6
52,4,05:27.6
52,4,05:42.6
52,4,05:57.6
52,4,06:12.6
52,4,06:27.6
52,4,06:42.6
52,4,06:57.6
52,4,07:12.6
53,4,07:27.6
53,4,07:42.6
53,4,07:57.6
53,4,08:12.6
53,4,08:27.6
53,4,08:42.6
53,4,08:57.6
52,4,09:12.6
53,4,09:27.6
52,4,09:42.6
53,5,09:57.6
53,4,10:12.6
53,4,10:27.6
53,5,10:42.6
53,5,10:57.6
53,5,11:12.6
54,5,11:27.6
54,5,11:42.6
53,5,11:57.6
53,5,12:12.6
53,5,12:27.6
54,5,12:42.6
54,5,12:57.6
54,5,13:12.6
54,5,13:27.6
54,5,13:42.6
54,5,13:57.6
54,5,14:12.6
54,5,14:27.6
54,5,14:42.6
54,5,14:57.6
54,5,15:12.6
55,5,15:27.6
55,5,15:42.6
55,5,15:57.6
56,5,16:12.6
55,5,16:27.6
55,5,16:42.6
55,5,16:57.6
56,5,17:12.6
56,5,17:27.6
55,5,17:42.6
55,5,17:57.6
56,5,18:12.6
56,5,18:27.6
56,5,18:42.6
56,5,18:57.6
56,5,19:12.6
56,5,19:27.6
56,5,19:42.6
56,5,19:57.6
56,5,20:12.6
56,5,20:27.6
56,5,20:42.6
57,5,20:57.6
56,5,21:12.6
58,5,21:27.6
58,5,21:42.6
57,5,21:57.6
56,5,22:12.6
57,5,22:27.6
58,5,22:42.6
57,5,22:57.6
58,5,23:12.6
58,5,23:27.6
58,5,23:42.6
58,5,23:57.6
58,5,24:12.6
59,5,24:27.6
59,5,24:42.6
59,5,24:57.6
59,5,25:12.6
59,5,25:27.6
59,5,25:42.6
59,5,25:57.6
58,5,26:12.6
59,5,26:27.6
61,5,26:42.6
59,5,26:57.6
60,5,27:12.6
59,5,27:27.6
60,5,27:42.6
60,5,27:57.6
61,5,28:12.6
61,5,28:27.6
61,5,28:42.6
61,5,28:57.6
60,5,29:12.6
59,5,29:27.6
60,5,29:42.6
61,5,29:57.6
61,5,30:12.6
61,5,30:27.6
62,5,30:42.6
61,5,30:57.6
62,5,31:12.6
62,5,31:27.6
62,6,31:42.6
62,6,31:57.6
62,6,32:12.6
62,5,32:27.6
62,6,32:42.6
62,6,32:57.6
62,6,33:12.6
61,6,33:27.6
62,6,33:42.6
62,6,33:57.6
62,6,34:12.6
63,6,34:27.6
63,6,34:42.6
62,6,34:57.6
62,6,35:12.6
62,6,35:27.6
63,6,35:42.6
63,6,35:57.6
63,6,36:12.6
63,6,36:27.6
63,6,36:42.6
64,6,36:57.6
63,6,37:12.6
63,6,37:27.6
64,6,37:42.6
64,6,37:57.6
64,6,38:12.6
64,6,38:27.6
64,6,38:42.6
64,6,38:57.6
65,6,39:12.6
65,6,39:27.6
65,6,39:42.6
66,6,39:57.6
64,6,40:12.6
65,6,40:27.6
65,6,40:42.6
66,6,40:57.6
66,6,41:12.6
66,6,41:27.6
65,6,41:42.6
65,6,41:57.6
66,6,42:12.6
66,6,42:27.6
66,6,42:42.6
66,6,42:57.6
67,6,43:12.6
66,6,43:27.6
66,6,43:42.6
67,6,43:57.6
67,6,44:12.6
68,6,44:27.6
67,6,44:42.6
66,6,44:57.6
66,6,45:12.6
68,6,45:27.6
68,6,45:42.6
68,6,45:57.6
68,6,46:12.6
68,6,46:27.6
68,6,46:42.6
69,6,46:57.6
68,6,47:12.6
68,6,47:27.6
68,6,47:42.6
68,6,47:57.6
68,6,48:12.6
69,6,48:27.6
69,6,48:42.6
69,6,48:57.6
68,6,49:12.6
69,6,49:27.6
69,6,49:42.6
70,6,49:57.6
70,6,50:12.6
70,6,50:27.6
69,7,50:42.6
70,6,50:57.6
70,6,51:12.6
69,7,51:27.6
70,6,51:42.6
70,7,51:57.6
71,7,52:12.6
71,7,52:27.6
71,7,52:42.6
71,7,52:57.6
71,7,53:12.6
70,7,53:27.6
71,7,53:42.6
71,7,53:57.6
71,7,54:12.6
73,7,54:27.6
73,7,54:42.6
71,7,54:57.6
72,7,55:12.6
72,7,55:27.6
72,7,55:42.6
72,7,55:57.6
73,7,56:12.6
72,7,56:27.6
72,7,56:42.6
72,7,56:57.6
74,7,57:12.6
74,7,57:27.6
74,7,57:42.6
74,7,57:57.6
75,7,58:12.6
75,7,58:27.6
74,7,58:42.6
74,7,58:57.6
74,7,59:12.6
74,7,59:27.6
75,7,59:42.6
74,7,59:57.6
75,7,00:12.6
76,7,00:27.6
77,7,00:42.6
74,7,00:57.6
75,7,01:12.6
78,7,01:27.6
77,7,01:42.6
77,7,01:57.6
76,7,02:12.6
77,7,02:27.6
77,7,02:42.6
78,7,02:57.6
76,7,03:12.6
77,7,03:27.6
78,7,03:42.6
78,7,03:57.6
78,7,04:12.6
79,7,04:27.6
78,7,04:42.6
77,7,04:57.6
77,7,05:12.6
77,7,05:27.6
78,7,05:42.6
78,7,05:57.6
78,7,06:12.6
78,7,06:27.6
78,7,06:42.6
78,7,06:57.6
80,8,07:12.6
80,7,07:27.6
81,7,07:42.6
79,8,07:57.6
80,8,08:12.6
81,8,08:27.6
81,8,08:42.6
82,8,08:57.6
82,8,09:12.6
82,8,09:27.6
82,8,09:42.6
82,8,09:57.6
82,8,10:12.6
82,8,10:27.6
84,8,10:42.6
82,8,10:57.6
82,8,11:12.6
82,8,11:27.6
84,8,11:42.6
104,8,11:57.6
112,8,12:12.6
77,8,12:27.6
77,8,12:42.6
78,8,12:57.6
77,8,13:12.6
77,8,13:27.6
77,8,13:42.6
77,8,13:57.6
77,8,14:12.6
77,8,14:27.6
77,8,14:42.6
77,8,14:57.6
77,8,15:12.6
78,8,15:27.6
77,8,15:42.6
77,8,15:57.6
77,8,16:12.6
78,8,16:27.6
78,8,16:42.6
78,8,16:57.6
78,8,17:12.6
77,8,17:27.6
78,8,17:42.6
79,8,17:57.6
79,8,18:12.6
79,8,18:27.6
79,8,18:42.6
79,8,18:57.6
79,8,19:12.6
79,8,19:27.6
79,8,19:42.6
81,8,19:57.6
81,8,20:12.6
80,8,20:27.6
80,8,20:42.6
81,8,20:57.6
80,8,21:12.6
81,8,21:27.6
80,8,21:42.6
80,8,21:57.6
80,8,22:12.6
82,8,22:27.6
81,8,22:42.6
82,8,22:57.6
82,8,23:12.6
81,8,23:27.6
81,9,23:42.6
82,9,23:57.6
82,9,24:12.6
82,9,24:27.6
82,9,24:42.6
82,9,24:57.6
82,9,25:12.6
84,9,25:27.6
83,9,25:42.6
82,9,25:57.6
82,9,26:12.6
82,9,26:27.6
82,9,26:42.6
83,9,26:57.6
82,9,27:12.6
82,9,27:27.6
82,9,27:42.6
83,9,27:57.6
82,9,28:12.6
83,9,28:27.6
82,9,28:42.6
84,9,28:57.6
83,9,29:12.6
84,9,29:27.6
82,9,29:42.6
84,9,29:57.6
85,9,30:12.6
84,9,30:27.6
86,9,30:42.6
85,9,30:57.6
85,9,31:12.6
84,9,31:27.6
84,9,31:42.6
84,9,31:57.6
84,9,32:12.6
84,9,32:27.6
85,9,32:42.6
85,9,32:57.6
85,9,33:12.6
85,9,33:27.6
85,9,33:42.6
86,9,33:57.6
86,9,34:12.6
86,9,34:27.6
87,10,34:42.6
85,9,34:57.6
85,9,35:12.6
85,9,35:27.6
86,9,35:42.6
86,9,35:57.6
87,10,36:12.6
86,10,36:27.6
86,10,36:42.6
86,10,36:57.6
87,10,37:12.6
86,10,37:27.6
89,10,37:42.6
87,10,37:57.6
86,10,38:12.6
86,10,38:27.6
87,10,38:42.6
87,10,38:57.6
87,10,39:12.6
88,10,39:27.6
89,10,39:42.6
87,10,39:57.6
86,10,40:12.6
88,10,40:27.6
89,10,40:42.6
86,10,40:57.6
88,10,41:12.6
89,10,41:27.6
87,10,41:42.6
87,10,41:57.6
89,10,42:12.6
88,10,42:27.6
89,10,42:42.6
88,10,42:57.6
89,10,43:12.6
89,10,43:27.6
88,10,43:42.6
89,10,43:57.6
90,10,44:12.6
89,10,44:27.6
89,10,44:42.6
88,10,44:57.6
89,10,45:12.6
88,10,45:27.6
89,10,45:42.6
89,10,45:57.6
89,10,46:12.6
89,10,46:27.6
88,10,46:42.6
90,10,46:57.6
88,10,47:12.6
90,10,47:27.6
91,10,47:42.6
90,10,47:57.6
90,11,48:12.6
89,11,48:27.6
91,10,48:42.6
91,10,48:57.6
91,10,49:12.6
90,11,49:27.6
90,11,49:42.6
90,11,49:57.6
91,11,50:12.6
91,11,50:27.6
91,11,50:42.6
92,11,50:57.6
91,11,51:12.6
91,11,51:27.6
92,11,51:42.6
91,11,51:57.6
92,11,52:12.6
90,11,52:27.6
92,11,52:42.6
91,11,52:57.6
91,11,53:12.6
91,11,53:27.6
91,11,53:42.6
91,11,53:57.6
92,11,54:12.6
92,11,54:27.6
91,11,54:42.6
93,11,54:57.6
91,11,55:12.6
93,11,55:27.6
92,11,55:42.6
91,11,55:57.6
92,11,56:12.6
91,11,56:27.6
91,11,56:42.6
90,11,56:57.6
91,11,57:12.6
91,11,57:27.6
92,11,57:42.6
91,11,57:57.6
92,11,58:12.6
91,11,58:27.6
92,11,58:42.6
91,11,58:57.6
91,11,59:12.6
92,11,59:27.6
93,11,59:42.6
91,11,59:57.6
91,11,00:12.6
90,11,00:27.6
91,11,00:42.6
91,11,00:57.6
92,11,01:12.6
91,11,01:27.6
91,11,01:42.6
92,11,01:57.6
91,11,02:12.6
91,11,02:27.6
92,11,02:42.6
92,11,02:57.6
92,11,03:12.6
92,11,03:27.6
92,11,03:42.6
91,11,03:57.6
91,11,04:12.6
91,11,04:27.6
91,11,04:42.6
92,11,04:57.6
92,11,05:12.6
92,11,05:27.6
93,11,05:42.6
92,11,05:57.6
91,11,06:12.6
92,11,06:27.6
92,11,06:42.6
92,11,06:57.6
93,11,07:12.6
92,11,07:27.6
92,11,07:42.6
92,11,07:57.6
92,11,08:12.6
92,11,08:27.6
92,12,08:42.6
92,11,08:57.6
92,11,09:12.6
92,11,09:27.6
92,11,09:42.6
92,12,09:57.6
92,12,10:12.6
93,12,10:27.6
92,12,10:42.6
92,11,10:57.6
92,12,11:12.6
92,12,11:27.6
92,12,11:42.6
93,12,11:57.6
93,12,12:12.6
93,12,12:27.6
92,12,12:42.6
92,12,12:57.6
92,12,13:12.6
92,12,13:27.6
93,12,13:42.6
92,12,13:57.6
93,12,14:12.6
94,12,14:27.6
93,12,14:42.6
93,12,14:57.6
93,12,15:12.6
92,12,15:27.6
93,12,15:42.6
93,12,15:57.6
93,12,16:12.6
93,12,16:27.6
92,12,16:42.6
94,12,16:57.6
94,12,17:12.6
93,12,17:27.6
93,12,17:42.6
93,12,17:57.6
94,12,18:12.6
94,12,18:27.6
94,12,18:42.6
94,12,18:57.6
94,12,19:12.6
95,12,19:27.6
95,12,19:42.6
95,12,19:57.6
95,12,20:12.6
95,12,20:27.6
95,12,20:42.6
95,12,20:57.6
96,12,21:12.6
96,12,21:27.6
95,12,21:42.6
95,12,21:57.6
96,12,22:12.6
96,12,22:27.6
96,12,22:42.6
96,12,22:57.6
97,12,23:12.6
97,12,23:27.6
96,12,23:42.6
96,12,23:57.6
96,12,24:12.6
96,12,24:27.6
97,12,24:42.6
97,12,24:57.6
97,12,25:12.6
97,12,25:27.6
98,12,25:42.6
97,12,25:57.6
97,12,26:12.6
98,12,26:27.6
98,12,26:42.6
117,12,26:57.6
125,12,27:12.6
97,12,27:27.6
90,12,27:42.6
91,12,27:57.6
91,12,28:12.6
91,12,28:27.6
92,12,28:42.6
92,12,28:57.6
92,12,29:12.6
92,12,29:27.6
91,12,29:42.6
91,12,29:57.6
92,12,30:12.6
92,12,30:27.6
91,12,30:42.6
91,12,30:57.6
92,12,31:12.6
91,12,31:27.6
91,12,31:42.6
91,12,31:57.6
91,12,32:12.6
91,12,32:27.6
91,12,32:42.6
90,12,32:57.6
91,12,33:12.6
90,12,33:27.6
90,12,33:42.6
90,12,33:57.6
90,12,34:12.6
90,12,34:27.6
89,12,34:42.6
89,12,34:57.6
90,12,35:12.6
89,12,35:27.6
89,12,35:42.6
89,12,35:57.6
88,12,36:12.6
88,12,36:27.6
88,12,36:42.6
89,12,36:57.6
89,12,37:12.6
89,12,37:27.6
89,12,37:42.6
90,12,37:57.6
90,12,38:12.6
89,12,38:27.6
88,12,38:42.6
88,12,38:57.6
88,12,39:12.6
88,12,39:27.6
88,12,39:42.6
88,12,39:57.6
88,12,40:12.6
88,12,40:27.6
88,12,40:42.6
88,12,40:57.6
87,12,41:12.6
87,12,41:27.6
87,12,41:42.6
87,12,41:57.6
87,12,42:12.6
87,12,42:27.6
87,12,42:42.6
86,12,42:57.6
86,12,43:12.6
87,12,43:27.6
87,12,43:42.6
86,12,43:57.6
86,12,44:12.6
86,12,44:27.6
85,12,44:42.6
85,12,44:57.6
86,12,45:12.6
85,12,45:27.6
86,12,45:42.6
86,12,45:57.6
85,12,46:12.6
85,12,46:27.6
85,12,46:42.6
85,12,46:57.6
85,12,47:12.6
85,12,47:27.6
85,12,47:42.6
85,12,47:57.6
85,12,48:12.6
85,12,48:27.6
85,12,48:42.6
84,12,48:57.6
85,12,49:12.6
84,12,49:27.6
84,12,49:42.6
83,12,49:57.6
84,12,50:12.6
84,12,50:27.6
83,12,50:42.6
84,12,50:57.6
84,12,51:12.6
84,12,51:27.6
84,12,51:42.6
83,12,51:57.6
84,12,52:12.6
84,12,52:27.6
83,12,52:42.6
84,12,52:57.6
83,12,53:12.6
84,12,53:27.6
84,12,53:42.6
84,12,53:57.6
84,12,54:12.6
84,12,54:27.6
83,12,54:42.6
83,12,54:57.6
83,12,55:12.6
83,12,55:27.6
82,12,55:42.6
83,12,55:57.6
84,11,56:12.6
83,12,56:27.6
84,12,56:42.6
83,12,56:57.6
84,12,57:12.6
85,11,57:27.6
85,11,57:42.6
86,11,57:57.6
85,11,58:12.6
87,11,58:27.6
92,11,58:42.6
147,11,58:57.6
132,11,59:12.6
95,11,59:27.6
129,11,59:42.6
109,11,59:57.6
102,11,00:12.6
123,11,00:27.6
113,11,00:42.6
106,11,00:57.6
125,11,01:12.6
97,11,01:27.6
126,11,01:42.6
115,11,01:57.6
122,11,02:12.6
101,11,02:27.6
95,11,02:42.6
82,11,02:57.6
112,11,03:12.6
135,11,03:27.6
93,11,03:42.6
92,11,03:57.6
104,11,04:12.6
100,11,04:27.6
81,11,04:42.6
109,11,04:57.6
118,11,05:12.6
122,11,05:27.6
106,11,05:42.6
77,11,05:57.6
77,11,06:12.6
76,11,06:27.6
77,11,06:42.6
77,11,06:57.6
77,11,07:12.6
77,11,07:27.6
77,11,07:42.6
77,11,07:57.6
77,11,08:12.6
77,11,08:27.6
78,11,08:42.6
78,11,08:57.6
78,11,09:12.6
78,11,09:27.6
77,11,09:42.6
77,11,09:57.6
77,11,10:12.6
77,11,10:27.6
77,11,10:42.6
77,11,10:57.6
78,11,11:12.6
78,11,11:27.6
78,11,11:42.6
78,11,11:57.6
77,11,12:12.6
78,11,12:27.6
79,11,12:42.6
101,11,12:57.6
109,11,13:12.6
92,11,13:27.6
79,11,13:42.6
81,11,13:57.6
80,11,14:12.6
82,11,14:27.6
97,11,14:42.6
121,11,14:57.6
104,11,15:12.6
126,11,15:27.6
96,11,15:42.6
97,11,15:57.6
99,11,16:12.6
82,11,16:27.6
81,11,16:42.6
77,11,16:57.6
102,11,17:12.6
128,11,17:27.6
115,11,17:42.6
85,11,17:57.6
125,11,18:12.6
128,10,18:27.6
98,10,18:42.6
88,10,18:57.6
87,10,19:12.6
88,10,19:27.6
76,10,19:42.6
77,11,19:57.6
73,11,20:12.6
74,11,20:27.6
108,11,20:42.6
85,10,20:57.6
85,10,21:12.6
78,11,21:27.6
91,10,21:42.6
74,11,21:57.6
74,11,22:12.6
74,11,22:27.6
74,11,22:42.6
74,10,22:57.6
74,11,23:12.6
74,10,23:27.6
74,10,23:42.6
74,10,23:57.6
98,10,24:12.6
97,10,24:27.6
91,10,24:42.6
108,10,24:57.6
76,10,25:12.6
109,10,25:27.6
125,10,25:42.6
167,10,25:57.6
117,10,26:12.6
71,10,26:27.6
71,10,26:42.6
71,10,26:57.6
72,10,27:12.6
71,10,27:27.6
72,10,27:42.6
72,10,27:57.6
73,10,28:12.6
73,10,28:27.6
72,10,28:42.6
74,10,28:57.6
81,10,29:12.6
71,10,29:27.6
73,10,29:42.6
103,10,29:57.6
84,10,30:12.6
85,10,30:27.6
71,10,30:42.6
107,10,30:57.6
83,10,31:12.6
113,10,31:27.6
97,10,31:42.6
96,10,31:57.6
112,10,32:12.6
156,9,32:27.6
114,9,32:42.6
85,10,32:57.6
89,10,33:12.6
84,10,33:27.6
103,10,33:42.6
84,10,33:57.6
89,10,34:12.6
89,10,34:27.6
88,10,34:42.6
82,10,34:57.6
80,10,35:12.6
71,10,35:27.6
98,10,35:42.6
94,10,35:57.6
92,10,36:12.6
86,10,36:27.6
100,10,36:42.6
102,10,36:57.6
101,10,37:12.6
73,10,37:27.6
78,10,37:42.6
114,9,37:57.6
98,9,38:12.6
150,9,38:27.6
114,9,38:42.6
63,9,38:57.6
62,10,39:12.6
62,9,39:27.6
64,9,39:42.6
66,10,39:57.6
66,10,40:12.6
67,10,40:27.6
68,10,40:42.6
68,10,40:57.6
68,10,41:12.6
90,10,41:27.6
84,9,41:42.6
96,9,41:57.6
100,9,42:12.6
71,9,42:27.6
87,9,42:42.6
92,9,42:57.6
108,9,43:12.6
101,9,43:27.6
107,9,43:42.6
108,9,43:57.6
90,9,44:12.6
90,9,44:27.6
102,9,44:42.6
89,9,44:57.6
68,9,45:12.6
100,9,45:27.6
77,9,45:42.6
80,9,45:57.6
98,9,46:12.6
89,9,46:27.6
106,9,46:42.6
78,9,46:57.6
106,9,47:12.6
109,9,47:27.6
82,9,47:42.6
100,9,47:57.6
110,9,48:12.6
71,9,48:27.6
62,9,48:42.6
94,9,48:57.6
106,9,49:12.6
150,9,49:27.6
129,9,49:42.6
149,9,49:57.6
134,9,50:12.6
125,9,50:27.6
115,8,50:42.6
60,9,50:57.6
61,9,51:12.6
95,9,51:27.6
137,9,51:42.6
138,9,51:57.6
138,9,52:12.6
158,8,52:27.6
68,9,52:42.6
78,9,52:57.6
82,9,53:12.6
107,9,53:27.6
93,9,53:42.6
72,9,53:57.6
77,9,54:12.6
74,9,54:27.6
74,9,54:42.6
75,9,54:57.6
74,9,55:12.6
74,9,55:27.6
74,9,55:42.6
74,9,55:57.6
74,9,56:12.6
74,9,56:27.6
74,9,56:42.6
74,9,56:57.6
74,9,57:12.6
74,9,57:27.6
73,9,57:42.6
73,9,57:57.6
74,9,58:12.6
74,9,58:27.6
74,9,58:42.6
73,9,58:57.6
73,9,59:12.6
73,9,59:27.6
73,9,59:42.6
73,9,59:57.6
72,9,00:12.6
73,9,00:27.6
73,9,00:42.6
73,9,00:57.6
72,8,01:12.6
70,8,01:27.6
69,8,01:42.6
71,8,01:57.6
70,8,02:12.6
71,8,02:27.6
71,8,02:42.6
77,8,02:57.6
100,8,03:12.6
119,8,03:27.6
101,8,03:42.6
83,8,03:57.6
99,8,04:12.6
126,8,04:27.6
87,8,04:42.6
82,8,04:57.6
76,8,05:12.6
91,8,05:27.6
88,8,05:42.6
98,8,05:57.6
76,8,06:12.6
77,8,06:27.6
86,8,06:42.6
108,8,06:57.6
80,8,07:12.6
106,8,07:27.6
89,8,07:42.6
80,8,07:57.6
71,8,08:12.6
59,8,08:27.6
95,8,08:42.6
138,8,08:57.6
91,8,09:12.6
87,8,09:27.6
82,8,09:42.6
75,8,09:57.6
81,8,10:12.6
69,8,10:27.6
56,8,10:42.6
56,8,10:57.6
52,8,11:12.6
55,8,11:27.6
83,8,11:42.6
79,8,11:57.6
74,8,12:12.6
77,8,12:27.6
55,8,12:42.6
57,8,12:57.6
88,8,13:12.6
87,8,13:27.6
104,8,13:42.6
60,8,13:57.6
80,8,14:12.6
63,8,14:27.6
64,8,14:42.6
63,8,14:57.6
91,8,15:12.6
112,8,15:27.6
94,7,15:42.6
82,7,15:57.6
76,7,16:12.6
67,8,16:27.6
59,8,16:42.6
66,8,16:57.6
69,8,17:12.6
95,7,17:27.6
68,7,17:42.6
75,7,17:57.6
122,7,18:12.6
89,7,18:27.6
50,7,18:42.6
51,7,18:57.6
83,7,19:12.6
61,7,19:27.6
81,7,19:42.6
83,7,19:57.6
56,7,20:12.6
103,7,20:27.6
147,7,20:42.6
131,7,20:57.6
121,7,21:12.6
152,7,21:27.6
118,7,21:42.6
131,7,21:57.6
123,7,22:12.6
115,7,22:27.6
106,7,22:42.6
66,7,22:57.6
75,7,23:12.6
99,7,23:27.6
89,7,23:42.6
53,7,23:57.6
62,7,24:12.6
56,7,24:27.6
77,7,24:42.6
92,7,24:57.6
128,7,25:12.6
128,7,25:27.6
82,7,25:42.6
78,7,25:57.6
56,8,26:12.6
68,7,26:27.6
100,7,26:42.6
113,7,26:57.6
112,7,27:12.6
95,7,27:27.6
77,7,27:42.6
101,7,27:57.6
128,7,28:12.6
122,7,28:27.6
121,7,28:42.6
152,7,28:57.6
158,7,29:12.6
142,6,29:27.6
147,6,29:42.6
156,6,29:57.6
161,6,30:12.6
165,6,30:27.6
145,6,30:42.6
135,6,30:57.6
128,6,31:12.6
143,6,31:27.6
123,6,31:42.6
117,6,31:57.6
115,6,32:12.6
119,6,32:27.6
108,6,32:42.6
98,6,32:57.6
99,6,33:12.6
108,6,33:27.6
107,6,33:42.6
114,5,33:57.6
125,5,34:12.6
129,5,34:27.6
98,5,34:42.6
108,5,34:57.6
109,5,35:12.6
107,5,35:27.6
92,5,35:42.6
104,5,35:57.6
113,5,36:12.6
114,5,36:27.6
119,5,36:42.6
126,5,36:57.6
117,5,37:12.6
117,5,37:27.6
118,5,37:42.6
123,5,37:57.6
126,4,38:12.6
131,4,38:27.6
101,4,38:42.6
102,4,38:57.6
91,4,39:12.6
93,4,39:27.6
87,4,39:42.6
77,4,39:57.6
91,4,40:12.6
107,4,40:27.6
74,4,40:42.6
85,4,40:57.6
98,4,41:12.6
89,4,41:27.6
97,4,41:42.6
51,4,41:57.6
88,4,42:12.6
84,4,42:27.6
103,4,42:42.6
76,4,42:57.6
64,4,43:12.6
104,4,43:27.6
125,4,43:42.6
98,4,43:57.6
77,4,44:12.6
65,4,44:27.6
73,4,44:42.6
75,4,44:57.6
66,4,45:12.6
79,4,45:27.6
97,4,45:42.6
88,4,45:57.6
88,3,46:12.6
55,4,46:27.6
86,3,46:42.6
94,3,46:57.6
35,3,47:12.6
49,4,47:27.6
71,3,47:42.6
72,3,47:57.6
66,3,48:12.6
64,3,48:27.6
73,3,48:42.6
80,3,48:57.6
55,3,49:12.6
64,3,49:27.6
69,3,49:42.6
71,3,49:57.6
74,3,50:12.6
75,3,50:27.6
78,3,50:42.6
58,3,50:57.6
61,3,51:12.6
69,3,51:27.6
65,3,51:42.6
64,3,51:57.6
72,3,52:12.6
76,3,52:27.6
83,3,52:42.6
65,3,52:57.6
69,3,53:12.6
74,3,53:27.6
77,3,53:42.6
79,3,53:57.6
31,3,54:12.6
48,3,54:27.6
61,3,54:42.6
57,3,54:57.6
65,3,55:12.6
66,3,55:27.6
50,3,55:42.6
48,3,55:57.6
61,3,56:12.6
54,3,56:27.6
59,3,56:42.6
63,3,56:57.6
62,3,57:12.6
31,3,57:27.6
41,3,57:42.6
54,3,57:57.6
33,3,58:12.6
50,3,58:27.6
52,3,58:42.6
64,3,58:57.6
34,3,59:12.6
23,3,59:27.6
23,3,59:42.6
24,3,59:57.6
59,3,00:12.6
60,2,00:27.6
53,2,00:42.6
62,2,00:57.6
72,2,01:12.6
53,2,01:27.6
49,2,01:42.6
56,2,01:57.6
64,2,02:12.6
58,2,02:27.6
54,2,02:42.6
49,2,02:57.6
54,2,03:12.6
48,2,03:27.6
52,2,03:42.6
64,2,03:57.6
66,2,04:12.6
59,2,04:27.6
54,2,04:42.6
50,2,04:57.6
53,2,05:12.6
60,2,05:27.6
65,2,05:42.6
65,2,05:57.6
65,2,06:12.6
66,2,06:27.6
68,2,06:42.6
68,2,06:57.6
77,2,07:12.6
83,2,07:27.6
83,2,07:42.6
77,2,07:57.6
74,2,08:12.6
74,2,08:27.6
77,2,08:42.6
88,2,08:57.6
84,2,09:12.6
92,2,09:27.6
66,2,09:42.6
62,2,09:57.6
56,2,10:12.6
39,2,10:27.6
43,2,10:42.6
42,2,10:57.6
30,2,11:12.6
48,2,11:27.6
50,2,11:42.6
53,2,11:57.6
58,2,12:12.6
68,2,12:27.6
73,2,12:42.6
85,2,12:57.6
83,2,13:12.6
57,2,13:27.6
40,2,13:42.6
43,2,13:57.6
43,2,14:12.6
38,2,14:27.6
38,2,14:42.6
50,2,14:57.6
49,2,15:12.6
51,2,15:27.6
45,2,15:42.6
55,2,15:57.6
65,2,16:12.6
70,2,16:27.6
71,2,16:42.6
55,2,16:57.6
43,2,17:12.6
43,2,17:27.6
44,2,17:42.6
41,2,17:57.6
41,2,18:12.6
47,2,18:27.6
39,2,18:42.6
50,2,18:57.6
49,2,19:12.6
49,2,19:27.6
61,2,19:42.6
57,2,19:57.6
55,2,20:12.6
56,2,20:27.6
63,2,20:42.6
71,2,20:57.6
69,2,21:12.6
71,2,21:27.6
60,2,21:42.6
59,2,21:57.6
54,2,22:12.6
41,2,22:27.6
23,2,22:42.6
37,2,22:57.6
31,2,23:12.6
41,2,23:27.6
39,2,23:42.6
27,2,23:57.6
19,2,24:12.6
19,2,24:27.6
30,2,24:42.6
37,2,24:57.6
36,2,25:12.6
26,2,25:27.6
43,2,25:42.6
23,2,25:57.6
18,2,26:12.6
31,2,26:27.6
40,2,26:42.6
47,2,26:57.6
58,2,27:12.6
56,2,27:27.6
58,2,27:42.6
29,2,27:57.6
47,2,28:12.6
28,2,28:27.6
19,2,28:42.6
22,2,28:57.6
21,2,29:12.6
18,2,29:27.6
18,2,29:42.6
18,2,29:57.6
18,2,30:12.6
19,2,30:27.6
35,2,30:42.6
31,2,30:57.6
52,2,31:12.6
54,2,31:27.6
61,2,31:42.6
50,2,31:57.6
20,2,32:12.6
17,2,32:27.6
17,2,32:42.6
31,2,32:57.6
20,2,33:12.6
17,2,33:27.6
17,2,33:42.6
29,2,33:57.6
33,2,34:12.6
34,2,34:27.6
18,2,34:42.6
17,2,34:57.6
17,2,35:12.6
17,2,35:27.6
17,2,35:42.6
18,2,35:57.6
38,2,36:12.6
33,2,36:27.6
38,2,36:42.6
36,2,36:57.6
31,2,37:12.6
17,2,37:27.6
16,2,37:42.6
17,2,37:57.6
17,2,38:12.6
18,2,38:27.6
43,2,38:42.6
53,2,38:57.6
49,2,39:12.6
38,2,39:27.6
41,1,39:42.6
28,2,39:57.6
43,1,40:12.6
51,1,40:27.6
55,1,40:42.6
66,1,40:57.6
69,1,41:12.6
47,1,41:27.6
35,1,41:42.6
34,1,41:57.6
34,1,42:12.6
37,1,42:27.6
41,1,42:42.6
43,1,42:57.6
44,1,43:12.6
43,1,43:27.6
45,1,43:42.6
52,1,43:57.6
50,1,44:12.6
57,1,44:27.6
63,1,44:42.6
66,1,44:57.6
69,1,45:12.6
71,1,45:27.6
59,1,45:42.6
40,1,45:57.6
38,1,46:12.6
45,1,46:27.6
39,1,46:42.6
53,1,46:57.6
55,1,47:12.6
59,1,47:27.6
54,1,47:42.6
55,1,47:57.6
62,1,48:12.6
62,1,48:27.6
61,1,48:42.6
60,1,48:57.6
58,1,49:12.6
64,1,49:27.6
80,1,49:42.6
80,1,49:57.6
74,1,50:12.6
69,1,50:27.6
78,1,50:42.6
88,1,50:57.6
55,1,51:12.6
54,1,51:27.6
59,1,51:42.6
45,1,51:57.6
46,1,52:12.6
45,1,52:27.6
46,1,52:42.6
45,1,52:57.6
49,1,53:12.6
46,1,53:27.6
50,1,53:42.6
59,1,53:57.6
60,1,54:12.6
58,1,54:27.6
58,1,54:42.6
65,1,54:57.6
72,1,55:12.6
73,1,55:27.6
75,1,55:42.6
60,1,55:57.6
65,1,56:12.6
64,1,56:27.6
67,1,56:42.6
65,1,56:57.6
53,1,57:12.6
52,1,57:27.6
48,1,57:42.6
49,1,57:57.6
49,1,58:12.6
53,1,58:27.6
54,1,58:42.6
55,1,58:57.6
59,1,59:12.6
59,1,59:27.6
59,1,59:42.6
59,1,59:57.6
58,1,00:12.6
62,1,00:27.6
61,1,00:42.6
63,1,00:57.6
65,1,01:12.6
71,1,01:27.6
76,1,01:42.6
82,1,01:57.6
79,1,02:12.6
72,1,02:27.6
75,1,02:42.6
70,1,02:57.6
55,1,03:12.6
51,1,03:27.6
54,1,03:42.6
62,1,03:57.6
65,1,04:12.6
55,1,04:27.6
49,1,04:42.6
57,1,04:57.6
47,1,05:12.6
53,1,05:27.6
51,1,05:42.6
55,1,05:57.6
55,1,06:12.6
58,1,06:27.6
57,1,06:42.6
49,1,06:57.6
49,1,07:12.6
53,1,07:27.6
61,1,07:42.6
56,1,07:57.6
58,1,08:12.6
47,1,08:27.6
50,1,08:42.6
64,1,08:57.6
64,1,09:12.6
57,1,09:27.6
46,1,09:42.6
42,1,09:57.6
47,1,10:12.6
39,1,10:27.6
39,1,10:42.6
48,1,10:57.6
39,1,11:12.6
46,1,11:27.6
46,1,11:42.6
41,1,11:57.6
52,1,12:12.6
57,1,12:27.6
62,1,12:42.6
52,1,12:57.6
50,1,13:12.6
52,1,13:27.6
43,1,13:42.6
35,1,13:57.6
31,1,14:12.6
30,1,14:27.6
32,1,14:42.6
32,1,14:57.6
34,1,15:12.6
31,1,15:27.6
38,1,15:42.6
41,1,15:57.6
34,1,16:12.6
43,1,16:27.6
46,1,16:42.6
47,1,16:57.6
46,1,17:12.6
45,1,17:27.6
49,1,17:42.6
51,1,17:57.6
42,1,18:12.6
32,1,18:27.6
41,1,18:42.6
46,1,18:57.6
43,1,19:12.6
50,1,19:27.6
53,1,19:42.6
56,1,19:57.6
55,1,20:12.6
50,1,20:27.6
47,1,20:42.6
50,1,20:57.6
51,1,21:12.6
51,1,21:27.6
53,1,21:42.6
51,1,21:57.6
52,1,22:12.6
51,1,22:27.6
48,1,22:42.6
48,1,22:57.6
49,1,23:12.6
50,1,23:27.6
49,1,23:42.6
48,1,23:57.6
48,1,24:12.6
47,1,24:27.6
47,1,24:42.6
47,1,24:57.6
50,1,25:12.6
52,1,25:27.6
53,1,25:42.6
54,1,25:57.6
54,1,26:12.6
53,1,26:27.6
52,1,26:42.6
49,1,26:57.6
54,1,27:12.6
51,1,27:27.6
45,1,27:42.6
41,1,27:57.6
49,1,28:12.6
49,1,28:27.6
40,1,28:42.6
40,1,28:57.6
43,1,29:12.6
45,1,29:27.6
43,1,29:42.6
50,1,29:57.6
55,1,30:12.6
57,1,30:27.6
62,1,30:42.6
64,1,30:57.6
71,1,31:12.6
69,1,31:27.6
62,1,31:42.6
64,1,31:57.6
66,1,32:12.6
68,1,32:27.6
72,1,32:42.6
72,1,32:57.6
74,1,33:12.6
74,1,33:27.6
75,1,33:42.6
74,1,33:57.6
71,1,34:12.6
64,1,34:27.6
60,1,34:42.6
53,1,34:57.6
58,1,35:12.6
64,1,35:27.6
64,1,35:42.6
64,1,35:57.6
65,1,36:12.6
54,1,36:27.6
43,1,36:42.6
46,1,36:57.6
58,1,37:12.6
59,1,37:27.6
58,1,37:42.6
57,1,37:57.6
53,1,38:12.6
59,1,38:27.6
66,1,38:42.6
52,1,38:57.6
45,1,39:12.6
43,1,39:27.6
41,1,39:42.6
39,1,39:57.6
39,1,40:12.6
38,1,40:27.6
42,1,40:42.6
44,1,40:57.6
47,1,41:12.6
47,1,41:27.6
47,1,41:42.6
48,1,41:57.6
49,1,42:12.6
45,1,42:27.6
48,1,42:42.6
50,1,42:57.6
49,1,43:12.6
47,1,43:27.6
47,1,43:42.6
46,1,43:57.6
46,1,44:12.6
47,1,44:27.6
46,1,44:42.6
46,1,44:57.6
44,1,45:12.6
41,1,45:27.6
39,1,45:42.6
39,1,45:57.6
38,1,46:12.6
38,1,46:27.6
38,1,46:42.6
37,1,46:57.6
37,1,47:12.6
37,1,47:27.6
37,1,47:42.6
37,1,47:57.6
37,1,48:12.6
38,1,48:27.6
38,1,48:42.6
38,1,48:57.6
38,1,49:12.6
38,1,49:27.6
38,1,49:42.6
39,1,49:57.6
38,1,50:12.6
39,1,50:27.6
39,1,50:42.6
41,1,50:57.6
39,1,51:12.6
39,1,51:27.6
41,1,51:42.6
39,1,51:57.6
39,1,52:12.6
38,1,52:27.6
38,1,52:42.6
39,1,52:57.6
43,1,53:12.6
46,1,53:27.6
46,1,53:42.6
47,1,53:57.6
47,1,54:12.6
49,1,54:27.6
51,1,54:42.6
51,1,54:57.6
45,1,55:12.6
42,1,55:27.6
41,1,55:42.6
43,1,55:57.6
46,1,56:12.6
44,1,56:27.6
43,1,56:42.6
44,1,56:57.6
47,1,57:12.6
47,1,57:27.6
47,1,57:42.6
47,1,57:57.6
47,1,58:12.6
46,1,58:27.6
44,1,58:42.6
43,1,58:57.6
43,1,59:12.6
46,1,59:27.6
49,1,59:42.6
50,1,59:57.6
52,1,00:12.6
51,1,00:27.6
55,1,00:42.6
55,1,00:57.6
56,1,01:12.6
56,1,01:27.6
56,1,01:42.6
56,1,01:57.6
58,1,02:12.6
57,1,02:27.6
57,1,02:42.6
58,1,02:57.6
59,1,03:12.6
59,1,03:27.6
57,1,03:42.6
55,1,03:57.6
55,1,04:12.6
55,1,04:27.6
57,1,04:42.6
54,1,04:57.6
53,1,05:12.6
53,1,05:27.6
53,1,05:42.6
52,1,05:57.6
53,1,06:12.6
54,1,06:27.6
54,1,06:42.6
54,1,06:57.6
56,1,07:12.6
56,1,07:27.6
58,1,07:42.6
56,1,07:57.6
55,1,08:12.6
55,1,08:27.6
56,1,08:42.6
59,1,08:57.6
64,1,09:12.6
64,1,09:27.6
64,1,09:42.6
61,1,09:57.6
60,1,10:12.6
61,1,10:27.6
62,1,10:42.6
69,1,10:57.6
68,1,11:12.6
67,1,11:27.6
68,1,11:42.6
67,1,11:57.6
65,1,12:12.6
68,1,12:27.6
71,1,12:42.6
66,1,12:57.6
66,1,13:12.6
68,1,13:27.6
68,1,13:42.6
74,1,13:57.6
71,1,14:12.6
68,1,14:27.6
65,1,14:42.6
64,1,14:57.6
61,1,15:12.6
60,1,15:27.6
64,1,15:42.6
62,1,15:57.6
61,1,16:12.6
60,1,16:27.6
55,1,16:42.6
63,1,16:57.6
53,1,17:12.6
48,1,17:27.6
46,1,17:42.6
43,1,17:57.6
49,1,18:12.6
52,1,18:27.6
56,1,18:42.6
56,1,18:57.6
58,1,19:12.6
58,1,19:27.6
57,1,19:42.6
52,1,19:57.6
45,1,20:12.6
41,1,20:27.6
41,1,20:42.6
40,1,20:57.6
38,1,21:12.6
35,1,21:27.6
35,1,21:42.6
36,1,21:57.6
37,1,22:12.6
38,1,22:27.6
39,1,22:42.6
42,1,22:57.6
44,1,23:12.6
42,1,23:27.6
48,1,23:42.6
52,1,23:57.6
40,1,24:12.6
37,1,24:27.6
37,1,24:42.6
41,1,24:57.6
42,1,25:12.6
42,1,25:27.6
42,1,25:42.6
41,1,25:57.6
40,1,26:12.6
42,1,26:27.6
43,1,26:42.6
45,1,26:57.6
45,1,27:12.6
50,1,27:27.6
49,1,27:42.6
50,1,27:57.6
49,1,28:12.6
42,1,28:27.6
40,1,28:42.6
37,1,28:57.6
38,1,29:12.6
38,1,29:27.6
38,1,29:42.6
40,1,29:57.6
41,1,30:12.6
43,1,30:27.6
44,1,30:42.6
45,1,30:57.6
43,1,31:12.6
45,1,31:27.6
47,1,31:42.6
46,1,31:57.6
43,1,32:12.6
39,1,32:27.6
38,1,32:42.6
40,1,32:57.6
41,1,33:12.6
41,1,33:27.6
41,1,33:42.6
44,1,33:57.6
42,1,34:12.6
43,1,34:27.6
43,1,34:42.6
38,1,34:57.6
40,1,35:12.6
33,1,35:27.6
30,1,35:42.6
37,1,35:57.6
40,1,36:12.6
38,1,36:27.6
36,1,36:42.6
35,1,36:57.6
37,1,37:12.6
39,1,37:27.6
41,1,37:42.6
40,1,37:57.6
46,1,38:12.6
48,1,38:27.6
50,1,38:42.6
52,1,38:57.6
53,1,39:12.6
53,1,39:27.6
50,1,39:42.6
51,1,39:57.6
52,1,40:12.6
53,1,40:27.6
53,1,40:42.6
52,1,40:57.6
54,1,41:12.6
58,1,41:27.6
55,1,41:42.6
51,1,41:57.6
43,1,42:12.6
38,1,42:27.6
37,1,42:42.6
36,1,42:57.6
37,1,43:12.6
36,1,43:27.6
39,1,43:42.6
40,1,43:57.6
37,1,44:12.6
35,1,44:27.6
35,1,44:42.6
35,1,44:57.6
38,1,45:12.6
41,1,45:27.6
40,1,45:42.6
36,1,45:57.6
34,1,46:12.6
33,1,46:27.6
33,1,46:42.6
36,1,46:57.6
38,1,47:12.6
40,1,47:27.6
39,1,47:42.6
41,1,47:57.6
43,1,48:12.6
42,1,48:27.6
44,1,48:42.6
46,1,48:57.6
49,1,49:12.6
47,1,49:27.6
39,1,49:42.6
37,1,49:57.6
37,1,50:12.6
38,1,50:27.6
41,1,50:42.6
39,1,50:57.6
39,1,51:12.6
40,1,51:27.6
39,1,51:42.6
39,1,51:57.6
41,1,52:12.6
41,1,52:27.6
41,1,52:42.6
42,1,52:57.6
43,1,53:12.6
45,1,53:27.6
47,1,53:42.6
49,1,53:57.6
49,1,54:12.6
51,1,54:27.6
51,1,54:42.6
53,1,54:57.6
54,1,55:12.6
53,1,55:27.6
56,1,55:42.6
54,1,55:57.6
52,1,56:12.6
54,1,56:27.6
54,1,56:42.6
52,1,56:57.6
54,1,57:12.6
58,1,57:27.6
55,1,57:42.6
56,1,57:57.6
53,1,58:12.6
54,1,58:27.6
52,1,58:42.6
52,1,58:57.6
54,1,59:12.6
55,1,59:27.6
56,1,59:42.6
55,1,59:57.6
55,1,00:12.6
55,1,00:27.6
55,1,00:42.6
54,1,00:57.6
55,1,01:12.6
55,1,01:27.6
55,1,01:42.6
56,1,01:57.6
56,1,02:12.6
56,1,02:27.6
57,1,02:42.6
60,1,02:57.6
61,1,03:12.6
62,1,03:27.6
62,1,03:42.6
62,1,03:57.6
62,1,04:12.6
61,1,04:27.6
59,1,04:42.6
59,1,04:57.6
59,1,05:12.6
59,1,05:27.6
59,1,05:42.6
63,1,05:57.6
71,1,06:12.6
64,1,06:27.6
57,1,06:42.6
56,1,06:57.6
54,1,07:12.6
56,1,07:27.6
57,1,07:42.6
56,1,07:57.6
58,1,08:12.6
58,1,08:27.6
62,1,08:42.6
64,1,08:57.6
62,1,09:12.6
65,1,09:27.6
65,1,09:42.6
64,1,09:57.6
42,1,10:12.6
43,1,10:27.6
49,1,10:42.6
50,1,10:57.6
48,1,11:12.6
46,1,11:27.6
50,1,11:42.6
54,1,11:57.6
49,1,12:12.6
54,1,12:27.6
57,1,12:42.6
58,1,12:57.6
59,1,13:12.6
59,1,13:27.6
59,1,13:42.6
59,1,13:57.6
54,1,14:12.6
54,1,14:27.6
52,1,14:42.6
56,1,14:57.6
44,1,15:12.6
45,1,15:27.6
49,1,15:42.6
54,1,15:57.6
52,1,16:12.6
51,1,16:27.6
45,1,16:42.6
40,1,16:57.6
45,1,17:12.6
47,1,17:27.6
50,1,17:42.6
50,1,17:57.6
56,1,18:12.6
65,1,18:27.6
64,1,18:42.6
71,1,18:57.6
62,1,19:12.6
66,1,19:27.6
72,1,19:42.6
76,1,19:57.6
72,1,20:12.6
69,1,20:27.6
73,1,20:42.6
74,1,20:57.6
79,1,21:12.6
84,1,21:27.6
84,1,21:42.6
86,1,21:57.6
77,1,22:12.6
74,1,22:27.6
77,1,22:42.6
82,1,22:57.6
41,1,23:12.6
36,1,23:27.6
48,1,23:42.6
53,1,23:57.6
52,1,24:12.6
59,1,24:27.6
59,1,24:42.6
67,1,24:57.6
62,1,25:12.6
73,1,25:27.6
77,1,25:42.6
74,1,25:57.6
67,1,26:12.6
59,1,26:27.6
64,1,26:42.6
58,1,26:57.6
50,1,27:12.6
55,1,27:27.6
52,1,27:42.6
56,1,27:57.6
58,1,28:12.6
62,1,28:27.6
64,1,28:42.6
65,1,28:57.6
66,1,29:12.6
59,1,29:27.6
63,1,29:42.6
62,1,29:57.6
58,1,30:12.6
52,1,30:27.6
50,1,30:42.6
52,1,30:57.6
55,1,31:12.6
59,1,31:27.6
64,1,31:42.6
66,1,31:57.6
68,1,32:12.6
67,1,32:27.6
68,1,32:42.6
64,1,32:57.6
61,1,33:12.6
63,1,33:27.6
63,1,33:42.6
64,1,33:57.6
68,1,34:12.6
63,1,34:27.6
68,1,34:42.6
67,1,34:57.6
68,1,35:12.6
68,1,35:27.6
72,1,35:42.6
73,1,35:57.6
73,1,36:12.6
78,1,36:27.6
73,1,36:42.6
71,1,36:57.6
74,1,37:12.6
73,1,37:27.6
74,1,37:42.6
72,1,37:57.6
74,1,38:12.6
74,1,38:27.6
72,1,38:42.6
71,1,38:57.6
68,1,39:12.6
66,1,39:27.6
66,1,39:42.6
67,1,39:57.6
68,1,40:12.6
67,1,40:27.6
68,1,40:42.6
66,1,40:57.6
64,1,41:12.6
64,1,41:27.6
64,1,41:42.6
64,1,41:57.6
66,1,42:12.6
66,1,42:27.6
67,1,42:42.6
68,1,42:57.6
71,1,43:12.6
71,1,43:27.6
73,1,43:42.6
75,1,43:57.6
75,1,44:12.6
77,1,44:27.6
73,1,44:42.6
74,1,44:57.6
77,1,45:12.6
74,1,45:27.6
70,1,45:42.6
68,1,45:57.6
64,1,46:12.6
64,1,46:27.6
63,1,46:42.6
63,1,46:57.6
64,1,47:12.6
64,1,47:27.6
66,1,47:42.6
67,1,47:57.6
67,1,48:12.6
68,1,48:27.6
70,1,48:42.6
71,1,48:57.6
74,1,49:12.6
78,1,49:27.6
78,1,49:42.6
82,1,49:57.6
84,1,50:12.6
83,1,50:27.6
80,1,50:42.6
81,1,50:57.6
77,1,51:12.6
76,1,51:27.6
73,1,51:42.6
75,1,51:57.6
75,1,52:12.6
77,1,52:27.6
76,1,52:42.6
74,1,52:57.6
78,1,53:12.6
80,1,53:27.6
75,1,53:42.6
74,1,53:57.6
77,1,54:12.6
76,1,54:27.6
71,1,54:42.6
68,1,54:57.6
71,1,55:12.6
74,1,55:27.6
76,1,55:42.6
75,1,55:57.6
77,1,56:12.6
76,1,56:27.6
77,1,56:42.6
65,1,56:57.6
68,1,57:12.6
74,1,57:27.6
73,1,57:42.6
72,1,57:57.6
76,1,58:12.6
80,1,58:27.6
76,1,58:42.6
71,1,58:57.6
72,1,59:12.6
72,1,59:27.6
71,1,59:42.6
69,1,59:57.6
71,1,00:12.6
71,1,00:27.6
71,1,00:42.6
71,1,00:57.6
71,1,01:12.6
72,1,01:27.6
74,1,01:42.6
79,1,01:57.6
80,1,02:12.6
79,1,02:27.6
81,1,02:42.6
81,1,02:57.6
82,1,03:12.6
82,1,03:27.6
87,1,03:42.6
85,1,03:57.6
84,1,04:12.6
87,1,04:27.6
85,1,04:42.6
82,1,04:57.6
80,1,05:12.6
78,1,05:27.6
77,1,05:42.6
77,1,05:57.6
79,1,06:12.6
79,1,06:27.6
71,1,06:42.6
90,1,06:57.6
90,1,07:12.6
87,1,07:27.6
91,1,07:42.6
94,1,07:57.6
95,1,08:12.6
98,1,08:27.6
96,1,08:42.6
101,1,08:57.6
96,1,09:12.6
103,1,09:27.6
103,1,09:42.6
98,1,09:57.6
102,1,10:12.6
104,1,10:27.6
107,1,10:42.6
107,1,10:57.6
108,1,11:12.6
110,1,11:27.6
107,1,11:42.6
108,1,11:57.6
108,1,12:12.6
102,1,12:27.6
98,1,12:42.6
97,1,12:57.6
93,1,13:12.6
89,1,13:27.6
89,1,13:42.6
94,1,13:57.6
90,1,14:12.6
87,1,14:27.6
85,1,14:42.6
88,1,14:57.6
85,1,15:12.6
89,1,15:27.6
95,1,15:42.6
99,1,15:57.6
95,1,16:12.6
100,1,16:27.6
101,1,16:42.6
100,1,16:57.6
101,1,17:12.6
96,1,17:27.6
98,1,17:42.6
97,1,17:57.6
97,1,18:12.6
90,1,18:27.6
84,1,18:42.6
87,1,18:57.6
80,1,19:12.6
75,1,19:27.6
77,1,19:42.6
78,1,19:57.6
77,1,20:12.6
78,1,20:27.6
81,1,20:42.6
82,1,20:57.6
86,1,21:12.6
88,1,21:27.6
89,1,21:42.6
89,1,21:57.6
87,1,22:12.6
87,1,22:27.6
90,1,22:42.6
93,1,22:57.6
97,1,23:12.6
97,1,23:27.6
97,1,23:42.6
101,1,23:57.6
99,1,24:12.6
104,1,24:27.6
109,1,24:42.6
112,1,24:57.6
85,1,25:12.6
81,1,25:27.6
73,1,25:42.6
74,1,25:57.6
62,1,26:12.6
77,1,26:27.6
84,1,26:42.6
90,1,26:57.6
95,1,27:12.6
98,1,27:27.6
104,1,27:42.6
98,1,27:57.6
99,1,28:12.6
96,1,28:27.6
101,1,28:42.6
102,1,28:57.6
102,1,29:12.6
99,1,29:27.6
103,1,29:42.6
106,1,29:57.6
106,1,30:12.6
108,1,30:27.6
110,1,30:42.6
112,1,30:57.6
119,1,31:12.6
112,1,31:27.6
107,1,31:42.6
102,1,31:57.6
98,1,32:12.6
101,1,32:27.6
100,1,32:42.6
104,1,32:57.6
108,1,33:12.6
112,1,33:27.6
112,1,33:42.6
114,1,33:57.6
87,1,34:12.6
79,1,34:27.6
81,1,34:42.6
85,1,34:57.6
82,1,35:12.6
84,1,35:27.6
81,1,35:42.6
80,1,35:57.6
71,1,36:12.6
66,1,36:27.6
69,1,36:42.6
69,1,36:57.6
74,1,37:12.6
71,1,37:27.6
77,1,37:42.6
80,1,37:57.6
77,1,38:12.6
82,1,38:27.6
80,1,38:42.6
82,1,38:57.6
84,1,39:12.6
84,1,39:27.6
86,1,39:42.6
85,1,39:57.6
84,1,40:12.6
226,2,40:27.6
204,2,40:42.6
187,2,40:57.6
167,2,41:12.6
158,2,41:27.6
159,2,41:42.6
156,2,41:57.6
149,2,42:12.6
140,2,42:27.6
132,2,42:42.6
128,2,42:57.6
123,2,43:12.6
121,2,43:27.6
122,2,43:42.6
125,2,43:57.6
121,2,44:12.6
121,2,44:27.6
131,2,44:42.6
129,2,44:57.6
119,2,45:12.6
118,2,45:27.6
119,2,45:42.6
121,2,45:57.6
115,2,46:12.6
106,2,46:27.6
107,2,46:42.6
106,2,46:57.6
107,2,47:12.6
109,2,47:27.6
107,2,47:42.6
112,2,47:57.6
121,2,48:12.6
123,2,48:27.6
122,2,48:42.6
126,2,48:57.6
134,2,49:12.6
138,2,49:27.6
137,2,49:42.6
149,2,49:57.6
137,2,50:12.6
135,2,50:27.6
143,2,50:42.6
140,2,50:57.6
142,2,51:12.6
138,2,51:27.6
138,2,51:42.6
140,2,51:57.6
143,2,52:12.6
138,2,52:27.6
143,2,52:42.6
143,2,52:57.6
145,2,53:12.6
145,2,53:27.6
149,2,53:42.6
149,2,53:57.6
196,2,54:12.6
187,2,54:27.6
182,2,54:42.6
174,2,54:57.6
176,2,55:12.6
176,2,55:27.6
180,2,55:42.6
180,2,55:57.6
176,2,56:12.6
176,2,56:27.6
174,2,56:42.6
176,2,56:57.6
176,2,57:12.6
176,2,57:27.6
174,2,57:42.6
161,2,57:57.6
171,2,58:12.6
196,3,58:27.6
194,3,58:42.6
191,2,58:57.6
194,2,59:12.6
191,2,59:27.6
191,2,59:42.6
189,2,59:57.6
189,2,00:12.6
191,2,00:27.6
191,2,00:42.6
187,2,00:57.6
191,2,01:12.6
191,2,01:27.6
191,2,01:42.6
194,2,01:57.6
189,2,02:12.6
194,2,02:27.6
189,2,02:42.6
189,2,02:57.6
189,2,03:12.6
187,2,03:27.6
189,2,03:42.6
194,2,03:57.6
189,2,04:12.6
187,2,04:27.6
187,2,04:42.6
187,2,04:57.6
187,2,05:12.6
185,2,05:27.6
180,2,05:42.6
180,2,05:57.6
178,2,06:12.6
180,2,06:27.6
174,2,06:42.6
169,2,06:57.6
163,2,07:12.6
149,2,07:27.6
138,2,07:42.6
143,2,07:57.6
132,2,08:12.6
142,2,08:27.6
152,2,08:42.6
149,2,08:57.6
156,2,09:12.6
158,2,09:27.6
158,2,09:42.6
159,2,09:57.6
159,2,10:12.6
158,2,10:27.6
152,2,10:42.6
152,2,10:57.6
154,2,11:12.6
149,2,11:27.6
152,2,11:42.6
156,2,11:57.6
154,2,12:12.6
156,2,12:27.6
152,2,12:42.6
150,2,12:57.6
152,2,13:12.6
149,2,13:27.6
154,2,13:42.6
145,2,13:57.6
152,2,14:12.6
154,2,14:27.6
154,2,14:42.6
152,2,14:57.6
150,2,15:12.6
149,2,15:27.6
150,2,15:42.6
150,2,15:57.6
142,2,16:12.6
143,2,16:27.6
143,2,16:42.6
142,2,16:57.6
142,2,17:12.6
143,2,17:27.6
145,2,17:42.6
147,2,17:57.6
149,2,18:12.6
149,2,18:27.6
152,2,18:42.6
150,2,18:57.6
152,2,19:12.6
152,2,19:27.6
152,2,19:42.6
159,2,19:57.6
158,2,20:12.6
156,2,20:27.6
154,2,20:42.6
158,2,20:57.6
165,2,21:12.6
154,2,21:27.6
156,2,21:42.6
145,2,21:57.6
129,2,22:12.6
129,2,22:27.6
125,2,22:42.6
123,2,22:57.6
129,2,23:12.6
132,2,23:27.6
135,2,23:42.6
135,2,23:57.6
138,2,24:12.6
140,2,24:27.6
142,2,24:42.6
145,2,24:57.6
145,2,25:12.6
147,2,25:27.6
152,2,25:42.6
149,2,25:57.6
147,2,26:12.6
149,2,26:27.6
147,2,26:42.6
149,2,26:57.6
145,2,27:12.6
150,2,27:27.6
150,2,27:42.6
149,2,27:57.6
149,2,28:12.6
150,2,28:27.6
152,2,28:42.6
150,2,28:57.6
152,2,29:12.6
156,2,29:27.6
158,2,29:42.6
158,2,29:57.6
158,2,30:12.6
158,2,30:27.6
158,2,30:42.6
159,2,30:57.6
161,2,31:12.6
165,2,31:27.6
152,2,31:42.6
145,2,31:57.6
154,2,32:12.6
156,2,32:27.6
156,2,32:42.6
150,2,32:57.6
152,2,33:12.6
152,2,33:27.6
147,2,33:42.6
147,2,33:57.6
140,2,34:12.6
145,2,34:27.6
142,2,34:42.6
138,2,34:57.6
134,2,35:12.6
140,2,35:27.6
137,2,35:42.6
143,2,35:57.6
143,2,36:12.6
147,2,36:27.6
147,2,36:42.6
145,2,36:57.6
143,2,37:12.6
145,2,37:27.6
145,2,37:42.6
147,2,37:57.6
149,2,38:12.6
145,2,38:27.6
149,2,38:42.6
150,2,38:57.6
150,2,39:12.6
149,2,39:27.6
150,2,39:42.6
149,2,39:57.6
147,2,40:12.6
149,2,40:27.6
150,2,40:42.6
159,2,40:57.6
149,2,41:12.6
156,2,41:27.6
150,2,41:42.6
149,2,41:57.6
149,2,42:12.6
137,2,42:27.6
142,2,42:42.6
142,2,42:57.6
128,2,43:12.6
126,2,43:27.6
121,2,43:42.6
126,2,43:57.6
126,2,44:12.6
132,2,44:27.6
129,2,44:42.6
129,2,44:57.6
134,2,45:12.6
128,2,45:27.6
134,2,45:42.6
135,2,45:57.6
135,2,46:12.6
135,2,46:27.6
135,2,46:42.6
137,2,46:57.6
137,2,47:12.6
140,2,47:27.6
138,2,47:42.6
140,2,47:57.6
140,2,48:12.6
142,2,48:27.6
138,2,48:42.6
129,2,48:57.6
123,2,49:12.6
128,2,49:27.6
128,2,49:42.6
131,2,49:57.6
134,2,50:12.6
135,2,50:27.6
135,2,50:42.6
132,2,50:57.6
134,2,51:12.6
129,2,51:27.6
131,2,51:42.6
135,2,51:57.6
132,2,52:12.6
123,2,52:27.6
125,2,52:42.6
156,2,52:57.6
156,2,53:12.6
159,2,53:27.6
156,2,53:42.6
156,2,53:57.6
159,2,54:12.6
163,2,54:27.6
154,2,54:42.6
159,2,54:57.6
159,2,55:12.6
158,2,55:27.6
161,2,55:42.6
158,2,55:57.6
154,2,56:12.6
154,2,56:27.6
156,2,56:42.6
150,2,56:57.6
150,2,57:12.6
147,2,57:27.6
147,2,57:42.6
147,2,57:57.6
145,2,58:12.6
147,2,58:27.6
145,2,58:42.6
142,2,58:57.6
140,2,59:12.6
138,2,59:27.6
140,2,59:42.6
140,2,59:57.6
140,2,00:12.6
142,2,00:27.6
138,2,00:42.6
142,2,00:57.6
143,2,01:12.6
145,2,01:27.6
143,2,01:42.6
143,2,01:57.6
143,2,02:12.6
140,2,02:27.6
143,2,02:42.6
145,2,02:57.6
145,2,03:12.6
147,2,03:27.6
145,2,03:42.6
145,2,03:57.6
143,2,04:12.6
143,2,04:27.6
137,2,04:42.6
138,2,04:57.6
131,2,05:12.6
122,2,05:27.6
97,2,05:42.6
113,2,05:57.6
114,2,06:12.6
110,2,06:27.6
112,2,06:42.6
119,2,06:57.6
92,2,07:12.6
66,2,07:27.6
61,2,07:42.6
67,2,07:57.6
59,2,08:12.6
71,2,08:27.6
80,2,08:42.6
84,2,08:57.6
91,2,09:12.6
77,2,09:27.6
85,2,09:42.6
83,2,09:57.6
89,2,10:12.6
90,2,10:27.6
89,2,10:42.6
89,2,10:57.6
112,2,11:12.6
87,2,11:27.6
72,2,11:42.6
62,2,11:57.6
50,2,12:12.6
54,2,12:27.6
43,2,12:42.6
51,2,12:57.6
47,2,13:12.6
46,2,13:27.6
49,2,13:42.6
48,2,13:57.6
45,2,14:12.6
42,2,14:27.6
38,2,14:42.6
43,2,14:57.6
42,2,15:12.6
46,2,15:27.6
42,2,15:42.6
51,2,15:57.6
58,2,16:12.6
42,2,16:27.6
36,2,16:42.6
37,2,16:57.6
38,2,17:12.6
40,2,17:27.6
52,2,17:42.6
52,2,17:57.6
44,2,18:12.6
47,2,18:27.6
57,2,18:42.6
64,2,18:57.6
68,2,19:12.6
76,2,19:27.6
57,2,19:42.6
77,2,19:57.6
60,2,20:12.6
56,2,20:27.6
67,2,20:42.6
78,2,20:57.6
90,2,21:12.6
71,2,21:27.6
84,2,21:42.6
82,2,21:57.6
63,1,22:12.6
65,2,22:27.6
77,2,22:42.6
77,1,22:57.6
77,1,23:12.6
52,2,23:27.6
62,2,23:42.6
93,2,23:57.6
88,1,24:12.6
101,1,24:27.6
74,1,24:42.6
75,1,24:57.6
68,2,25:12.6
50,2,25:27.6
45,2,25:42.6
45,2,25:57.6
46,2,26:12.6
44,2,26:27.6
61,2,26:42.6
45,2,26:57.6
45,2,27:12.6
44,2,27:27.6
46,2,27:42.6
42,2,27:57.6
43,2,28:12.6
41,2,28:27.6
49,2,28:42.6
50,2,28:57.6
50,2,29:12.6
44,2,29:27.6
53,2,29:42.6
59,2,29:57.6
45,2,30:12.6
45,2,30:27.6
47,2,30:42.6
71,2,30:57.6
67,2,31:12.6
63,2,31:27.6
82,2,31:42.6
87,2,31:57.6
93,2,32:12.6
72,2,32:27.6
80,2,32:42.6
80,2,32:57.6
101,2,33:12.6
108,2,33:27.6
115,2,33:42.6
118,2,33:57.6
122,2,34:12.6
131,2,34:27.6
134,2,34:42.6
126,2,34:57.6
131,2,35:12.6
129,2,35:27.6
122,2,35:42.6
129,2,35:57.6
138,2,36:12.6
96,2,36:27.6
59,2,36:42.6
64,2,36:57.6
74,2,37:12.6
76,2,37:27.6
90,2,37:42.6
83,2,37:57.6
81,2,38:12.6
107,2,38:27.6
113,2,38:42.6
129,2,38:57.6
132,2,39:12.6
137,2,39:27.6
137,2,39:42.6
131,2,39:57.6
132,2,40:12.6
132,2,40:27.6
112,2,40:42.6
108,2,40:57.6
108,2,41:12.6
108,2,41:27.6
106,2,41:42.6
104,2,41:57.6
104,2,42:12.6
108,2,42:27.6
109,2,42:42.6
108,2,42:57.6
113,2,43:12.6
117,2,43:27.6
125,2,43:42.6
129,2,43:57.6
134,2,44:12.6
131,2,44:27.6
132,2,44:42.6
134,2,44:57.6
135,2,45:12.6
137,2,45:27.6
138,2,45:42.6
126,2,45:57.6
107,2,46:12.6
102,2,46:27.6
102,2,46:42.6
107,2,46:57.6
112,2,47:12.6
114,2,47:27.6
114,2,47:42.6
113,2,47:57.6
115,2,48:12.6
121,2,48:27.6
122,2,48:42.6
128,2,48:57.6
126,2,49:12.6
123,2,49:27.6
123,2,49:42.6
122,2,49:57.6
104,2,50:12.6
110,2,50:27.6
114,2,50:42.6
110,2,50:57.6
108,2,51:12.6
107,2,51:27.6
110,2,51:42.6
112,2,51:57.6
107,2,52:12.6
100,2,52:27.6
113,2,52:42.6
109,2,52:57.6
128,2,53:12.6
112,2,53:27.6
112,2,53:42.6
118,2,53:57.6
110,2,54:12.6
83,2,54:27.6
84,2,54:42.6
82,2,54:57.6
91,2,55:12.6
95,2,55:27.6
106,2,55:42.6
104,2,55:57.6
121,2,56:12.6
114,2,56:27.6
118,2,56:42.6
117,2,56:57.6
118,2,57:12.6
104,2,57:27.6
119,2,57:42.6
86,2,57:57.6
101,2,58:12.6
117,2,58:27.6
123,2,58:42.6
109,2,58:57.6
110,2,59:12.6
100,2,59:27.6
106,2,59:42.6
109,2,59:57.6
118,2,00:12.6
126,2,00:27.6
102,2,00:42.6
103,2,00:57.6
123,2,01:12.6
121,2,01:27.6
115,2,01:42.6
104,2,01:57.6
104,2,02:12.6
106,2,02:27.6
108,2,02:42.6
103,2,02:57.6
93,2,03:12.6
100,2,03:27.6
108,2,03:42.6
85,2,03:57.6
84,2,04:12.6
99,2,04:27.6
100,2,04:42.6
106,2,04:57.6
115,2,05:12.6
113,2,05:27.6
77,2,05:42.6
98,2,05:57.6
84,2,06:12.6
90,2,06:27.6
94,2,06:42.6
91,2,06:57.6
89,2,07:12.6
85,2,07:27.6
88,2,07:42.6
98,2,07:57.6
95,2,08:12.6
95,2,08:27.6
94,2,08:42.6
94,2,08:57.6
90,2,09:12.6
87,2,09:27.6
97,2,09:42.6
107,2,09:57.6
114,2,10:12.6
96,2,10:27.6
96,2,10:42.6
99,2,10:57.6
99,2,11:12.6
109,2,11:27.6
101,2,11:42.6
53,2,11:57.6
58,2,12:12.6
77,2,12:27.6
88,2,12:42.6
96,2,12:57.6
93,2,13:12.6
88,2,13:27.6
91,2,13:42.6
98,2,13:57.6
96,2,14:12.6
95,2,14:27.6
95,2,14:42.6
96,2,14:57.6
103,2,15:12.6
108,2,15:27.6
108,2,15:42.6
104,2,15:57.6
106,2,16:12.6
99,2,16:27.6
103,2,16:42.6
113,2,16:57.6
117,2,17:12.6
125,2,17:27.6
118,2,17:42.6
100,2,17:57.6
108,2,18:12.6
93,2,18:27.6
96,2,18:42.6
107,2,18:57.6
109,2,19:12.6
112,2,19:27.6
118,2,19:42.6
123,2,19:57.6
121,2,20:12.6
125,2,20:27.6
126,2,20:42.6
123,2,20:57.6
118,2,21:12.6
123,2,21:27.6
132,2,21:42.6
131,2,21:57.6
132,2,22:12.6
137,2,22:27.6
145,2,22:42.6
145,2,22:57.6
121,2,23:12.6
128,2,23:27.6
119,2,23:42.6
121,2,23:57.6
122,2,24:12.6
125,2,24:27.6
128,2,24:42.6
126,2,24:57.6
129,2,25:12.6
132,2,25:27.6
126,2,25:42.6
121,2,25:57.6
115,2,26:12.6
96,2,26:27.6
99,2,26:42.6
101,2,26:57.6
113,2,27:12.6
115,2,27:27.6
109,2,27:42.6
112,2,27:57.6
117,2,28:12.6
125,2,28:27.6
125,2,28:42.6
125,2,28:57.6
121,2,29:12.6
121,2,29:27.6
122,2,29:42.6
128,2,29:57.6
128,2,30:12.6
125,2,30:27.6
131,2,30:42.6
123,2,30:57.6
128,2,31:12.6
131,2,31:27.6
137,2,31:42.6
140,2,31:57.6
109,2,32:12.6
119,2,32:27.6
112,2,32:42.6
117,2,32:57.6
112,2,33:12.6
99,2,33:27.6
93,2,33:42.6
87,2,33:57.6
90,2,34:12.6
99,2,34:27.6
112,2,34:42.6
119,2,34:57.6
123,2,35:12.6
128,2,35:27.6
112,2,35:42.6
101,2,35:57.6
112,2,36:12.6
106,2,36:27.6
114,2,36:42.6
125,2,36:57.6
123,2,37:12.6
117,2,37:27.6
119,2,37:42.6
121,2,37:57.6
117,2,38:12.6
109,2,38:27.6
110,2,38:42.6
117,2,38:57.6
123,2,39:12.6
122,2,39:27.6
123,2,39:42.6
121,2,39:57.6
121,2,40:12.6
122,2,40:27.6
121,2,40:42.6
115,2,40:57.6
112,2,41:12.6
115,2,41:27.6
119,2,41:42.6
123,2,41:57.6
125,2,42:12.6
128,2,42:27.6
126,2,42:42.6
126,2,42:57.6
131,2,43:12.6
126,2,43:27.6
129,2,43:42.6
125,2,43:57.6
125,2,44:12.6
119,2,44:27.6
113,2,44:42.6
110,2,44:57.6
112,2,45:12.6
109,2,45:27.6
106,2,45:42.6
108,2,45:57.6
114,2,46:12.6
118,2,46:27.6
123,2,46:42.6
114,2,46:57.6
115,2,47:12.6
118,2,47:27.6
121,2,47:42.6
125,2,47:57.6
126,2,48:12.6
129,2,48:27.6
129,2,48:42.6
128,2,48:57.6
131,2,49:12.6
137,2,49:27.6
143,2,49:42.6
145,2,49:57.6
149,2,50:12.6
150,2,50:27.6
154,2,50:42.6
158,2,50:57.6
156,2,51:12.6
156,2,51:27.6
158,2,51:42.6
158,2,51:57.6
163,2,52:12.6
158,2,52:27.6
154,2,52:42.6
150,2,52:57.6
152,2,53:12.6
158,2,53:27.6
154,2,53:42.6
150,2,53:57.6
145,2,54:12.6
149,2,54:27.6
137,2,54:42.6
138,2,54:57.6
143,2,55:12.6
143,2,55:27.6
143,2,55:42.6
142,2,55:57.6
150,2,56:12.6
138,2,56:27.6
145,2,56:42.6
137,2,56:57.6
126,2,57:12.6
115,2,57:27.6
121,2,57:42.6
121,2,57:57.6
118,2,58:12.6
118,2,58:27.6
121,2,58:42.6
126,2,58:57.6
122,2,59:12.6
125,2,59:27.6
129,2,59:42.6
126,2,59:57.6
125,2,00:12.6
128,2,00:27.6
132,2,00:42.6
137,2,00:57.6
134,2,01:12.6
135,2,01:27.6
138,2,01:42.6
142,2,01:57.6
125,2,02:12.6
125,2,02:27.6
125,2,02:42.6
125,2,02:57.6
122,2,03:12.6
126,2,03:27.6
132,2,03:42.6
135,2,03:57.6
134,2,04:12.6
135,2,04:27.6
135,2,04:42.6
138,2,04:57.6
138,2,05:12.6
129,2,05:27.6
121,2,05:42.6
122,2,05:57.6
129,2,06:12.6
128,2,06:27.6
131,2,06:42.6
132,2,06:57.6
131,2,07:12.6
131,2,07:27.6
128,2,07:42.6
131,2,07:57.6
119,2,08:12.6
117,2,08:27.6
119,2,08:42.6
122,2,08:57.6
122,2,09:12.6
123,2,09:27.6
128,2,09:42.6
132,2,09:57.6
140,2,10:12.6
138,2,10:27.6
137,2,10:42.6
138,2,10:57.6
135,2,11:12.6
132,2,11:27.6
135,2,11:42.6
132,2,11:57.6
143,2,12:12.6
135,2,12:27.6
142,2,12:42.6
125,2,12:57.6
126,2,13:12.6
115,2,13:27.6
110,2,13:42.6
100,2,13:57.6
95,2,14:12.6
92,2,14:27.6
100,2,14:42.6
110,2,14:57.6
131,2,15:12.6
119,2,15:27.6
126,2,15:42.6
106,2,15:57.6
89,2,16:12.6
104,2,16:27.6
74,2,16:42.6
75,2,16:57.6
74,2,17:12.6
71,2,17:27.6
61,2,17:42.6
51,2,17:57.6
77,2,18:12.6
93,2,18:27.6
104,2,18:42.6
109,2,18:57.6
117,2,19:12.6
122,2,19:27.6
73,2,19:42.6
63,2,19:57.6
50,2,20:12.6
54,2,20:27.6
58,2,20:42.6
43,2,20:57.6
40,2,21:12.6
47,2,21:27.6
50,2,21:42.6
48,2,21:57.6
72,2,22:12.6
108,2,22:27.6
108,2,22:42.6
119,2,22:57.6
121,2,23:12.6
122,2,23:27.6
126,2,23:42.6
129,2,23:57.6
132,2,24:12.6
137,2,24:27.6
131,2,24:42.6
132,2,24:57.6
138,2,25:12.6
143,2,25:27.6
145,2,25:42.6
147,2,25:57.6
150,2,26:12.6
152,2,26:27.6
152,2,26:42.6
154,2,26:57.6
145,2,27:12.6
140,2,27:27.6
113,2,27:42.6
89,2,27:57.6
94,2,28:12.6
96,2,28:27.6
100,2,28:42.6
102,2,28:57.6
107,2,29:12.6
114,2,29:27.6
126,2,29:42.6
121,2,29:57.6
92,2,30:12.6
99,2,30:27.6
104,2,30:42.6
97,2,30:57.6
100,2,31:12.6
92,2,31:27.6
95,2,31:42.6
103,2,31:57.6
107,2,32:12.6
114,2,32:27.6
117,2,32:42.6
115,2,32:57.6
121,2,33:12.6
128,2,33:27.6
94,2,33:42.6
129,2,33:57.6
138,2,34:12.6
131,2,34:27.6
123,2,34:42.6
129,2,34:57.6
137,2,35:12.6
145,2,35:27.6
147,2,35:42.6
152,2,35:57.6
145,2,36:12.6
140,2,36:27.6
138,2,36:42.6
145,2,36:57.6
150,2,37:12.6
126,2,37:27.6
110,2,37:42.6
112,2,37:57.6
107,2,38:12.6
118,2,38:27.6
110,2,38:42.6
112,2,38:57.6
119,2,39:12.6
128,2,39:27.6
138,2,39:42.6
149,2,39:57.6
145,2,40:12.6
143,2,40:27.6
150,2,40:42.6
145,2,40:57.6
134,2,41:12.6
140,2,41:27.6
143,2,41:42.6
147,2,41:57.6
129,2,42:12.6
143,2,42:27.6
140,2,42:42.6
122,2,42:57.6
113,2,43:12.6
115,2,43:27.6
117,2,43:42.6
123,2,43:57.6
132,2,44:12.6
140,2,44:27.6
135,2,44:42.6
129,2,44:57.6
134,2,45:12.6
135,2,45:27.6
135,2,45:42.6
135,2,45:57.6
134,2,46:12.6
125,2,46:27.6
109,2,46:42.6
100,2,46:57.6
98,2,47:12.6
92,2,47:27.6
87,2,47:42.6
83,2,47:57.6
80,2,48:12.6
85,2,48:27.6
93,2,48:42.6
108,2,48:57.6
119,2,49:12.6
113,2,49:27.6
119,2,49:42.6
125,2,49:57.6
129,2,50:12.6
131,2,50:27.6
135,2,50:42.6
131,2,50:57.6
128,2,51:12.6
131,2,51:27.6
126,2,51:42.6
125,2,51:57.6
122,2,52:12.6
126,2,52:27.6
125,2,52:42.6
125,2,52:57.6
123,2,53:12.6
131,2,53:27.6
128,2,53:42.6
128,2,53:57.6
128,2,54:12.6
131,2,54:27.6
138,2,54:42.6
137,2,54:57.6
134,2,55:12.6
137,2,55:27.6
137,2,55:42.6
135,2,55:57.6
137,2,56:12.6
137,2,56:27.6
135,2,56:42.6
132,2,56:57.6
131,2,57:12.6
129,2,57:27.6
140,2,57:42.6
128,2,57:57.6
128,2,58:12.6
131,2,58:27.6
126,2,58:42.6
123,2,58:57.6
121,2,59:12.6
118,2,59:27.6
114,2,59:42.6
113,2,59:57.6
114,2,00:12.6
114,2,00:27.6
112,2,00:42.6
114,2,00:57.6
110,2,01:12.6
112,2,01:27.6
112,2,01:42.6
112,2,01:57.6
114,2,02:12.6
117,2,02:27.6
115,2,02:42.6
117,2,02:57.6
125,2,03:12.6
123,2,03:27.6
126,2,03:42.6
129,2,03:57.6
132,2,04:12.6
131,2,04:27.6
126,2,04:42.6
117,2,04:57.6
122,2,05:12.6
131,2,05:27.6
131,2,05:42.6
138,2,05:57.6
142,2,06:12.6
143,2,06:27.6
145,2,06:42.6
149,2,06:57.6
142,2,07:12.6
138,2,07:27.6
140,2,07:42.6
143,2,07:57.6
147,2,08:12.6
143,2,08:27.6
145,2,08:42.6
147,2,08:57.6
149,2,09:12.6
150,2,09:27.6
152,2,09:42.6
152,2,09:57.6
154,2,10:12.6
149,2,10:27.6
147,2,10:42.6
145,2,10:57.6
145,2,11:12.6
147,2,11:27.6
145,2,11:42.6
145,2,11:57.6
145,2,12:12.6
147,2,12:27.6
147,2,12:42.6
147,2,12:57.6
149,2,13:12.6
150,2,13:27.6
150,2,13:42.6
150,2,13:57.6
150,2,14:12.6
150,2,14:27.6
150,2,14:42.6
150,2,14:57.6
154,2,15:12.6
156,2,15:27.6
156,2,15:42.6
159,2,15:57.6
159,2,16:12.6
161,2,16:27.6
161,2,16:42.6
163,2,16:57.6
167,2,17:12.6
161,2,17:27.6
145,2,17:42.6
138,2,17:57.6
158,2,18:12.6
159,2,18:27.6
159,2,18:42.6
156,2,18:57.6
152,2,19:12.6
150,2,19:27.6
149,2,19:42.6
149,2,19:57.6
149,2,20:12.6
150,2,20:27.6
152,2,20:42.6
150,2,20:57.6
149,2,21:12.6
150,2,21:27.6
149,2,21:42.6
150,2,21:57.6
149,2,22:12.6
149,2,22:27.6
147,2,22:42.6
145,2,22:57.6
143,2,23:12.6
143,2,23:27.6
143,2,23:42.6
145,2,23:57.6
145,2,24:12.6
149,2,24:27.6
149,2,24:42.6
150,2,24:57.6
149,2,25:12.6
149,2,25:27.6
150,2,25:42.6
150,2,25:57.6
150,2,26:12.6
152,2,26:27.6
150,2,26:42.6
150,2,26:57.6
150,2,27:12.6
149,2,27:27.6
149,2,27:42.6
149,2,27:57.6
152,2,28:12.6
154,2,28:27.6
156,2,28:42.6
158,2,28:57.6
156,2,29:12.6
158,2,29:27.6
158,2,29:42.6
152,2,29:57.6
156,2,30:12.6
156,2,30:27.6
156,2,30:42.6
156,2,30:57.6
158,2,31:12.6
158,2,31:27.6
156,2,31:42.6
152,2,31:57.6
158,2,32:12.6
161,2,32:27.6
165,2,32:42.6
165,2,32:57.6
167,2,33:12.6
165,2,33:27.6
165,2,33:42.6
165,2,33:57.6
167,2,34:12.6
169,2,34:27.6
169,2,34:42.6
169,2,34:57.6
171,2,35:12.6
171,2,35:27.6
174,2,35:42.6
174,2,35:57.6
174,2,36:12.6
176,2,36:27.6
152,2,36:42.6
132,2,36:57.6
149,2,37:12.6
158,2,37:27.6
161,2,37:42.6
167,2,37:57.6
150,2,38:12.6
152,2,38:27.6
167,2,38:42.6
158,2,38:57.6
122,2,39:12.6
122,2,39:27.6
113,2,39:42.6
117,2,39:57.6
121,2,40:12.6
128,2,40:27.6
132,2,40:42.6
135,2,40:57.6
125,2,41:12.6
103,2,41:27.6
99,2,41:42.6
84,2,41:57.6
71,2,42:12.6
58,2,42:27.6
66,2,42:42.6
67,2,42:57.6
66,2,43:12.6
84,2,43:27.6
88,2,43:42.6
106,2,43:57.6
119,2,44:12.6
129,2,44:27.6
123,2,44:42.6
101,2,44:57.6
96,2,45:12.6
90,2,45:27.6
94,2,45:42.6
106,2,45:57.6
106,2,46:12.6
118,2,46:27.6
108,2,46:42.6
103,2,46:57.6
113,2,47:12.6
106,2,47:27.6
109,2,47:42.6
113,2,47:57.6
112,2,48:12.6
110,2,48:27.6
112,2,48:42.6
110,2,48:57.6
114,2,49:12.6
118,2,49:27.6
115,2,49:42.6
114,2,49:57.6
122,2,50:12.6
119,2,50:27.6
121,2,50:42.6
123,2,50:57.6
128,2,51:12.6
134,2,51:27.6
138,2,51:42.6
135,2,51:57.6
138,2,52:12.6
138,2,52:27.6
134,2,52:42.6
119,2,52:57.6
115,2,53:12.6
119,2,53:27.6
126,2,53:42.6
126,2,53:57.6
126,2,54:12.6
131,2,54:27.6
138,2,54:42.6
143,2,54:57.6
145,2,55:12.6
149,2,55:27.6
154,2,55:42.6
156,2,55:57.6
158,2,56:12.6
161,2,56:27.6
167,2,56:42.6
169,2,56:57.6
171,2,57:12.6
174,2,57:27.6
159,2,57:42.6
158,2,57:57.6
145,2,58:12.6
154,2,58:27.6
156,2,58:42.6
159,2,58:57.6
156,2,59:12.6
158,2,59:27.6
143,2,59:42.6
138,2,59:57.6
137,2,00:12.6
137,2,00:27.6
143,2,00:42.6
143,2,00:57.6
126,2,01:12.6
77,2,01:27.6
61,2,01:42.6
62,2,01:57.6
77,2,02:12.6
109,2,02:27.6
123,2,02:42.6
129,2,02:57.6
138,2,03:12.6
244,5,03:27.6
220,4,03:42.6
229,4,03:57.6
229,4,04:12.6
223,4,04:27.6
229,4,04:42.6
235,4,04:57.6
235,4,05:12.6
238,4,05:27.6
223,4,05:42.6
220,4,05:57.6
226,4,06:12.6
232,4,06:27.6
238,4,06:42.6
241,4,06:57.6
217,4,07:12.6
180,4,07:27.6
165,4,07:42.6
165,4,07:57.6
149,4,08:12.6
125,4,08:27.6
169,4,08:42.6
152,4,08:57.6
154,4,09:12.6
156,4,09:27.6
158,4,09:42.6
167,4,09:57.6
176,4,10:12.6
191,4,10:27.6
196,4,10:42.6
206,4,10:57.6
206,4,11:12.6
204,4,11:27.6
209,4,11:42.6
209,4,11:57.6
215,4,12:12.6
217,4,12:27.6
220,4,12:42.6
223,4,12:57.6
226,4,13:12.6
226,4,13:27.6
229,4,13:42.6
229,4,13:57.6
232,4,14:12.6
185,4,14:27.6
147,4,14:42.6
88,4,14:57.6
54,4,15:12.6
71,4,15:27.6
85,4,15:42.6
107,4,15:57.6
119,4,16:12.6
134,4,16:27.6
149,4,16:42.6
149,4,16:57.6
150,4,17:12.6
152,4,17:27.6
147,4,17:42.6
109,4,17:57.6
107,4,18:12.6
125,4,18:27.6
121,4,18:42.6
142,4,18:57.6
140,4,19:12.6
110,4,19:27.6
41,4,19:42.6
33,5,19:57.6
32,5,20:12.6
32,5,20:27.6
32,5,20:42.6
32,5,20:57.6
32,5,21:12.6
33,5,21:27.6
32,5,21:42.6
32,4,21:57.6
41,4,22:12.6
54,7,22:27.6
52,9,22:42.6
54,10,22:57.6
54,11,23:12.6
56,12,23:27.6
53,13,23:42.6
58,14,23:57.6
59,15,24:12.6
59,16,24:27.6
56,15,24:42.6
51,14,24:57.6
49,13,25:12.6
50,13,25:27.6
50,13,25:42.6
50,12,25:57.6
51,12,26:12.6
52,13,26:27.6
52,13,26:42.6
49,12,26:57.6
50,13,27:12.6
51,12,27:27.6
51,13,27:42.6
51,12,27:57.6
50,12,28:12.6
49,12,28:27.6
50,12,28:42.6
50,12,28:57.6
50,12,29:12.6
51,12,29:27.6
51,12,29:42.6
50,12,29:57.6
50,12,30:12.6
50,12,30:27.6
50,12,30:42.6
50,12,30:57.6
50,12,31:12.6
51,12,31:27.6
51,12,31:42.6
48,12,31:57.6
49,12,32:12.6
51,12,32:27.6
50,12,32:42.6
52,12,32:57.6
53,13,33:12.6
51,12,33:27.6
53,12,33:42.6
51,12,33:57.6
52,12,34:12.6
53,13,34:27.6
52,12,34:42.6
51,12,34:57.6
51,12,35:12.6
51,13,35:27.6
52,12,35:42.6
49,13,35:57.6
45,10,36:12.6
45,9,36:27.6
45,8,36:42.6
45,8,36:57.6
45,8,37:12.6
46,8,37:27.6
47,8,37:42.6
47,8,37:57.6
46,8,38:12.6
46,8,38:27.6
45,8,38:42.6
45,8,38:57.6
44,8,39:12.6
44,7,39:27.6
44,7,39:42.6
43,7,39:57.6
43,7,40:12.6
43,7,40:27.6
43,7,40:42.6
42,7,40:57.6
42,7,41:12.6
41,7,41:27.6
41,7,41:42.6
41,7,41:57.6
41,7,42:12.6
41,6,42:27.6
41,6,42:42.6
41,6,42:57.6
40,6,43:12.6
41,6,43:27.6
47,6,43:42.6
58,7,43:57.6
58,8,44:12.6
59,8,44:27.6
61,8,44:42.6
58,9,44:57.6
62,9,45:12.6
68,9,45:27.6
62,9,45:42.6
61,9,45:57.6
66,9,46:12.6
63,9,46:27.6
66,9,46:42.6
66,9,46:57.6
65,9,47:12.6
65,9,47:27.6
64,9,47:42.6
62,9,47:57.6
62,9,48:12.6
59,9,48:27.6
62,9,48:42.6
60,9,48:57.6
59,9,49:12.6
59,8,49:27.6
58,8,49:42.6
58,8,49:57.6
59,8,50:12.6
56,8,50:27.6
55,8,50:42.6
56,8,50:57.6
54,8,51:12.6
55,8,51:27.6
51,8,51:42.6
54,8,51:57.6
53,8,52:12.6
51,8,52:27.6
50,8,52:42.6
50,8,52:57.6
50,8,53:12.6
53,7,53:27.6
70,9,53:42.6
83,12,53:57.6
90,16,54:12.6
91,18,54:27.6
86,19,54:42.6
86,18,54:57.6
80,17,55:12.6
80,17,55:27.6
81,17,55:42.6
78,17,55:57.6
74,17,56:12.6
77,17,56:27.6
74,17,56:42.6
71,17,56:57.6
70,16,57:12.6
68,16,57:27.6
66,15,57:42.6
64,14,57:57.6
64,14,58:12.6
63,14,58:27.6
64,14,58:42.6
62,14,58:57.6
62,14,59:12.6
62,14,59:27.6
61,14,59:42.6
62,14,59:57.6
59,14,00:12.6
63,14,00:27.6
66,15,00:42.6
33,7,00:57.6
31,5,01:12.6
31,4,01:27.6
31,4,01:42.6
30,4,01:57.6
28,3,02:12.6
30,3,02:27.6
29,3,02:42.6
29,3,02:57.6
28,3,03:12.6
27,3,03:27.6
28,3,03:42.6
28,3,03:57.6
29,3,04:12.6
28,3,04:27.6
29,3,04:42.6
34,3,04:57.6
36,4,05:12.6
37,4,05:27.6
34,4,05:42.6
37,4,05:57.6
35,5,06:12.6
38,5,06:27.6
35,5,06:42.6
33,5,06:57.6
36,5,07:12.6
35,5,07:27.6
35,5,07:42.6
36,5,07:57.6
37,5,08:12.6
36,5,08:27.6
38,5,08:42.6
38,5,08:57.6
38,5,09:12.6
37,5,09:27.6
40,6,09:42.6
41,6,09:57.6
40,6,10:12.6
40,6,10:27.6
40,6,10:42.6
40,6,10:57.6
39,6,11:12.6
42,6,11:27.6
43,6,11:42.6
46,7,11:57.6
44,7,12:12.6
46,7,12:27.6
43,7,12:42.6
43,7,12:57.6
43,7,13:12.6
43,7,13:27.6
42,7,13:42.6
43,7,13:57.6
45,7,14:12.6
45,7,14:27.6
45,7,14:42.6
48,7,14:57.6
49,8,15:12.6
51,8,15:27.6
49,8,15:42.6
49,8,15:57.6
48,8,16:12.6
50,8,16:27.6
49,8,16:42.6
48,8,16:57.6
49,8,17:12.6
46,8,17:27.6
47,8,17:42.6
48,8,17:57.6
48,8,18:12.6
47,8,18:27.6
48,8,18:42.6
47,8,18:57.6
43,7,19:12.6
38,7,19:27.6
40,7,19:42.6
38,6,19:57.6
39,6,20:12.6
43,6,20:27.6
41,6,20:42.6
37,6,20:57.6
37,6,21:12.6
39,6,21:27.6
43,6,21:42.6
39,6,21:57.6
37,5,22:12.6
39,5,22:27.6
38,5,22:42.6
36,5,22:57.6
39,5,23:12.6
37,5,23:27.6
39,5,23:42.6
37,5,23:57.6
40,5,24:12.6
36,5,24:27.6
38,5,24:42.6
38,5,24:57.6
36,5,25:12.6
37,5,25:27.6
35,5,25:42.6
37,5,25:57.6
36,5,26:12.6
38,5,26:27.6
38,5,26:42.6
37,5,26:57.6
35,5,27:12.6
39,5,27:27.6
34,5,27:42.6
34,5,27:57.6
34,5,28:12.6
34,5,28:27.6
35,5,28:42.6
34,5,28:57.6
34,5,29:12.6
34,5,29:27.6
34,5,29:42.6
36,5,29:57.6
33,5,30:12.6
33,5,30:27.6
34,5,30:42.6
45,6,30:57.6
42,7,31:12.6
43,7,31:27.6
42,7,31:42.6
38,7,31:57.6
36,7,32:12.6
34,6,32:27.6
34,6,32:42.6
32,6,32:57.6
34,5,33:12.6
33,6,33:27.6
35,6,33:42.6
34,6,33:57.6
33,6,34:12.6
34,6,34:27.6
34,6,34:42.6
32,5,34:57.6
33,6,35:12.6
35,5,35:27.6
32,6,35:42.6
32,5,35:57.6
32,5,36:12.6
31,5,36:27.6
31,5,36:42.6
32,5,36:57.6
31,5,37:12.6
30,5,37:27.6
30,5,37:42.6
30,5,37:57.6
29,5,38:12.6
30,5,38:27.6
30,5,38:42.6
30,5,38:57.6
29,5,39:12.6
29,5,39:27.6
28,5,39:42.6
29,5,39:57.6
28,5,40:12.6
27,5,40:27.6
27,5,40:42.6
27,4,40:57.6
26,4,41:12.6
26,4,41:27.6
25,4,41:42.6
26,4,41:57.6
26,4,42:12.6
25,4,42:27.6
25,4,42:42.6
24,4,42:57.6
24,4,43:12.6
25,4,43:27.6
25,4,43:42.6
24,4,43:57.6
24,4,44:12.6
24,4,44:27.6
24,4,44:42.6
24,4,44:57.6
24,4,45:12.6
24,4,45:27.6
24,4,45:42.6
23,4,45:57.6
23,4,46:12.6
24,4,46:27.6
24,4,46:42.6
23,4,46:57.6
24,4,47:12.6
24,4,47:27.6
24,4,47:42.6
23,4,47:57.6
24,4,48:12.6
24,4,48:27.6
23,3,48:42.6
23,4,48:57.6
24,4,49:12.6
24,3,49:27.6
24,4,49:42.6
24,3,49:57.6
24,3,50:12.6
24,4,50:27.6
24,4,50:42.6
24,3,50:57.6
24,4,51:12.6
24,3,51:27.6
24,4,51:42.6
24,4,51:57.6
24,3,52:12.6
23,4,52:27.6
24,3,52:42.6
24,4,52:57.6
24,4,53:12.6
23,3,53:27.6
23,3,53:42.6
23,4,53:57.6
23,4,54:12.6
24,3,54:27.6
24,4,54:42.6
23,3,54:57.6
23,3,55:12.6
23,3,55:27.6
24,3,55:42.6
24,3,55:57.6
23,3,56:12.6
23,3,56:27.6
23,3,56:42.6
23,3,56:57.6
22,3,57:12.6
22,3,57:27.6
22,3,57:42.6
24,3,57:57.6
22,3,58:12.6
23,3,58:27.6
23,3,58:42.6
23,3,58:57.6
23,3,59:12.6
22,3,59:27.6
25,3,59:42.6
21,3,59:57.6
21,3,00:12.6
21,3,00:27.6
21,3,00:42.6
21,3,00:57.6
21,3,01:12.6
20,3,01:27.6
20,3,01:42.6
20,3,01:57.6
21,3,02:12.6
21,3,02:27.6
20,3,02:42.6
20,3,02:57.6
20,3,03:12.6
20,3,03:27.6
20,3,03:42.6
21,3,03:57.6
21,3,04:12.6
21,3,04:27.6
21,3,04:42.6
20,3,04:57.6
21,3,05:12.6
20,3,05:27.6
21,3,05:42.6
20,3,05:57.6
21,3,06:12.6
19,3,06:27.6
20,3,06:42.6
19,3,06:57.6
20,3,07:12.6
20,3,07:27.6
21,3,07:42.6
20,3,07:57.6
58,4,08:12.6
39,4,08:27.6
39,4,08:42.6
37,4,08:57.6
32,4,09:12.6
31,3,09:27.6
30,3,09:42.6
31,3,09:57.6
31,3,10:12.6
30,3,10:27.6
31,3,10:42.6
31,3,10:57.6
31,3,11:12.6
31,3,11:27.6
30,2,11:42.6
30,2,11:57.6
30,2,12:12.6
30,2,12:27.6
30,2,12:42.6
30,2,12:57.6
30,2,13:12.6
30,2,13:27.6
30,2,13:42.6
29,2,13:57.6
30,2,14:12.6
30,2,14:27.6
30,2,14:42.6
29,2,14:57.6
30,2,15:12.6
29,2,15:27.6
29,2,15:42.6
29,2,15:57.6
29,2,16:12.6
29,2,16:27.6
29,2,16:42.6
29,2,16:57.6
29,2,17:12.6
29,2,17:27.6
29,2,17:42.6
29,2,17:57.6
29,2,18:12.6
29,2,18:27.6
29,2,18:42.6
29,2,18:57.6
29,2,19:12.6
29,2,19:27.6
29,2,19:42.6
29,2,19:57.6
29,2,20:12.6
29,2,20:27.6
29,2,20:42.6
29,2,20:57.6
29,2,21:12.6
29,2,21:27.6
29,2,21:42.6
29,2,21:57.6
29,2,22:12.6
29,2,22:27.6
29,2,22:42.6
29,2,22:57.6
29,2,23:12.6
29,2,23:27.6
29,2,23:42.6
29,2,23:57.6
29,2,24:12.6
29,2,24:27.6
29,2,24:42.6
29,2,24:57.6
29,2,25:12.6
29,2,25:27.6
29,2,25:42.6
29,2,25:57.6
29,2,26:12.6
29,2,26:27.6
29,2,26:42.6
29,2,26:57.6
29,2,27:12.6
29,2,27:27.6
29,2,27:42.6
29,2,27:57.6
29,2,28:12.6
29,2,28:27.6
29,2,28:42.6
29,2,28:57.6
30,2,29:12.6
33,3,29:27.6
33,4,29:42.6
33,4,29:57.6
33,4,30:12.6
33,4,30:27.6
33,5,30:42.6
32,5,30:57.6
33,5,31:12.6
32,5,31:27.6
44,8,31:42.6
44,7,31:57.6
43,6,32:12.6
44,6,32:27.6
43,7,32:42.6
42,7,32:57.6
41,7,33:12.6
42,7,33:27.6
41,7,33:42.6
41,6,33:57.6
40,6,34:12.6
40,7,34:27.6
40,6,34:42.6
39,6,34:57.6
39,6,35:12.6
39,6,35:27.6
40,6,35:42.6
38,6,35:57.6
39,6,36:12.6
38,6,36:27.6
38,6,36:42.6
38,6,36:57.6
39,6,37:12.6
37,6,37:27.6
38,6,37:42.6
37,6,37:57.6
36,6,38:12.6
36,6,38:27.6
37,6,38:42.6
36,6,38:57.6
36,6,39:12.6
35,6,39:27.6
36,6,39:42.6
36,6,39:57.6
36,6,40:12.6
36,6,40:27.6
36,6,40:42.6
35,6,40:57.6
35,6,41:12.6
36,6,41:27.6
35,6,41:42.6
35,6,41:57.6
34,6,42:12.6
34,6,42:27.6
33,6,42:42.6
34,6,42:57.6
34,6,43:12.6
34,6,43:27.6
34,6,43:42.6
34,6,43:57.6
37,6,44:12.6
39,6,44:27.6
38,5,44:42.6
37,6,44:57.6
39,6,45:12.6
37,6,45:27.6
35,6,45:42.6
36,6,45:57.6
36,5,46:12.6
37,5,46:27.6
37,5,46:42.6
35,5,46:57.6
35,6,47:12.6
31,5,47:27.6
32,5,47:42.6
31,5,47:57.6
32,5,48:12.6
31,5,48:27.6
31,5,48:42.6
32,5,48:57.6
32,5,49:12.6
31,5,49:27.6
31,5,49:42.6
33,5,49:57.6
31,5,50:12.6
31,5,50:27.6
31,5,50:42.6
31,5,50:57.6
31,5,51:12.6
30,5,51:27.6
30,5,51:42.6
30,5,51:57.6
30,5,52:12.6
29,5,52:27.6
31,5,52:42.6
30,5,52:57.6
29,5,53:12.6
29,5,53:27.6
29,5,53:42.6
30,5,53:57.6
32,5,54:12.6
32,5,54:27.6
31,5,54:42.6
31,5,54:57.6
31,5,55:12.6
30,5,55:27.6
30,5,55:42.6
29,5,55:57.6
28,5,56:12.6
28,4,56:27.6
29,4,56:42.6
29,4,56:57.6
29,4,57:12.6
28,4,57:27.6
29,4,57:42.6
29,4,57:57.6
29,4,58:12.6
29,4,58:27.6
29,4,58:42.6
29,4,58:57.6
27,4,59:12.6
28,4,59:27.6
29,4,59:42.6
28,4,59:57.6
29,4,00:12.6
28,4,00:27.6
27,4,00:42.6
27,4,00:57.6
28,4,01:12.6
27,4,01:27.6
28,4,01:42.6
27,4,01:57.6
28,4,02:12.6
27,4,02:27.6
27,4,02:42.6
27,4,02:57.6
28,4,03:12.6
27,4,03:27.6
26,4,03:42.6
26,4,03:57.6
27,4,04:12.6
26,4,04:27.6
25,4,04:42.6
27,4,04:57.6
26,4,05:12.6
26,4,05:27.6
28,4,05:42.6
27,4,05:57.6
27,4,06:12.6
26,4,06:27.6
25,4,06:42.6
26,4,06:57.6
25,4,07:12.6
26,4,07:27.6
27,4,07:42.6
26,4,07:57.6
25,4,08:12.6
26,4,08:27.6
25,4,08:42.6
26,4,08:57.6
25,4,09:12.6
25,4,09:27.6
25,4,09:42.6
26,4,09:57.6
25,4,10:12.6
26,4,10:27.6
26,4,10:42.6
26,4,10:57.6
26,4,11:12.6
27,4,11:27.6
25,4,11:42.6
25,4,11:57.6
24,4,12:12.6
25,4,12:27.6
25,4,12:42.6
25,4,12:57.6
25,4,13:12.6
24,4,13:27.6
25,4,13:42.6
25,4,13:57.6
25,4,14:12.6
26,4,14:27.6
25,4,14:42.6
24,4,14:57.6
24,4,15:12.6
24,4,15:27.6
25,4,15:42.6
24,4,15:57.6
24,4,16:12.6
24,4,16:27.6
24,4,16:42.6
24,4,16:57.6
24,4,17:12.6
25,4,17:27.6
25,4,17:42.6
24,4,17:57.6
24,4,18:12.6
25,4,18:27.6
24,4,18:42.6
24,4,18:57.6
24,4,19:12.6
24,4,19:27.6
24,4,19:42.6
24,4,19:57.6
24,4,20:12.6
23,4,20:27.6
24,3,20:42.6
24,4,20:57.6
24,3,21:12.6
24,3,21:27.6
24,3,21:42.6
24,4,21:57.6
24,3,22:12.6
23,3,22:27.6
24,3,22:42.6
23,3,22:57.6
24,3,23:12.6
23,3,23:27.6
23,3,23:42.6
24,3,23:57.6
24,3,24:12.6
23,3,24:27.6
23,3,24:42.6
24,3,24:57.6
24,3,25:12.6
23,3,25:27.6
24,4,25:42.6
23,4,25:57.6
23,3,26:12.6
24,3,26:27.6
22,3,26:42.6
23,3,26:57.6
23,3,27:12.6
23,3,27:27.6
23,3,27:42.6
23,3,27:57.6
22,3,28:12.6
23,3,28:27.6
22,3,28:42.6
22,3,28:57.6
22,3,29:12.6
37,5,29:27.6
38,6,29:42.6
38,7,29:57.6
34,6,30:12.6
28,6,30:27.6
27,6,30:42.6
27,6,30:57.6
26,5,31:12.6
26,5,31:27.6
28,5,31:42.6
28,5,31:57.6
26,5,32:12.6
27,5,32:27.6
27,5,32:42.6
26,5,32:57.6
27,5,33:12.6
25,5,33:27.6
28,5,33:42.6
27,5,33:57.6
28,5,34:12.6
31,5,34:27.6
29,5,34:42.6
31,5,34:57.6
25,4,35:12.6
24,4,35:27.6
24,4,35:42.6
21,3,35:57.6
22,3,36:12.6
20,3,36:27.6
22,3,36:42.6
22,3,36:57.6
20,3,37:12.6
21,3,37:27.6
20,3,37:42.6
44,8,37:57.6
45,9,38:12.6
45,9,38:27.6
48,11,38:42.6
45,11,38:57.6
45,11,39:12.6
49,11,39:27.6
57,12,39:42.6
64,14,39:57.6
71,15,40:12.6
78,16,40:27.6
82,17,40:42.6
88,18,40:57.6
91,18,41:12.6
95,20,41:27.6
97,20,41:42.6
99,21,41:57.6
102,21,42:12.6
104,21,42:27.6
109,22,42:42.6
113,22,42:57.6
104,22,43:12.6
101,22,43:27.6
99,22,43:42.6
102,22,43:57.6
99,21,44:12.6
98,21,44:27.6
104,22,44:42.6
106,22,44:57.6
103,22,45:12.6
102,22,45:27.6
101,22,45:42.6
97,21,45:57.6
96,21,46:12.6
104,21,46:27.6
108,22,46:42.6
112,22,46:57.6
114,22,47:12.6
118,23,47:27.6
109,22,47:42.6
112,22,47:57.6
112,22,48:12.6
106,22,48:27.6
107,22,48:42.6
114,23,48:57.6
113,23,49:12.6
108,23,49:27.6
110,22,49:42.6
110,23,49:57.6
112,23,50:12.6
106,23,50:27.6
107,22,50:42.6
110,23,50:57.6
110,24,51:12.6
109,25,51:27.6
117,25,51:42.6
115,24,51:57.6
110,25,52:12.6
110,24,52:27.6
108,24,52:42.6
112,24,52:57.6
110,24,53:12.6
106,24,53:27.6
108,24,53:42.6
106,24,53:57.6
103,23,54:12.6
101,23,54:27.6
103,23,54:42.6
64,18,54:57.6
48,15,55:12.6
54,16,55:27.6
59,18,55:42.6
67,20,55:57.6
75,21,56:12.6
85,23,56:27.6
98,26,56:42.6
112,27,56:57.6
123,29,57:12.6
135,30,57:27.6
145,32,57:42.6
154,34,57:57.6
161,35,58:12.6
171,37,58:27.6
178,38,58:42.6
187,40,58:57.6
191,41,59:12.6
199,42,59:27.6
206,44,59:42.6
212,46,59:57.6
217,47,00:12.6
220,48,00:27.6
229,50,00:42.6
235,51,00:57.6
241,54,01:12.6
244,54,01:27.6
248,55,01:42.6
254,57,01:57.6
258,58,02:12.6
261,60,02:27.6
265,61,02:42.6
268,62,02:57.6
268,63,03:12.6
276,64,03:27.6
279,66,03:42.6
279,67,03:57.6
283,68,04:12.6
287,69,04:27.6
287,70,04:42.6
291,72,04:57.6
295,73,05:12.6
295,74,05:27.6
295,76,05:42.6
299,77,05:57.6
299,78,06:12.6
303,79,06:27.6
303,80,06:42.6
308,81,06:57.6
312,82,07:12.6
312,84,07:27.6
312,85,07:42.6
312,86,07:57.6
312,87,08:12.6
316,87,08:27.6
316,89,08:42.6
321,90,08:57.6
321,91,09:12.6
325,92,09:27.6
325,92,09:42.6
325,94,09:57.6
325,95,10:12.6
325,96,10:27.6
325,96,10:42.6
325,98,10:57.6
330,98,11:12.6
330,99,11:27.6
330,100,11:42.6
330,100,11:57.6
330,102,12:12.6
335,103,12:27.6
335,103,12:42.6
335,105,12:57.6
335,105,13:12.6
335,106,13:27.6
335,108,13:42.6
340,108,13:57.6
340,109,14:12.6
340,109,14:27.6
340,111,14:42.6
345,111,14:57.6
340,112,15:12.6
340,112,15:27.6
345,114,15:42.6
345,114,15:57.6
345,115,16:12.6
345,115,16:27.6
345,115,16:42.6
345,117,16:57.6
345,117,17:12.6
345,119,17:27.6
345,119,17:42.6
345,119,17:57.6
345,120,18:12.6
345,120,18:27.6
345,120,18:42.6
345,122,18:57.6
345,122,19:12.6
350,122,19:27.6
350,123,19:42.6
350,123,19:57.6
350,123,20:12.6
350,125,20:27.6
350,125,20:42.6
350,125,20:57.6
350,127,21:12.6
350,127,21:27.6
350,127,21:42.6
350,129,21:57.6
350,129,22:12.6
350,129,22:27.6
350,129,22:42.6
350,130,22:57.6
350,130,23:12.6
350,130,23:27.6
350,130,23:42.6
350,132,23:57.6
350,132,24:12.6
350,132,24:27.6
350,134,24:42.6
350,134,24:57.6
350,134,25:12.6
355,134,25:27.6
355,136,25:42.6
350,136,25:57.6
355,136,26:12.6
350,136,26:27.6
350,136,26:42.6
350,137,26:57.6
350,137,27:12.6
355,137,27:27.6
350,137,27:42.6
355,139,27:57.6
350,139,28:12.6
350,139,28:27.6
350,139,28:42.6
350,139,28:57.6
350,141,29:12.6
350,141,29:27.6
350,141,29:42.6
350,141,29:57.6
350,141,30:12.6
350,141,30:27.6
345,141,30:42.6
350,143,30:57.6
350,143,31:12.6
350,143,31:27.6
350,143,31:42.6
350,143,31:57.6
350,143,32:12.6
350,143,32:27.6
345,143,32:42.6
345,143,32:57.6
345,143,33:12.6
345,143,33:27.6
345,145,33:42.6
350,145,33:57.6
345,145,34:12.6
345,145,34:27.6
345,145,34:42.6
345,145,34:57.6
345,145,35:12.6
345,145,35:27.6
345,145,35:42.6
345,143,35:57.6
340,139,36:12.6
345,137,36:27.6
345,137,36:42.6
345,137,36:57.6
345,137,37:12.6
345,137,37:27.6
345,137,37:42.6
345,137,37:57.6
345,137,38:12.6
350,139,38:27.6
345,139,38:42.6
345,139,38:57.6
350,141,39:12.6
350,141,39:27.6
350,141,39:42.6
350,141,39:57.6
350,143,40:12.6
350,143,40:27.6
350,143,40:42.6
350,145,40:57.6
350,145,41:12.6
355,145,41:27.6
355,147,41:42.6
350,147,41:57.6
355,147,42:12.6
355,149,42:27.6
355,149,42:42.6
355,149,42:57.6
355,149,43:12.6
355,151,43:27.6
355,151,43:42.6
355,151,43:57.6
355,153,44:12.6
355,153,44:27.6
355,153,44:42.6
360,153,44:57.6
355,155,45:12.6
360,155,45:27.6
355,155,45:42.6
360,157,45:57.6
355,157,46:12.6
360,157,46:27.6
355,157,46:42.6
360,159,46:57.6
360,159,47:12.6
360,159,47:27.6
360,159,47:42.6
360,161,47:57.6
360,161,48:12.6
360,161,48:27.6
360,161,48:42.6
360,163,48:57.6
360,163,49:12.6
360,163,49:27.6
360,163,49:42.6
360,163,49:57.6
360,165,50:12.6
360,165,50:27.6
360,165,50:42.6
360,165,50:57.6
360,165,51:12.6
360,165,51:27.6
360,165,51:42.6
360,165,51:57.6
360,168,52:12.6
360,168,52:27.6
355,168,52:42.6
360,168,52:57.6
360,168,53:12.6
360,168,53:27.6
355,168,53:42.6
360,168,53:57.6
355,170,54:12.6
355,170,54:27.6
355,170,54:42.6
360,170,54:57.6
355,170,55:12.6
355,170,55:27.6
355,170,55:42.6
355,172,55:57.6
355,172,56:12.6
355,172,56:27.6
355,172,56:42.6
355,172,56:57.6
355,172,57:12.6
355,172,57:27.6
355,172,57:42.6
355,172,57:57.6
355,172,58:12.6
355,172,58:27.6
355,172,58:42.6
355,174,58:57.6
355,174,59:12.6
355,174,59:27.6
355,177,59:42.6
355,177,59:57.6
355,177,00:12.6
350,177,00:27.6
355,177,00:42.6
355,177,00:57.6
355,179,01:12.6
355,179,01:27.6
355,181,01:42.6
355,181,01:57.6
355,181,02:12.6
355,181,02:27.6
355,181,02:42.6
355,184,02:57.6
355,184,03:12.6
355,184,03:27.6
355,184,03:42.6
355,184,03:57.6
355,184,04:12.6
350,184,04:27.6
350,184,04:42.6
350,184,04:57.6
350,184,05:12.6
350,184,05:27.6
350,184,05:42.6
350,184,05:57.6
350,184,06:12.6
350,184,06:27.6
350,184,06:42.6
350,184,06:57.6
350,184,07:12.6
350,184,07:27.6
350,184,07:42.6
350,184,07:57.6
350,184,08:12.6
350,184,08:27.6
345,184,08:42.6
345,184,08:57.6
350,186,09:12.6
350,186,09:27.6
350,186,09:42.6
345,186,09:57.6
350,186,10:12.6
345,186,10:27.6
350,188,10:42.6
345,186,10:57.6
345,186,11:12.6
345,188,11:27.6
345,186,11:42.6
345,188,11:57.6
345,188,12:12.6
345,188,12:27.6
345,191,12:42.6
345,191,12:57.6
345,191,13:12.6
345,191,13:27.6
345,193,13:42.6
345,193,13:57.6
345,193,14:12.6
345,193,14:27.6
345,193,14:42.6
345,193,14:57.6
340,193,15:12.6
340,193,15:27.6
340,193,15:42.6
340,193,15:57.6
340,193,16:12.6
340,193,16:27.6
340,193,16:42.6
340,193,16:57.6
340,196,17:12.6
340,196,17:27.6
340,196,17:42.6
340,196,17:57.6
340,196,18:12.6
340,196,18:27.6
340,196,18:42.6
335,196,18:57.6
335,196,19:12.6
335,196,19:27.6
335,196,19:42.6
335,196,19:57.6
335,196,20:12.6
335,196,20:27.6
335,196,20:42.6
330,196,20:57.6
335,196,21:12.6
330,196,21:27.6
330,196,21:42.6
330,196,21:57.6
330,196,22:12.6
330,196,22:27.6
330,196,22:42.6
330,193,22:57.6
330,196,23:12.6
330,193,23:27.6
330,193,23:42.6
330,193,23:57.6
325,193,24:12.6
325,193,24:27.6
325,193,24:42.6
325,193,24:57.6
330,246,25:12.6
312,234,25:27.6
312,237,25:42.6
299,206,25:57.6
295,198,26:12.6
295,193,26:27.6
295,191,26:42.6
299,196,26:57.6
303,198,27:12.6
303,201,27:27.6
303,201,27:42.6
303,203,27:57.6
303,203,28:12.6
308,203,28:27.6
308,203,28:42.6
308,203,28:57.6
308,203,29:12.6
308,206,29:27.6
308,206,29:42.6
308,206,29:57.6
308,203,30:12.6
303,201,30:27.6
303,198,30:42.6
303,198,30:57.6
303,196,31:12.6
303,196,31:27.6
303,196,31:42.6
303,196,31:57.6
308,198,32:12.6
308,201,32:27.6
308,201,32:42.6
308,203,32:57.6
308,203,33:12.6
308,203,33:27.6
308,203,33:42.6
308,206,33:57.6
308,206,34:12.6
308,206,34:27.6
308,206,34:42.6
308,206,34:57.6
308,206,35:12.6
308,206,35:27.6
308,206,35:42.6
303,206,35:57.6
303,206,36:12.6
303,206,36:27.6
303,206,36:42.6
308,206,36:57.6
308,209,37:12.6
303,209,37:27.6
303,209,37:42.6
303,206,37:57.6
299,203,38:12.6
299,201,38:27.6
299,201,38:42.6
299,201,38:57.6
299,198,39:12.6
299,198,39:27.6
299,198,39:42.6
299,198,39:57.6
295,196,40:12.6
295,196,40:27.6
295,196,40:42.6
295,196,40:57.6
295,196,41:12.6
295,196,41:27.6
295,196,41:42.6
295,196,41:57.6
295,196,42:12.6
295,196,42:27.6
291,196,42:42.6
291,196,42:57.6
295,196,43:12.6
295,196,43:27.6
291,196,43:42.6
291,193,43:57.6
291,196,44:12.6
291,196,44:27.6
291,193,44:42.6
291,196,44:57.6
291,196,45:12.6
291,196,45:27.6
291,196,45:42.6
291,196,45:57.6
291,196,46:12.6
291,196,46:27.6
291,196,46:42.6
287,196,46:57.6
291,196,47:12.6
291,196,47:27.6
287,196,47:42.6
287,196,47:57.6
287,196,48:12.6
287,196,48:27.6
287,196,48:42.6
287,196,48:57.6
287,196,49:12.6
287,196,49:27.6
287,196,49:42.6
287,196,49:57.6
283,196,50:12.6
283,196,50:27.6
283,196,50:42.6
283,196,50:57.6
283,196,51:12.6
283,196,51:27.6
283,196,51:42.6
283,196,51:57.6
283,196,52:12.6
283,196,52:27.6
283,196,52:42.6
283,196,52:57.6
283,196,53:12.6
283,196,53:27.6
279,196,53:42.6
283,198,53:57.6
283,198,54:12.6
279,198,54:27.6
279,198,54:42.6
279,198,54:57.6
279,198,55:12.6
279,198,55:27.6
279,198,55:42.6
279,198,55:57.6
279,198,56:12.6
279,196,56:27.6
276,196,56:42.6
279,196,56:57.6
276,196,57:12.6
276,196,57:27.6
276,196,57:42.6
276,196,57:57.6
276,196,58:12.6
276,196,58:27.6
276,196,58:42.6
276,196,58:57.6
276,196,59:12.6
276,196,59:27.6
272,196,59:42.6
272,196,59:57.6
272,196,00:12.6
272,196,00:27.6
272,196,00:42.6
272,196,00:57.6
272,196,01:12.6
272,196,01:27.6
272,196,01:42.6
272,196,01:57.6
272,196,02:12.6
272,196,02:27.6
268,196,02:42.6
268,196,02:57.6
268,196,03:12.6
268,196,03:27.6
268,196,03:42.6
268,193,03:57.6
268,196,04:12.6
268,196,04:27.6
268,193,04:42.6
268,196,04:57.6
268,193,05:12.6
265,193,05:27.6
265,193,05:42.6
265,193,05:57.6
265,193,06:12.6
265,193,06:27.6
265,193,06:42.6
265,193,06:57.6
265,193,07:12.6
265,193,07:27.6
261,193,07:42.6
261,193,07:57.6
261,193,08:12.6
261,193,08:27.6
261,193,08:42.6
261,193,08:57.6
261,193,09:12.6
261,193,09:27.6
261,193,09:42.6
261,193,09:57.6
261,193,10:12.6
261,193,10:27.6
261,193,10:42.6
261,193,10:57.6
261,193,11:12.6
258,193,11:27.6
258,193,11:42.6
258,193,11:57.6
258,193,12:12.6
258,193,12:27.6
258,191,12:42.6
258,191,12:57.6
258,191,13:12.6
258,191,13:27.6
254,191,13:42.6
254,191,13:57.6
258,191,14:12.6
254,191,14:27.6
254,191,14:42.6
254,191,14:57.6
254,191,15:12.6
254,191,15:27.6
254,191,15:42.6
254,191,15:57.6
254,191,16:12.6
254,191,16:27.6
254,191,16:42.6
254,191,16:57.6
251,191,17:12.6
251,191,17:27.6
251,191,17:42.6
251,191,17:57.6
251,191,18:12.6
251,188,18:27.6
251,188,18:42.6
251,188,18:57.6
251,188,19:12.6
251,188,19:27.6
248,188,19:42.6
248,188,19:57.6
248,188,20:12.6
248,188,20:27.6
248,188,20:42.6
248,188,20:57.6
248,188,21:12.6
248,188,21:27.6
248,188,21:42.6
248,188,21:57.6
248,188,22:12.6
244,188,22:27.6
244,188,22:42.6
244,188,22:57.6
244,188,23:12.6
244,188,23:27.6
244,186,23:42.6
244,186,23:57.6
244,186,24:12.6
244,186,24:27.6
244,186,24:42.6
244,186,24:57.6
244,186,25:12.6
244,186,25:27.6
244,186,25:42.6
244,186,25:57.6
244,186,26:12.6
241,186,26:27.6
241,186,26:42.6
241,186,26:57.6
241,186,27:12.6
241,186,27:27.6
241,186,27:42.6
241,186,27:57.6
241,186,28:12.6
241,186,28:27.6
241,186,28:42.6
241,186,28:57.6
241,186,29:12.6
238,186,29:27.6
238,186,29:42.6
238,186,29:57.6
238,186,30:12.6
238,186,30:27.6
238,186,30:42.6
238,186,30:57.6
238,186,31:12.6
238,186,31:27.6
238,186,31:42.6
238,186,31:57.6
238,186,32:12.6
238,186,32:27.6
238,186,32:42.6
238,186,32:57.6
238,186,33:12.6
235,186,33:27.6
235,186,33:42.6
235,186,33:57.6
235,186,34:12.6
235,186,34:27.6
235,184,34:42.6
235,186,34:57.6
235,186,35:12.6
235,186,35:27.6
235,186,35:42.6
235,186,35:57.6
235,186,36:12.6
235,184,36:27.6
235,184,36:42.6
235,184,36:57.6
235,184,37:12.6
235,184,37:27.6
235,184,37:42.6
235,184,37:57.6
232,184,38:12.6
235,184,38:27.6
232,184,38:42.6
232,184,38:57.6
232,184,39:12.6
232,184,39:27.6
232,184,39:42.6
232,184,39:57.6
232,184,40:12.6
232,184,40:27.6
232,184,40:42.6
232,184,40:57.6
232,184,41:12.6
232,184,41:27.6
232,184,41:42.6
232,184,41:57.6
232,184,42:12.6
232,184,42:27.6
232,184,42:42.6
232,184,42:57.6
232,184,43:12.6
232,184,43:27.6
232,184,43:42.6
232,184,43:57.6
232,184,44:12.6
229,184,44:27.6
229,184,44:42.6
229,184,44:57.6
229,184,45:12.6
229,184,45:27.6
229,181,45:42.6
229,181,45:57.6
229,184,46:12.6
229,181,46:27.6
229,181,46:42.6
229,181,46:57.6
229,181,47:12.6
229,181,47:27.6
229,181,47:42.6
229,181,47:57.6
229,181,48:12.6
229,181,48:27.6
229,181,48:42.6
226,181,48:57.6
226,181,49:12.6
226,181,49:27.6
226,181,49:42.6
226,181,49:57.6
226,181,50:12.6
226,181,50:27.6
226,181,50:42.6
226,181,50:57.6
226,181,51:12.6
226,181,51:27.6
226,181,51:42.6
226,181,51:57.6
226,181,52:12.6
226,181,52:27.6
226,181,52:42.6
226,181,52:57.6
226,181,53:12.6
226,181,53:27.6
226,181,53:42.6
226,181,53:57.6
226,181,54:12.6
223,181,54:27.6
226,181,54:42.6
226,181,54:57.6
226,181,55:12.6
223,181,55:27.6
223,181,55:42.6
223,181,55:57.6
223,181,56:12.6
223,181,56:27.6
223,181,56:42.6
223,181,56:57.6
223,181,57:12.6
223,181,57:27.6
223,181,57:42.6
223,181,57:57.6
223,181,58:12.6
223,181,58:27.6
223,181,58:42.6
220,181,58:57.6
223,181,59:12.6
220,181,59:27.6
220,181,59:42.6
220,181,59:57.6
220,181,00:12.6
220,181,00:27.6
220,181,00:42.6
220,181,00:57.6
220,181,01:12.6
220,184,01:27.6
220,184,01:42.6
220,181,01:57.6
220,181,02:12.6
217,181,02:27.6
217,181,02:42.6
220,181,02:57.6
217,181,03:12.6
217,181,03:27.6
217,184,03:42.6
217,181,03:57.6
217,181,04:12.6
217,184,04:27.6
217,181,04:42.6
217,181,04:57.6
217,184,05:12.6
215,184,05:27.6
217,184,05:42.6
217,181,05:57.6
215,184,06:12.6
215,181,06:27.6
215,184,06:42.6
215,184,06:57.6
215,181,07:12.6
215,181,07:27.6
215,184,07:42.6
215,184,07:57.6
215,184,08:12.6
215,184,08:27.6
215,184,08:42.6
212,184,08:57.6
212,181,09:12.6
212,181,09:27.6
212,181,09:42.6
212,184,09:57.6
212,184,10:12.6
212,184,10:27.6
212,184,10:42.6
212,184,10:57.6
212,184,11:12.6
212,184,11:27.6
212,184,11:42.6
212,184,11:57.6
212,184,12:12.6
212,184,12:27.6
209,184,12:42.6
209,184,12:57.6
209,184,13:12.6
209,184,13:27.6
209,184,13:42.6
209,184,13:57.6
209,184,14:12.6
209,184,14:27.6
209,184,14:42.6
209,184,14:57.6
209,184,15:12.6
209,184,15:27.6
206,184,15:42.6
206,184,15:57.6
209,184,16:12.6
206,184,16:27.6
206,184,16:42.6
206,184,16:57.6
206,184,17:12.6
206,184,17:27.6
206,184,17:42.6
206,184,17:57.6
206,184,18:12.6
206,184,18:27.6
206,184,18:42.6
206,184,18:57.6
206,184,19:12.6
206,184,19:27.6
204,184,19:42.6
204,184,19:57.6
204,184,20:12.6
204,186,20:27.6
206,188,20:42.6
204,188,20:57.6
204,188,21:12.6
204,186,21:27.6
204,188,21:42.6
204,188,21:57.6
204,188,22:12.6
204,191,22:27.6
204,191,22:42.6
204,193,22:57.6
204,196,23:12.6
204,198,23:27.6
204,201,23:42.6
204,201,23:57.6
204,201,24:12.6
201,196,24:27.6
201,193,24:42.6
201,193,24:57.6
199,193,25:12.6
201,193,25:27.6
201,193,25:42.6
201,193,25:57.6
201,196,26:12.6
201,196,26:27.6
199,196,26:42.6
199,196,26:57.6
201,196,27:12.6
199,196,27:27.6
199,196,27:42.6
199,196,27:57.6
199,196,28:12.6
199,196,28:27.6
199,196,28:42.6
199,196,28:57.6
199,198,29:12.6
199,198,29:27.6
199,198,29:42.6
199,198,29:57.6
199,198,30:12.6
196,198,30:27.6
196,201,30:42.6
199,201,30:57.6
196,201,31:12.6
196,201,31:27.6
196,201,31:42.6
196,201,31:57.6
196,203,32:12.6
196,203,32:27.6
196,203,32:42.6
196,203,32:57.6
196,203,33:12.6
194,203,33:27.6
194,201,33:42.6
194,198,33:57.6
194,198,34:12.6
194,198,34:27.6
194,196,34:42.6
194,196,34:57.6
191,196,35:12.6
194,196,35:27.6
191,196,35:42.6
191,196,35:57.6
191,196,36:12.6
191,196,36:27.6
191,196,36:42.6
191,196,36:57.6
191,196,37:12.6
189,191,37:27.6
189,188,37:42.6
189,186,37:57.6
189,186,38:12.6
189,188,38:27.6
189,186,38:42.6
189,186,38:57.6
189,184,39:12.6
189,184,39:27.6
189,184,39:42.6
189,184,39:57.6
189,184,40:12.6
189,184,40:27.6
189,184,40:42.6
189,184,40:57.6
189,186,41:12.6
189,186,41:27.6
189,186,41:42.6
189,186,41:57.6
189,188,42:12.6
189,188,42:27.6
189,188,42:42.6
189,188,42:57.6
189,188,43:12.6
189,188,43:27.6
187,188,43:42.6
189,188,43:57.6
189,188,44:12.6
187,188,44:27.6
187,188,44:42.6
187,188,44:57.6
187,188,45:12.6
187,188,45:27.6
187,188,45:42.6
187,188,45:57.6
187,191,46:12.6
187,188,46:27.6
187,188,46:42.6
187,188,46:57.6
187,191,47:12.6
187,188,47:27.6
187,191,47:42.6
185,191,47:57.6
185,191,48:12.6
185,191,48:27.6
185,191,48:42.6
185,191,48:57.6
185,188,49:12.6
185,191,49:27.6
185,188,49:42.6
185,188,49:57.6
185,188,50:12.6
185,188,50:27.6
185,188,50:42.6
185,188,50:57.6
185,188,51:12.6
185,188,51:27.6
182,188,51:42.6
185,188,51:57.6
182,188,52:12.6
182,188,52:27.6
182,188,52:42.6
182,188,52:57.6
182,188,53:12.6
182,188,53:27.6
182,188,53:42.6
182,188,53:57.6
182,188,54:12.6
182,188,54:27.6
182,188,54:42.6
182,188,54:57.6
180,188,55:12.6
182,188,55:27.6
182,188,55:42.6
182,188,55:57.6
182,188,56:12.6
180,188,56:27.6
180,188,56:42.6
180,188,56:57.6
180,188,57:12.6
180,188,57:27.6
180,188,57:42.6
180,188,57:57.6
180,188,58:12.6
180,188,58:27.6
180,188,58:42.6
180,188,58:57.6
180,188,59:12.6
180,188,59:27.6
178,191,59:42.6
180,188,59:57.6
178,188,00:12.6
178,188,00:27.6
178,188,00:42.6
178,188,00:57.6
178,188,01:12.6
178,188,01:27.6
178,188,01:42.6
178,188,01:57.6
178,188,02:12.6
178,188,02:27.6
178,188,02:42.6
178,188,02:57.6
178,188,03:12.6
178,188,03:27.6
178,188,03:42.6
178,188,03:57.6
176,188,04:12.6
178,188,04:27.6
176,188,04:42.6
176,188,04:57.6
176,188,05:12.6
176,188,05:27.6
176,188,05:42.6
176,188,05:57.6
176,188,06:12.6
176,186,06:27.6
176,188,06:42.6
176,186,06:57.6
176,186,07:12.6
176,188,07:27.6
176,188,07:42.6
176,186,07:57.6
176,186,08:12.6
176,186,08:27.6
176,186,08:42.6
176,188,08:57.6
176,188,09:12.6
176,188,09:27.6
176,188,09:42.6
174,188,09:57.6
174,188,10:12.6
176,188,10:27.6
174,188,10:42.6
174,188,10:57.6
174,188,11:12.6
174,191,11:27.6
174,191,11:42.6
174,191,11:57.6
174,191,12:12.6
174,191,12:27.6
174,191,12:42.6
174,191,12:57.6
174,191,13:12.6
174,191,13:27.6
174,191,13:42.6
174,191,13:57.6
174,191,14:12.6
171,191,14:27.6
174,191,14:42.6
174,191,14:57.6
171,191,15:12.6
171,191,15:27.6
171,191,15:42.6
171,191,15:57.6
171,191,16:12.6
171,191,16:27.6
171,191,16:42.6
171,193,16:57.6
171,193,17:12.6
171,193,17:27.6
171,193,17:42.6
171,193,17:57.6
171,193,18:12.6
171,193,18:27.6
171,193,18:42.6
169,193,18:57.6
169,193,19:12.6
169,193,19:27.6
169,193,19:42.6
169,193,19:57.6
169,193,20:12.6
169,193,20:27.6
169,193,20:42.6
169,193,20:57.6
169,193,21:12.6
169,193,21:27.6
169,193,21:42.6
169,193,21:57.6
169,193,22:12.6
169,193,22:27.6
167,193,22:42.6
167,193,22:57.6
167,193,23:12.6
167,193,23:27.6
167,193,23:42.6
167,193,23:57.6
167,193,24:12.6
167,193,24:27.6
167,193,24:42.6
167,193,24:57.6
167,193,25:12.6
167,193,25:27.6
167,193,25:42.6
167,193,25:57.6
167,193,26:12.6
167,193,26:27.6
165,193,26:42.6
165,193,26:57.6
167,193,27:12.6
165,193,27:27.6
165,193,27:42.6
165,193,27:57.6
165,193,28:12.6
165,193,28:27.6
165,193,28:42.6
165,193,28:57.6
165,193,29:12.6
165,193,29:27.6
165,193,29:42.6
165,193,29:57.6
165,193,30:12.6
165,193,30:27.6
165,193,30:42.6
165,193,30:57.6
165,193,31:12.6
165,193,31:27.6
165,193,31:42.6
165,193,31:57.6
163,193,32:12.6
165,193,32:27.6
163,193,32:42.6
163,193,32:57.6
163,193,33:12.6
163,193,33:27.6
163,193,33:42.6
163,191,33:57.6
163,193,34:12.6
163,193,34:27.6
163,193,34:42.6
163,193,34:57.6
161,193,35:12.6
161,191,35:27.6
161,191,35:42.6
161,193,35:57.6
161,191,36:12.6
161,191,36:27.6
161,191,36:42.6
161,191,36:57.6
161,191,37:12.6
161,191,37:27.6
161,191,37:42.6
161,191,37:57.6
161,191,38:12.6
161,191,38:27.6
161,191,38:42.6
161,191,38:57.6
161,191,39:12.6
161,191,39:27.6
161,191,39:42.6
161,191,39:57.6
161,191,40:12.6
161,191,40:27.6
161,191,40:42.6
161,191,40:57.6
161,191,41:12.6
161,191,41:27.6
161,191,41:42.6
159,191,41:57.6
161,191,42:12.6
159,191,42:27.6
159,191,42:42.6
159,191,42:57.6
159,191,43:12.6
159,191,43:27.6
159,191,43:42.6
159,191,43:57.6
159,191,44:12.6
159,191,44:27.6
159,191,44:42.6
159,191,44:57.6
159,191,45:12.6
159,191,45:27.6
159,191,45:42.6
159,191,45:57.6
159,191,46:12.6
159,191,46:27.6
159,191,46:42.6
159,191,46:57.6
159,191,47:12.6
159,191,47:27.6
159,191,47:42.6
159,191,47:57.6
159,191,48:12.6
158,191,48:27.6
158,191,48:42.6
158,188,48:57.6
158,188,49:12.6
158,188,49:27.6
158,188,49:42.6
158,188,49:57.6
158,188,50:12.6
158,188,50:27.6
158,188,50:42.6
158,188,50:57.6
158,188,51:12.6
158,188,51:27.6
158,191,51:42.6
158,188,51:57.6
158,191,52:12.6
158,191,52:27.6
158,191,52:42.6
158,191,52:57.6
158,191,53:12.6
158,191,53:27.6
158,191,53:42.6
158,188,53:57.6
158,188,54:12.6
156,191,54:27.6
158,188,54:42.6
156,191,54:57.6
158,188,55:12.6
156,188,55:27.6
156,188,55:42.6
156,188,55:57.6
156,188,56:12.6
156,188,56:27.6
156,188,56:42.6
156,188,56:57.6
156,188,57:12.6
156,188,57:27.6
156,188,57:42.6
156,188,57:57.6
156,188,58:12.6
156,188,58:27.6
156,188,58:42.6
156,188,58:57.6
156,188,59:12.6
156,188,59:27.6
156,188,59:42.6
154,188,59:57.6
156,188,00:12.6
154,188,00:27.6
154,188,00:42.6
154,188,00:57.6
154,188,01:12.6
154,188,01:27.6
154,188,01:42.6
154,188,01:57.6
154,188,02:12.6
154,188,02:27.6
154,188,02:42.6
154,188,02:57.6
154,188,03:12.6
154,188,03:27.6
154,188,03:42.6
154,188,03:57.6
154,188,04:12.6
154,188,04:27.6
154,188,04:42.6
154,188,04:57.6
154,188,05:12.6
154,186,05:27.6
154,186,05:42.6
154,186,05:57.6
154,188,06:12.6
154,188,06:27.6
154,188,06:42.6
154,188,06:57.6
154,188,07:12.6
154,188,07:27.6
154,188,07:42.6
154,188,07:57.6
154,188,08:12.6
154,188,08:27.6
154,188,08:42.6
154,188,08:57.6
154,188,09:12.6
154,188,09:27.6
152,188,09:42.6
154,188,09:57.6
152,188,10:12.6
154,188,10:27.6
152,188,10:42.6
152,188,10:57.6
152,188,11:12.6
152,188,11:27.6
152,188,11:42.6
152,188,11:57.6
152,188,12:12.6
152,188,12:27.6
152,188,12:42.6
152,188,12:57.6
152,188,13:12.6
152,188,13:27.6
152,188,13:42.6
152,188,13:57.6
152,188,14:12.6
152,188,14:27.6
152,188,14:42.6
152,188,14:57.6
152,188,15:12.6
152,188,15:27.6
152,188,15:42.6
152,188,15:57.6
152,188,16:12.6
152,188,16:27.6
152,188,16:42.6
152,188,16:57.6
152,188,17:12.6
152,188,17:27.6
152,188,17:42.6
152,188,17:57.6
152,188,18:12.6
152,188,18:27.6
150,188,18:42.6
152,188,18:57.6
152,188,19:12.6
150,186,19:27.6
150,188,19:42.6
150,188,19:57.6
150,188,20:12.6
150,188,20:27.6
150,188,20:42.6
150,186,20:57.6
150,186,21:12.6
150,186,21:27.6
150,186,21:42.6
150,186,21:57.6
150,186,22:12.6
150,186,22:27.6
150,186,22:42.6
150,186,22:57.6
150,186,23:12.6
150,186,23:27.6
150,186,23:42.6
150,186,23:57.6
150,186,24:12.6
150,186,24:27.6
150,186,24:42.6
150,186,24:57.6
150,186,25:12.6
150,186,25:27.6
150,186,25:42.6
150,186,25:57.6
150,186,26:12.6
150,186,26:27.6
150,186,26:42.6
150,186,26:57.6
150,186,27:12.6
150,186,27:27.6
150,186,27:42.6
150,186,27:57.6
150,186,28:12.6
150,186,28:27.6
150,186,28:42.6
150,186,28:57.6
150,186,29:12.6
150,186,29:27.6
149,186,29:42.6
149,186,29:57.6
149,186,30:12.6
150,186,30:27.6
149,186,30:42.6
149,186,30:57.6
149,186,31:12.6
149,186,31:27.6
149,186,31:42.6
149,186,31:57.6
149,186,32:12.6
149,186,32:27.6
149,186,32:42.6
149,186,32:57.6
149,186,33:12.6
149,184,33:27.6
149,184,33:42.6
149,186,33:57.6
149,186,34:12.6
149,184,34:27.6
149,184,34:42.6
149,184,34:57.6
149,184,35:12.6
149,184,35:27.6
149,184,35:42.6
149,184,35:57.6
149,184,36:12.6
149,184,36:27.6
149,184,36:42.6
149,184,36:57.6
149,184,37:12.6
149,184,37:27.6
149,184,37:42.6
149,184,37:57.6
149,184,38:12.6
149,184,38:27.6
149,184,38:42.6
149,184,38:57.6
149,184,39:12.6
149,184,39:27.6
149,184,39:42.6
149,184,39:57.6
149,184,40:12.6
149,184,40:27.6
149,184,40:42.6
147,184,40:57.6
147,184,41:12.6
149,184,41:27.6
147,184,41:42.6
147,184,41:57.6
147,184,42:12.6
147,184,42:27.6
147,184,42:42.6
147,184,42:57.6
147,184,43:12.6
147,184,43:27.6
147,184,43:42.6
147,184,43:57.6
147,184,44:12.6
147,184,44:27.6
147,184,44:42.6
147,184,44:57.6
147,184,45:12.6
147,184,45:27.6
147,184,45:42.6
147,184,45:57.6
147,184,46:12.6
147,184,46:27.6
147,184,46:42.6
147,184,46:57.6
147,184,47:12.6
147,184,47:27.6
147,184,47:42.6
147,184,47:57.6
147,184,48:12.6
147,184,48:27.6
147,184,48:42.6
147,184,48:57.6
147,184,49:12.6
147,184,49:27.6
147,184,49:42.6
147,184,49:57.6
147,184,50:12.6
147,184,50:27.6
147,184,50:42.6
147,184,50:57.6
147,184,51:12.6
147,184,51:27.6
147,184,51:42.6
145,181,51:57.6
145,184,52:12.6
145,184,52:27.6
145,181,52:42.6
145,181,52:57.6
145,181,53:12.6
145,181,53:27.6
145,181,53:42.6
145,181,53:57.6
145,181,54:12.6
145,181,54:27.6
145,181,54:42.6
145,181,54:57.6
145,181,55:12.6
145,181,55:27.6
145,181,55:42.6
145,181,55:57.6
145,181,56:12.6
145,181,56:27.6
145,181,56:42.6
145,181,56:57.6
145,181,57:12.6
145,181,57:27.6
145,181,57:42.6
145,181,57:57.6
145,181,58:12.6
145,181,58:27.6
145,181,58:42.6
145,181,58:57.6
145,181,59:12.6
145,181,59:27.6
145,181,59:42.6
145,181,59:57.6
145,181,00:12.6
145,181,00:27.6
145,181,00:42.6
145,181,00:57.6
145,181,01:12.6
145,181,01:27.6
145,181,01:42.6
145,181,01:57.6
145,181,02:12.6
145,181,02:27.6
145,181,02:42.6
145,181,02:57.6
145,181,03:12.6
145,181,03:27.6
145,181,03:42.6
145,181,03:57.6
143,181,04:12.6
143,181,04:27.6
143,181,04:42.6
145,181,04:57.6
145,181,05:12.6
143,181,05:27.6
143,181,05:42.6
145,181,05:57.6
143,181,06:12.6
145,181,06:27.6
145,181,06:42.6
145,181,06:57.6
143,181,07:12.6
145,181,07:27.6
145,181,07:42.6
145,181,07:57.6
143,181,08:12.6
145,181,08:27.6
145,181,08:42.6
143,181,08:57.6
143,181,09:12.6
143,181,09:27.6
143,181,09:42.6
143,181,09:57.6
145,181,10:12.6
143,181,10:27.6
143,181,10:42.6
143,181,10:57.6
143,181,11:12.6
143,181,11:27.6
143,181,11:42.6
143,181,11:57.6
143,181,12:12.6
143,181,12:27.6
143,181,12:42.6
143,181,12:57.6
143,181,13:12.6
143,181,13:27.6
143,181,13:42.6
143,181,13:57.6
143,181,14:12.6
143,181,14:27.6
143,181,14:42.6
143,181,14:57.6
143,181,15:12.6
143,181,15:27.6
143,181,15:42.6
143,181,15:57.6
143,181,16:12.6
143,181,16:27.6
143,181,16:42.6
143,181,16:57.6
143,181,17:12.6
143,181,17:27.6
143,181,17:42.6
143,181,17:57.6
143,181,18:12.6
143,181,18:27.6
143,179,18:42.6
143,179,18:57.6
143,179,19:12.6
143,179,19:27.6
143,179,19:42.6
143,179,19:57.6
143,179,20:12.6
143,179,20:27.6
143,179,20:42.6
143,179,20:57.6
143,179,21:12.6
143,181,21:27.6
143,179,21:42.6
143,179,21:57.6
143,179,22:12.6
143,179,22:27.6
143,179,22:42.6
143,179,22:57.6
143,179,23:12.6
143,179,23:27.6
143,179,23:42.6
143,179,23:57.6
143,179,24:12.6
143,179,24:27.6
143,179,24:42.6
143,179,24:57.6
143,179,25:12.6
143,179,25:27.6
143,179,25:42.6
143,179,25:57.6
143,179,26:12.6
143,179,26:27.6
143,179,26:42.6
143,179,26:57.6
143,179,27:12.6
143,179,27:27.6
143,179,27:42.6
143,179,27:57.6
143,179,28:12.6
143,179,28:27.6
143,179,28:42.6
143,179,28:57.6
143,179,29:12.6
143,179,29:27.6
143,179,29:42.6
143,179,29:57.6
143,179,30:12.6
143,179,30:27.6
143,179,30:42.6
143,179,30:57.6
143,179,31:12.6
143,179,31:27.6
143,179,31:42.6
143,179,31:57.6
143,179,32:12.6
143,179,32:27.6
143,179,32:42.6
143,179,32:57.6
143,179,33:12.6
143,179,33:27.6
143,179,33:42.6
143,179,33:57.6
143,179,34:12.6
143,179,34:27.6
143,179,34:42.6
143,179,34:57.6
143,179,35:12.6
143,179,35:27.6
143,179,35:42.6
143,179,35:57.6
143,179,36:12.6
143,179,36:27.6
143,179,36:42.6
143,179,36:57.6
143,179,37:12.6
143,179,37:27.6
143,179,37:42.6
143,179,37:57.6
143,179,38:12.6
143,179,38:27.6
143,179,38:42.6
143,179,38:57.6
143,179,39:12.6
143,179,39:27.6
143,179,39:42.6
143,179,39:57.6
145,179,40:12.6
143,179,40:27.6
143,179,40:42.6
143,177,40:57.6
145,177,41:12.6
143,177,41:27.6
143,177,41:42.6
143,177,41:57.6
143,177,42:12.6
143,177,42:27.6
143,177,42:42.6
143,177,42:57.6
143,177,43:12.6
143,177,43:27.6
143,177,43:42.6
143,177,43:57.6
145,177,44:12.6
143,177,44:27.6
143,177,44:42.6
143,177,44:57.6
145,177,45:12.6
143,177,45:27.6
143,177,45:42.6
143,177,45:57.6
145,177,46:12.6
143,177,46:27.6
143,177,46:42.6
143,177,46:57.6
145,177,47:12.6
143,177,47:27.6
143,177,47:42.6
143,177,47:57.6
143,177,48:12.6
143,177,48:27.6
143,177,48:42.6
143,177,48:57.6
143,177,49:12.6
143,177,49:27.6
143,177,49:42.6
143,177,49:57.6
143,177,50:12.6
145,177,50:27.6
143,177,50:42.6
143,177,50:57.6
143,177,51:12.6
145,177,51:27.6
143,177,51:42.6
143,177,51:57.6
145,177,52:12.6
143,177,52:27.6
143,177,52:42.6
143,177,52:57.6
143,177,53:12.6
143,177,53:27.6
143,177,53:42.6
143,177,53:57.6
143,177,54:12.6
143,177,54:27.6
143,177,54:42.6
145,177,54:57.6
143,177,55:12.6
145,177,55:27.6
143,177,55:42.6
143,177,55:57.6
145,177,56:12.6
145,177,56:27.6
143,177,56:42.6
143,177,56:57.6
143,177,57:12.6
143,177,57:27.6
143,177,57:42.6
143,177,57:57.6
145,177,58:12.6
145,177,58:27.6
143,177,58:42.6
145,177,58:57.6
143,177,59:12.6
145,177,59:27.6
143,177,59:42.6
143,177,59:57.6
145,177,00:12.6
143,177,00:27.6
143,177,00:42.6
143,177,00:57.6
143,177,01:12.6
143,177,01:27.6
145,177,01:42.6
143,177,01:57.6
145,177,02:12.6
145,177,02:27.6
143,177,02:42.6
145,177,02:57.6
143,177,03:12.6
143,177,03:27.6
143,174,03:42.6
143,177,03:57.6
143,174,04:12.6
143,177,04:27.6
143,174,04:42.6
143,174,04:57.6
143,174,05:12.6
145,174,05:27.6
145,174,05:42.6
143,174,05:57.6
143,174,06:12.6
143,174,06:27.6
145,174,06:42.6
145,174,06:57.6
145,174,07:12.6
143,174,07:27.6
145,174,07:42.6
143,174,07:57.6
145,174,08:12.6
143,174,08:27.6
145,174,08:42.6
143,174,08:57.6
143,174,09:12.6
145,174,09:27.6
145,174,09:42.6
145,174,09:57.6
143,174,10:12.6
145,174,10:27.6
143,174,10:42.6
145,174,10:57.6
145,174,11:12.6
145,174,11:27.6
143,174,11:42.6
145,174,11:57.6
145,174,12:12.6
143,174,12:27.6
143,174,12:42.6
145,174,12:57.6
145,174,13:12.6
145,174,13:27.6
143,174,13:42.6
143,174,13:57.6
143,174,14:12.6
143,174,14:27.6
143,174,14:42.6
143,174,14:57.6
145,174,15:12.6
145,174,15:27.6
145,174,15:42.6
143,174,15:57.6
143,174,16:12.6
145,174,16:27.6
145,174,16:42.6
145,174,16:57.6
145,174,17:12.6
145,174,17:27.6
145,174,17:42.6
145,174,17:57.6
145,174,18:12.6
145,174,18:27.6
145,174,18:42.6
145,174,18:57.6
145,174,19:12.6
145,174,19:27.6
145,174,19:42.6
145,174,19:57.6
143,174,20:12.6
145,174,20:27.6
145,174,20:42.6
145,174,20:57.6
145,174,21:12.6
145,174,21:27.6
145,174,21:42.6
145,174,21:57.6
143,174,22:12.6
143,174,22:27.6
145,174,22:42.6
145,174,22:57.6
145,174,23:12.6
145,174,23:27.6
143,174,23:42.6
145,174,23:57.6
143,174,24:12.6
145,174,24:27.6
145,174,24:42.6
145,174,24:57.6
145,174,25:12.6
145,174,25:27.6
143,174,25:42.6
145,174,25:57.6
145,174,26:12.6
145,174,26:27.6
145,174,26:42.6
145,174,26:57.6
145,174,27:12.6
145,174,27:27.6
145,174,27:42.6
145,174,27:57.6
145,174,28:12.6
145,172,28:27.6
145,172,28:42.6
145,174,28:57.6
145,172,29:12.6
145,172,29:27.6
145,172,29:42.6
145,172,29:57.6
145,172,30:12.6
145,172,30:27.6
145,172,30:42.6
145,172,30:57.6
145,172,31:12.6
145,172,31:27.6
145,172,31:42.6
145,172,31:57.6
145,172,32:12.6
145,172,32:27.6
145,172,32:42.6
145,172,32:57.6
145,172,33:12.6
145,172,33:27.6
145,172,33:42.6
145,172,33:57.6
145,172,34:12.6
145,172,34:27.6
145,172,34:42.6
145,172,34:57.6
145,172,35:12.6
145,172,35:27.6
145,172,35:42.6
145,172,35:57.6
145,172,36:12.6
145,172,36:27.6
145,172,36:42.6
145,172,36:57.6
145,172,37:12.6
145,172,37:27.6
145,172,37:42.6
145,170,37:57.6
145,170,38:12.6
145,170,38:27.6
145,170,38:42.6
145,170,38:57.6
145,168,39:12.6
145,168,39:27.6
145,168,39:42.6
145,168,39:57.6
145,168,40:12.6
145,168,40:27.6
145,165,40:42.6
147,165,40:57.6
147,165,41:12.6
147,165,41:27.6
147,165,41:42.6
147,165,41:57.6
147,165,42:12.6
147,165,42:27.6
147,165,42:42.6
147,163,42:57.6
147,163,43:12.6
147,163,43:27.6
147,163,43:42.6
149,163,43:57.6
149,163,44:12.6
149,163,44:27.6
149,163,44:42.6
149,163,44:57.6
149,163,45:12.6
149,163,45:27.6
149,163,45:42.6
150,163,45:57.6
150,161,46:12.6
150,163,46:27.6
150,161,46:42.6
150,161,46:57.6
150,161,47:12.6
150,161,47:27.6
150,161,47:42.6
150,161,47:57.6
150,161,48:12.6
150,161,48:27.6
150,161,48:42.6
150,161,48:57.6
152,161,49:12.6
152,161,49:27.6
152,161,49:42.6
152,161,49:57.6
152,161,50:12.6
152,161,50:27.6
152,161,50:42.6
152,161,50:57.6
152,161,51:12.6
152,159,51:27.6
152,159,51:42.6
152,159,51:57.6
152,159,52:12.6
152,159,52:27.6
154,159,52:42.6
154,159,52:57.6
154,159,53:12.6
154,159,53:27.6
154,159,53:42.6
154,159,53:57.6
154,159,54:12.6
154,159,54:27.6
154,159,54:42.6
154,159,54:57.6
154,159,55:12.6
154,159,55:27.6
154,159,55:42.6
154,159,55:57.6
154,159,56:12.6
154,159,56:27.6
154,159,56:42.6
154,159,56:57.6
154,159,57:12.6
154,159,57:27.6
154,159,57:42.6
154,159,57:57.6
154,161,58:12.6
154,161,58:27.6
156,161,58:42.6
154,161,58:57.6
154,161,59:12.6
156,161,59:27.6
154,161,59:42.6
154,161,59:57.6
154,161,00:12.6
154,161,00:27.6
156,161,00:42.6
154,161,00:57.6
156,163,01:12.6
156,161,01:27.6
156,161,01:42.6
156,161,01:57.6
156,161,02:12.6
156,161,02:27.6
156,161,02:42.6
154,163,02:57.6
156,163,03:12.6
156,163,03:27.6
156,165,03:42.6
156,165,03:57.6
156,165,04:12.6
156,165,04:27.6
156,165,04:42.6
154,161,04:57.6
154,157,05:12.6
156,155,05:27.6
154,151,05:42.6
156,149,05:57.6
156,147,06:12.6
156,147,06:27.6
156,147,06:42.6
156,147,06:57.6
156,147,07:12.6
156,147,07:27.6
156,145,07:42.6
158,145,07:57.6
158,149,08:12.6
158,149,08:27.6
158,149,08:42.6
158,147,08:57.6
158,145,09:12.6
158,145,09:27.6
158,145,09:42.6
158,143,09:57.6
158,143,10:12.6
158,143,10:27.6
158,143,10:42.6
159,143,10:57.6
158,143,11:12.6
158,143,11:27.6
159,143,11:42.6
159,143,11:57.6
159,143,12:12.6
159,143,12:27.6
159,143,12:42.6
159,143,12:57.6
159,143,13:12.6
159,143,13:27.6
159,141,13:42.6
159,143,13:57.6
159,143,14:12.6
159,143,14:27.6
161,151,14:42.6
159,143,14:57.6
159,141,15:12.6
159,141,15:27.6
159,139,15:42.6
159,139,15:57.6
161,139,16:12.6
161,137,16:27.6
161,137,16:42.6
161,139,16:57.6
161,139,17:12.6
161,139,17:27.6
161,139,17:42.6
161,139,17:57.6
159,139,18:12.6
161,137,18:27.6
159,137,18:42.6
161,137,18:57.6
161,137,19:12.6
161,137,19:27.6
161,137,19:42.6
161,136,19:57.6
161,136,20:12.6
161,136,20:27.6
161,136,20:42.6
161,136,20:57.6
161,136,21:12.6
161,134,21:27.6
161,134,21:42.6
161,134,21:57.6
161,134,22:12.6
161,134,22:27.6
161,134,22:42.6
161,134,22:57.6
163,134,23:12.6
163,134,23:27.6
163,134,23:42.6
163,134,23:57.6
163,134,24:12.6
163,134,24:27.6
163,136,24:42.6
163,139,24:57.6
163,141,25:12.6
165,143,25:27.6
165,145,25:42.6
163,145,25:57.6
163,145,26:12.6
163,145,26:27.6
163,145,26:42.6
163,145,26:57.6
163,147,27:12.6
163,147,27:27.6
163,145,27:42.6
163,147,27:57.6
163,147,28:12.6
163,143,28:27.6
161,139,28:42.6
161,137,28:57.6
161,136,29:12.6
161,136,29:27.6
163,136,29:42.6
163,136,29:57.6
163,134,30:12.6
163,134,30:27.6
163,134,30:42.6
163,134,30:57.6
163,134,31:12.6
163,134,31:27.6
163,134,31:42.6
163,134,31:57.6
163,134,32:12.6
165,134,32:27.6
165,134,32:42.6
165,136,32:57.6
163,134,33:12.6
165,134,33:27.6
165,134,33:42.6
163,134,33:57.6
165,136,34:12.6
165,136,34:27.6
165,139,34:42.6
165,139,34:57.6
165,139,35:12.6
165,139,35:27.6
163,139,35:42.6
165,137,35:57.6
165,137,36:12.6
165,137,36:27.6
165,137,36:42.6
163,137,36:57.6
165,137,37:12.6
165,137,37:27.6
165,137,37:42.6
165,137,37:57.6
163,137,38:12.6
165,137,38:27.6
163,137,38:42.6
165,137,38:57.6
165,136,39:12.6
165,136,39:27.6
165,136,39:42.6
165,136,39:57.6
165,136,40:12.6
163,136,40:27.6
165,136,40:42.6
165,136,40:57.6
165,136,41:12.6
163,137,41:27.6
165,137,41:42.6
163,137,41:57.6
161,137,42:12.6
161,137,42:27.6
161,137,42:42.6
159,136,42:57.6
159,136,43:12.6
159,136,43:27.6
159,136,43:42.6
158,136,43:57.6
158,136,44:12.6
156,134,44:27.6
156,134,44:42.6
154,132,44:57.6
154,132,45:12.6
154,132,45:27.6
154,130,45:42.6
154,130,45:57.6
152,130,46:12.6
150,130,46:27.6
150,132,46:42.6
150,130,46:57.6
150,130,47:12.6
150,132,47:27.6
150,132,47:42.6
149,132,47:57.6
149,132,48:12.6
149,132,48:27.6
147,134,48:42.6
147,132,48:57.6
147,130,49:12.6
147,130,49:27.6
145,130,49:42.6
145,130,49:57.6
145,130,50:12.6
145,129,50:27.6
145,129,50:42.6
145,129,50:57.6
143,129,51:12.6
143,127,51:27.6
143,127,51:42.6
142,125,51:57.6
142,125,52:12.6
142,123,52:27.6
140,122,52:42.6
142,122,52:57.6
140,122,53:12.6
140,122,53:27.6
140,122,53:42.6
140,122,53:57.6
140,122,54:12.6
140,122,54:27.6
138,122,54:42.6
138,122,54:57.6
138,120,55:12.6
138,122,55:27.6
138,122,55:42.6
138,122,55:57.6
138,120,56:12.6
138,120,56:27.6
140,120,56:42.6
140,120,56:57.6
140,120,57:12.6
140,120,57:27.6
140,120,57:42.6
140,120,57:57.6
140,119,58:12.6
140,119,58:27.6
142,119,58:42.6
140,119,58:57.6
140,119,59:12.6
142,119,59:27.6
140,119,59:42.6
142,117,59:57.6
140,117,00:12.6
140,117,00:27.6
142,117,00:42.6
143,117,00:57.6
142,117,01:12.6
142,117,01:27.6
142,117,01:42.6
142,119,01:57.6
143,119,02:12.6
143,119,02:27.6
143,117,02:42.6
143,117,02:57.6
142,115,03:12.6
142,115,03:27.6
142,115,03:42.6
143,115,03:57.6
142,115,04:12.6
143,115,04:27.6
145,115,04:42.6
143,115,04:57.6
143,115,05:12.6
143,115,05:27.6
143,115,05:42.6
143,115,05:57.6
143,115,06:12.6
143,115,06:27.6
143,115,06:42.6
145,115,06:57.6
143,115,07:12.6
143,115,07:27.6
145,115,07:42.6
145,115,07:57.6
145,115,08:12.6
145,115,08:27.6
145,115,08:42.6
145,115,08:57.6
143,115,09:12.6
145,115,09:27.6
145,114,09:42.6
143,115,09:57.6
145,115,10:12.6
145,115,10:27.6
145,114,10:42.6
145,114,10:57.6
145,114,11:12.6
145,114,11:27.6
145,114,11:42.6
145,114,11:57.6
147,115,12:12.6
145,114,12:27.6
147,115,12:42.6
145,115,12:57.6
147,115,13:12.6
147,115,13:27.6
145,114,13:42.6
145,114,13:57.6
145,114,14:12.6
145,114,14:27.6
145,114,14:42.6
147,114,14:57.6
145,114,15:12.6
145,114,15:27.6
147,114,15:42.6
147,114,15:57.6
147,114,16:12.6
145,115,16:27.6
145,114,16:42.6
147,114,16:57.6
147,114,17:12.6
145,112,17:27.6
145,112,17:42.6
145,114,17:57.6
147,114,18:12.6
147,112,18:27.6
145,112,18:42.6
147,112,18:57.6
147,112,19:12.6
145,112,19:27.6
147,112,19:42.6
147,112,19:57.6
149,114,20:12.6
147,114,20:27.6
147,112,20:42.6
147,111,20:57.6
147,111,21:12.6
147,109,21:27.6
147,108,21:42.6
147,108,21:57.6
147,108,22:12.6
147,106,22:27.6
147,106,22:42.6
147,106,22:57.6
147,106,23:12.6
147,106,23:27.6
147,106,23:42.6
147,106,23:57.6
147,106,24:12.6
147,106,24:27.6
147,105,24:42.6
147,105,24:57.6
147,105,25:12.6
147,105,25:27.6
147,105,25:42.6
147,105,25:57.6
147,105,26:12.6
149,105,26:27.6
149,105,26:42.6
147,105,26:57.6
149,103,27:12.6
147,103,27:27.6
147,103,27:42.6
149,103,27:57.6
149,103,28:12.6
147,102,28:27.6
149,102,28:42.6
147,100,28:57.6
149,100,29:12.6
147,100,29:27.6
147,100,29:42.6
149,100,29:57.6
149,100,30:12.6
147,100,30:27.6
149,100,30:42.6
149,99,30:57.6
149,100,31:12.6
149,99,31:27.6
149,99,31:42.6
149,99,31:57.6
149,99,32:12.6
149,99,32:27.6
149,99,32:42.6
149,99,32:57.6
149,99,33:12.6
149,99,33:27.6
149,99,33:42.6
150,99,33:57.6
150,99,34:12.6
150,99,34:27.6
149,99,34:42.6
149,98,34:57.6
149,98,35:12.6
150,98,35:27.6
150,98,35:42.6
150,98,35:57.6
150,98,36:12.6
150,98,36:27.6
150,98,36:42.6
150,98,36:57.6
150,98,37:12.6
150,98,37:27.6
150,98,37:42.6
150,98,37:57.6
150,98,38:12.6
150,98,38:27.6
150,98,38:42.6
150,98,38:57.6
152,98,39:12.6
150,98,39:27.6
152,98,39:42.6
150,98,39:57.6
150,98,40:12.6
150,98,40:27.6
152,98,40:42.6
150,98,40:57.6
152,98,41:12.6
150,98,41:27.6
150,98,41:42.6
150,98,41:57.6
152,96,42:12.6
152,96,42:27.6
152,96,42:42.6
152,96,42:57.6
152,96,43:12.6
150,96,43:27.6
152,96,43:42.6
152,96,43:57.6
152,96,44:12.6
152,96,44:27.6
152,96,44:42.6
152,98,44:57.6
152,96,45:12.6
152,96,45:27.6
152,96,45:42.6
152,96,45:57.6
150,96,46:12.6
152,96,46:27.6
152,96,46:42.6
152,96,46:57.6
152,96,47:12.6
152,96,47:27.6
152,96,47:42.6
152,96,47:57.6
152,95,48:12.6
152,96,48:27.6
152,96,48:42.6
152,95,48:57.6
152,95,49:12.6
152,95,49:27.6
152,95,49:42.6
152,95,49:57.6
152,95,50:12.6
152,95,50:27.6
152,95,50:42.6
154,95,50:57.6
152,95,51:12.6
152,95,51:27.6
152,95,51:42.6
152,95,51:57.6
152,95,52:12.6
152,95,52:27.6
152,95,52:42.6
152,95,52:57.6
152,96,53:12.6
154,96,53:27.6
152,95,53:42.6
154,96,53:57.6
154,95,54:12.6
154,95,54:27.6
154,95,54:42.6
154,95,54:57.6
152,96,55:12.6
154,95,55:27.6
154,95,55:42.6
152,95,55:57.6
154,95,56:12.6
154,95,56:27.6
154,95,56:42.6
154,95,56:57.6
152,95,57:12.6
154,95,57:27.6
154,95,57:42.6
152,95,57:57.6
154,96,58:12.6
158,96,58:27.6
159,98,58:42.6
159,98,58:57.6
159,98,59:12.6
159,96,59:27.6
161,99,59:42.6
161,98,59:57.6
161,98,00:12.6
161,99,00:27.6
161,99,00:42.6
161,99,00:57.6
161,99,01:12.6
163,100,01:27.6
163,100,01:42.6
163,100,01:57.6
163,99,02:12.6
163,99,02:27.6
163,100,02:42.6
163,100,02:57.6
163,100,03:12.6
163,100,03:27.6
165,102,03:42.6
165,103,03:57.6
165,105,04:12.6
165,105,04:27.6
165,105,04:42.6
163,105,04:57.6
163,105,05:12.6
163,103,05:27.6
163,103,05:42.6
165,103,05:57.6
165,103,06:12.6
163,103,06:27.6
163,105,06:42.6
165,105,06:57.6
165,105,07:12.6
165,106,07:27.6
165,106,07:42.6
165,108,07:57.6
165,108,08:12.6
165,108,08:27.6
165,108,08:42.6
165,108,08:57.6
165,108,09:12.6
165,108,09:27.6
165,108,09:42.6
165,108,09:57.6
165,109,10:12.6
165,109,10:27.6
165,109,10:42.6
165,109,10:57.6
165,109,11:12.6
165,109,11:27.6
165,109,11:42.6
165,109,11:57.6
165,109,12:12.6
165,109,12:27.6
165,109,12:42.6
165,109,12:57.6
165,109,13:12.6
165,109,13:27.6
165,109,13:42.6
165,109,13:57.6
165,109,14:12.6
165,109,14:27.6
165,109,14:42.6
165,109,14:57.6
165,109,15:12.6
165,109,15:27.6
165,109,15:42.6
165,109,15:57.6
165,109,16:12.6
165,109,16:27.6
165,109,16:42.6
165,109,16:57.6
165,109,17:12.6
165,108,17:27.6
165,108,17:42.6
165,108,17:57.6
167,108,18:12.6
165,108,18:27.6
165,108,18:42.6
165,108,18:57.6
165,108,19:12.6
167,108,19:27.6
167,108,19:42.6
165,108,19:57.6
167,108,20:12.6
167,108,20:27.6
167,108,20:42.6
167,108,20:57.6
167,106,21:12.6
167,106,21:27.6
167,106,21:42.6
167,106,21:57.6
167,106,22:12.6
167,106,22:27.6
167,106,22:42.6
167,106,22:57.6
167,105,23:12.6
167,105,23:27.6
167,105,23:42.6
167,105,23:57.6
167,105,24:12.6
167,105,24:27.6
167,105,24:42.6
167,105,24:57.6
167,103,25:12.6
167,105,25:27.6
167,105,25:42.6
167,105,25:57.6
167,105,26:12.6
167,105,26:27.6
169,105,26:42.6
167,103,26:57.6
169,103,27:12.6
167,103,27:27.6
169,103,27:42.6
169,103,27:57.6
169,103,28:12.6
167,102,28:27.6
167,100,28:42.6
167,100,28:57.6
167,100,29:12.6
167,100,29:27.6
169,100,29:42.6
167,100,29:57.6
169,100,30:12.6
167,100,30:27.6
169,100,30:42.6
169,100,30:57.6
169,100,31:12.6
169,102,31:27.6
171,102,31:42.6
171,103,31:57.6
171,103,32:12.6
169,103,32:27.6
171,103,32:42.6
171,103,32:57.6
171,103,33:12.6
171,103,33:27.6
171,103,33:42.6
169,105,33:57.6
171,103,34:12.6
171,105,34:27.6
171,103,34:42.6
171,105,34:57.6
171,105,35:12.6
171,105,35:27.6
171,105,35:42.6
171,105,35:57.6
171,105,36:12.6
171,105,36:27.6
171,105,36:42.6
171,105,36:57.6
171,103,37:12.6
171,105,37:27.6
171,105,37:42.6
171,105,37:57.6
171,105,38:12.6
171,105,38:27.6
171,105,38:42.6
171,106,38:57.6
174,106,39:12.6
174,106,39:27.6
174,106,39:42.6
174,106,39:57.6
174,106,40:12.6
174,106,40:27.6
174,106,40:42.6
174,106,40:57.6
174,106,41:12.6
174,106,41:27.6
174,106,41:42.6
174,106,41:57.6
174,106,42:12.6
174,106,42:27.6
174,106,42:42.6
174,108,42:57.6
174,108,43:12.6
174,108,43:27.6
174,108,43:42.6
174,108,43:57.6
174,106,44:12.6
174,108,44:27.6
174,108,44:42.6
174,108,44:57.6
174,108,45:12.6
174,106,45:27.6
174,108,45:42.6
174,108,45:57.6
174,108,46:12.6
174,108,46:27.6
174,108,46:42.6
174,108,46:57.6
174,108,47:12.6
174,108,47:27.6
174,108,47:42.6
174,108,47:57.6
174,108,48:12.6
174,108,48:27.6
174,108,48:42.6
174,108,48:57.6
174,108,49:12.6
174,108,49:27.6
174,108,49:42.6
174,108,49:57.6
174,108,50:12.6
174,108,50:27.6
174,108,50:42.6
174,108,50:57.6
174,108,51:12.6
174,108,51:27.6
174,108,51:42.6
174,108,51:57.6
174,108,52:12.6
174,108,52:27.6
174,108,52:42.6
174,108,52:57.6
176,108,53:12.6
176,108,53:27.6
174,108,53:42.6
174,108,53:57.6
176,108,54:12.6
174,108,54:27.6
174,108,54:42.6
174,108,54:57.6
174,108,55:12.6
176,108,55:27.6
176,108,55:42.6
176,108,55:57.6
176,108,56:12.6
176,108,56:27.6
174,108,56:42.6
176,108,56:57.6
176,108,57:12.6
176,108,57:27.6
174,108,57:42.6
176,108,57:57.6
176,108,58:12.6
176,108,58:27.6
176,108,58:42.6
176,108,58:57.6
176,109,59:12.6
176,109,59:27.6
176,109,59:42.6
176,109,59:57.6
176,109,00:12.6
176,109,00:27.6
176,109,00:42.6
176,109,00:57.6
176,109,01:12.6
176,109,01:27.6
176,109,01:42.6
176,109,01:57.6
176,109,02:12.6
176,109,02:27.6
176,109,02:42.6
176,109,02:57.6
176,109,03:12.6
176,109,03:27.6
176,109,03:42.6
176,109,03:57.6
176,109,04:12.6
176,111,04:27.6
178,111,04:42.6
176,111,04:57.6
176,111,05:12.6
176,111,05:27.6
176,112,05:42.6
176,112,05:57.6
178,114,06:12.6
178,114,06:27.6
178,114,06:42.6
176,114,06:57.6
176,114,07:12.6
176,114,07:27.6
176,114,07:42.6
176,112,07:57.6
176,111,08:12.6
176,111,08:27.6
176,111,08:42.6
176,111,08:57.6
176,111,09:12.6
176,111,09:27.6
176,109,09:42.6
176,111,09:57.6
176,109,10:12.6
176,109,10:27.6
176,109,10:42.6
176,109,10:57.6
176,109,11:12.6
176,109,11:27.6
176,109,11:42.6
176,109,11:57.6
178,109,12:12.6
178,109,12:27.6
178,109,12:42.6
178,109,12:57.6
176,109,13:12.6
176,109,13:27.6
178,109,13:42.6
178,109,13:57.6
178,109,14:12.6
178,109,14:27.6
176,109,14:42.6
178,109,14:57.6
178,109,15:12.6
178,109,15:27.6
178,109,15:42.6
178,109,15:57.6
178,109,16:12.6
178,109,16:27.6
178,109,16:42.6
178,109,16:57.6
178,111,17:12.6
178,111,17:27.6
178,112,17:42.6
178,112,17:57.6
178,112,18:12.6
178,112,18:27.6
178,112,18:42.6
178,112,18:57.6
178,114,19:12.6
178,114,19:27.6
178,114,19:42.6
178,114,19:57.6
178,114,20:12.6
178,114,20:27.6
178,114,20:42.6
178,115,20:57.6
178,115,21:12.6
178,115,21:27.6
178,115,21:42.6
178,115,21:57.6
178,115,22:12.6
178,115,22:27.6
178,115,22:42.6
178,117,22:57.6
178,117,23:12.6
178,115,23:27.6
178,115,23:42.6
176,115,23:57.6
176,115,24:12.6
176,115,24:27.6
176,115,24:42.6
174,114,24:57.6
176,115,25:12.6
174,114,25:27.6
174,114,25:42.6
174,114,25:57.6
174,114,26:12.6
174,114,26:27.6
176,114,26:42.6
174,114,26:57.6
174,114,27:12.6
174,114,27:27.6
174,114,27:42.6
174,114,27:57.6
174,115,28:12.6
174,114,28:27.6
174,114,28:42.6
174,114,28:57.6
174,114,29:12.6
174,114,29:27.6
174,114,29:42.6
171,114,29:57.6
171,114,30:12.6
174,114,30:27.6
171,114,30:42.6
171,114,30:57.6
171,114,31:12.6
171,114,31:27.6
174,114,31:42.6
174,114,31:57.6
171,114,32:12.6
171,114,32:27.6
171,112,32:42.6
171,112,32:57.6
171,112,33:12.6
171,112,33:27.6
171,112,33:42.6
171,112,33:57.6
171,112,34:12.6
171,112,34:27.6
169,112,34:42.6
171,112,34:57.6
171,112,35:12.6
169,112,35:27.6
169,112,35:42.6
171,112,35:57.6
169,112,36:12.6
169,112,36:27.6
169,112,36:42.6
171,112,36:57.6
169,112,37:12.6
169,112,37:27.6
169,112,37:42.6
169,112,37:57.6
169,111,38:12.6
169,111,38:27.6
169,111,38:42.6
169,111,38:57.6
169,111,39:12.6
169,111,39:27.6
169,111,39:42.6
169,111,39:57.6
169,111,40:12.6
171,111,40:27.6
169,111,40:42.6
169,111,40:57.6
169,111,41:12.6
169,111,41:27.6
169,111,41:42.6
169,111,41:57.6
169,111,42:12.6
169,111,42:27.6
169,111,42:42.6
169,111,42:57.6
169,111,43:12.6
169,111,43:27.6
169,111,43:42.6
169,111,43:57.6
169,111,44:12.6
169,111,44:27.6
169,109,44:42.6
169,111,44:57.6
169,111,45:12.6
169,111,45:27.6
169,111,45:42.6
169,109,45:57.6
169,111,46:12.6
169,109,46:27.6
169,109,46:42.6
169,109,46:57.6
169,109,47:12.6
169,109,47:27.6
169,109,47:42.6
169,111,47:57.6
169,109,48:12.6
169,109,48:27.6
169,109,48:42.6
169,109,48:57.6
169,109,49:12.6
169,109,49:27.6
169,109,49:42.6
169,109,49:57.6
169,109,50:12.6
167,109,50:27.6
169,109,50:42.6
169,109,50:57.6
169,109,51:12.6
169,109,51:27.6
169,109,51:42.6
169,109,51:57.6
169,109,52:12.6
169,109,52:27.6
169,109,52:42.6
169,109,52:57.6
169,109,53:12.6
169,109,53:27.6
169,109,53:42.6
169,109,53:57.6
169,109,54:12.6
169,109,54:27.6
169,109,54:42.6
169,109,54:57.6
169,109,55:12.6
169,109,55:27.6
169,109,55:42.6
169,109,55:57.6
169,109,56:12.6
169,109,56:27.6
169,109,56:42.6
169,109,56:57.6
169,109,57:12.6
169,109,57:27.6
169,109,57:42.6
169,111,57:57.6
169,109,58:12.6
169,109,58:27.6
169,109,58:42.6
169,109,58:57.6
169,109,59:12.6
169,109,59:27.6
169,109,59:42.6
169,109,59:57.6
169,111,00:12.6
169,109,00:27.6
169,109,00:42.6
169,109,00:57.6
169,111,01:12.6
169,109,01:27.6
169,109,01:42.6
169,109,01:57.6
169,109,02:12.6
169,109,02:27.6
169,109,02:42.6
169,109,02:57.6
169,109,03:12.6
169,109,03:27.6
169,109,03:42.6
169,109,03:57.6
169,109,04:12.6
169,109,04:27.6
169,108,04:42.6
169,108,04:57.6
169,108,05:12.6
169,108,05:27.6
169,108,05:42.6
169,108,05:57.6
169,108,06:12.6
169,108,06:27.6
169,108,06:42.6
169,108,06:57.6
169,108,07:12.6
169,109,07:27.6
169,109,07:42.6
169,108,07:57.6
169,108,08:12.6
169,108,08:27.6
169,108,08:42.6
169,108,08:57.6
169,108,09:12.6
169,108,09:27.6
169,108,09:42.6
169,108,09:57.6
169,109,10:12.6
171,108,10:27.6
169,108,10:42.6
169,108,10:57.6
169,108,11:12.6
171,108,11:27.6
169,108,11:42.6
169,108,11:57.6
171,108,12:12.6
171,108,12:27.6
171,108,12:42.6
171,108,12:57.6
171,108,13:12.6
171,108,13:27.6
171,108,13:42.6
171,108,13:57.6
169,108,14:12.6
171,108,14:27.6
171,108,14:42.6
171,108,14:57.6
171,108,15:12.6
171,108,15:27.6
171,108,15:42.6
171,108,15:57.6
171,109,16:12.6
171,108,16:27.6
171,108,16:42.6
171,108,16:57.6
171,108,17:12.6
171,108,17:27.6
171,108,17:42.6
169,108,17:57.6
171,108,18:12.6
171,108,18:27.6
169,106,18:42.6
171,108,18:57.6
171,108,19:12.6
171,108,19:27.6
171,108,19:42.6
171,108,19:57.6
171,111,20:12.6
171,112,20:27.6
171,112,20:42.6
171,114,20:57.6
171,114,21:12.6
171,114,21:27.6
171,114,21:42.6
171,115,21:57.6
171,115,22:12.6
171,114,22:27.6
171,114,22:42.6
171,114,22:57.6
171,114,23:12.6
171,114,23:27.6
171,114,23:42.6
171,114,23:57.6
171,114,24:12.6
171,114,24:27.6
169,114,24:42.6
171,114,24:57.6
171,114,25:12.6
171,114,25:27.6
171,114,25:42.6
171,114,25:57.6
169,114,26:12.6
171,114,26:27.6
171,114,26:42.6
171,114,26:57.6
169,114,27:12.6
169,114,27:27.6
169,114,27:42.6
169,114,27:57.6
169,112,28:12.6
169,112,28:27.6
169,114,28:42.6
169,112,28:57.6
169,112,29:12.6
169,112,29:27.6
169,112,29:42.6
169,112,29:57.6
169,112,30:12.6
169,111,30:27.6
169,111,30:42.6
169,111,30:57.6
169,111,31:12.6
169,111,31:27.6
169,111,31:42.6
169,111,31:57.6
169,111,32:12.6
169,111,32:27.6
169,111,32:42.6
169,111,32:57.6
169,111,33:12.6
169,112,33:27.6
169,111,33:42.6
169,111,33:57.6
169,111,34:12.6
169,111,34:27.6
169,111,34:42.6
169,111,34:57.6
169,111,35:12.6
169,111,35:27.6
169,111,35:42.6
169,111,35:57.6
169,111,36:12.6
169,111,36:27.6
169,111,36:42.6
169,111,36:57.6
169,111,37:12.6
169,111,37:27.6
169,111,37:42.6
169,111,37:57.6
169,111,38:12.6
169,109,38:27.6
169,109,38:42.6
169,109,38:57.6
169,109,39:12.6
169,109,39:27.6
171,111,39:42.6
169,111,39:57.6
169,111,40:12.6
169,111,40:27.6
169,111,40:42.6
171,111,40:57.6
169,111,41:12.6
169,111,41:27.6
169,111,41:42.6
169,109,41:57.6
171,109,42:12.6
169,109,42:27.6
171,109,42:42.6
169,109,42:57.6
169,109,43:12.6
169,109,43:27.6
169,109,43:42.6
171,109,43:57.6
169,109,44:12.6
171,109,44:27.6
171,109,44:42.6
171,109,44:57.6
169,109,45:12.6
169,109,45:27.6
171,111,45:42.6
169,109,45:57.6
169,109,46:12.6
169,109,46:27.6
169,109,46:42.6
169,109,46:57.6
169,109,47:12.6
171,109,47:27.6
169,109,47:42.6
169,109,47:57.6
171,109,48:12.6
169,109,48:27.6
169,108,48:42.6
169,111,48:57.6
171,109,49:12.6
171,109,49:27.6
169,109,49:42.6
169,109,49:57.6
169,109,50:12.6
171,109,50:27.6
169,109,50:42.6
171,109,50:57.6
171,109,51:12.6
171,109,51:27.6
169,109,51:42.6
171,109,51:57.6
171,109,52:12.6
171,108,52:27.6
171,108,52:42.6
171,108,52:57.6
171,108,53:12.6
171,108,53:27.6
171,109,53:42.6
171,108,53:57.6
169,108,54:12.6
171,108,54:27.6
169,108,54:42.6
169,108,54:57.6
171,108,55:12.6
169,108,55:27.6
171,108,55:42.6
171,108,55:57.6
171,108,56:12.6
171,108,56:27.6
169,108,56:42.6
169,108,56:57.6
169,108,57:12.6
169,106,57:27.6
171,106,57:42.6
171,108,57:57.6
171,106,58:12.6
171,106,58:27.6
171,108,58:42.6
169,106,58:57.6
169,106,59:12.6
171,106,59:27.6
171,106,59:42.6
171,106,59:57.6
171,106,00:12.6
171,106,00:27.6
171,106,00:42.6
171,106,00:57.6
171,106,01:12.6
171,108,01:27.6
171,106,01:42.6
171,106,01:57.6
171,106,02:12.6
171,106,02:27.6
171,106,02:42.6
171,106,02:57.6
171,106,03:12.6
171,106,03:27.6
171,106,03:42.6
171,106,03:57.6
171,105,04:12.6
171,106,04:27.6
171,106,04:42.6
171,106,04:57.6
171,106,05:12.6
171,106,05:27.6
171,105,05:42.6
171,106,05:57.6
171,105,06:12.6
171,105,06:27.6
171,105,06:42.6
171,105,06:57.6
171,105,07:12.6
171,106,07:27.6
171,106,07:42.6
171,106,07:57.6
171,105,08:12.6
171,105,08:27.6
171,106,08:42.6
171,106,08:57.6
174,105,09:12.6
174,105,09:27.6
171,105,09:42.6
174,105,09:57.6
174,105,10:12.6
174,105,10:27.6
171,105,10:42.6
174,105,10:57.6
174,105,11:12.6
174,105,11:27.6
174,105,11:42.6
171,105,11:57.6
174,105,12:12.6
174,105,12:27.6
174,105,12:42.6
174,105,12:57.6
174,105,13:12.6
174,105,13:27.6
174,105,13:42.6
174,105,13:57.6
174,105,14:12.6
174,105,14:27.6
174,105,14:42.6
174,105,14:57.6
174,105,15:12.6
174,105,15:27.6
174,105,15:42.6
174,105,15:57.6
174,105,16:12.6
174,105,16:27.6
174,103,16:42.6
174,103,16:57.6
174,105,17:12.6
174,105,17:27.6
174,105,17:42.6
174,105,17:57.6
174,103,18:12.6
174,103,18:27.6
174,103,18:42.6
174,103,18:57.6
174,103,19:12.6
174,103,19:27.6
176,103,19:42.6
174,103,19:57.6
174,103,20:12.6
176,103,20:27.6
174,105,20:42.6
174,103,20:57.6
174,103,21:12.6
176,103,21:27.6
174,103,21:42.6
176,103,21:57.6
174,105,22:12.6
176,103,22:27.6
176,103,22:42.6
174,103,22:57.6
176,103,23:12.6
176,103,23:27.6
174,103,23:42.6
174,103,23:57.6
176,103,24:12.6
176,103,24:27.6
174,103,24:42.6
176,103,24:57.6
176,103,25:12.6
174,103,25:27.6
176,103,25:42.6
176,103,25:57.6
176,103,26:12.6
176,103,26:27.6
176,103,26:42.6
176,103,26:57.6
174,103,27:12.6
176,103,27:27.6
176,102,27:42.6
174,103,27:57.6
176,103,28:12.6
176,103,28:27.6
176,102,28:42.6
176,102,28:57.6
176,102,29:12.6
176,102,29:27.6
176,103,29:42.6
176,102,29:57.6
176,102,30:12.6
176,102,30:27.6
176,102,30:42.6
176,102,30:57.6
176,102,31:12.6
176,102,31:27.6
176,102,31:42.6
176,102,31:57.6
174,102,32:12.6
176,102,32:27.6
176,102,32:42.6
176,102,32:57.6
176,102,33:12.6
176,102,33:27.6
176,102,33:42.6
176,102,33:57.6
176,102,34:12.6
176,102,34:27.6
176,102,34:42.6
176,102,34:57.6
176,102,35:12.6
176,102,35:27.6
176,100,35:42.6
176,100,35:57.6
176,100,36:12.6
176,100,36:27.6
174,100,36:42.6
176,100,36:57.6
178,100,37:12.6
176,100,37:27.6
176,100,37:42.6
178,100,37:57.6
176,100,38:12.6
176,100,38:27.6
176,100,38:42.6
178,102,38:57.6
176,102,39:12.6
176,102,39:27.6
176,102,39:42.6
178,100,39:57.6
178,100,40:12.6
178,100,40:27.6
176,100,40:42.6
176,100,40:57.6
178,100,41:12.6
178,100,41:27.6
178,100,41:42.6
178,100,41:57.6
178,100,42:12.6
178,100,42:27.6
178,100,42:42.6
178,100,42:57.6
178,100,43:12.6
178,100,43:27.6
178,100,43:42.6
178,100,43:57.6
178,100,44:12.6
178,102,44:27.6
178,102,44:42.6
178,102,44:57.6
178,102,45:12.6
178,102,45:27.6
178,102,45:42.6
178,100,45:57.6
178,100,46:12.6
178,100,46:27.6
178,102,46:42.6
178,102,46:57.6
178,102,47:12.6
178,102,47:27.6
178,102,47:42.6
178,100,47:57.6
178,100,48:12.6
180,100,48:27.6
180,100,48:42.6
180,100,48:57.6
180,100,49:12.6
180,100,49:27.6
180,100,49:42.6
182,102,49:57.6
182,102,50:12.6
182,102,50:27.6
182,102,50:42.6
182,102,50:57.6
182,103,51:12.6
182,103,51:27.6
185,103,51:42.6
185,105,51:57.6
185,105,52:12.6
185,106,52:27.6
185,106,52:42.6
185,106,52:57.6
187,108,53:12.6
187,106,53:27.6
185,106,53:42.6
187,108,53:57.6
187,108,54:12.6
187,108,54:27.6
187,108,54:42.6
187,108,54:57.6
187,108,55:12.6
187,108,55:27.6
187,109,55:42.6
187,109,55:57.6
189,109,56:12.6
189,109,56:27.6
189,111,56:42.6
189,111,56:57.6
189,111,57:12.6
189,111,57:27.6
189,111,57:42.6
189,111,57:57.6
189,111,58:12.6
189,111,58:27.6
189,111,58:42.6
189,111,58:57.6
189,112,59:12.6
189,112,59:27.6
189,112,59:42.6
191,112,59:57.6
189,112,00:12.6
191,112,00:27.6
191,112,00:42.6
191,112,00:57.6
191,112,01:12.6
191,112,01:27.6
191,112,01:42.6
191,112,01:57.6
191,112,02:12.6
191,112,02:27.6
191,112,02:42.6
191,112,02:57.6
191,112,03:12.6
191,114,03:27.6
191,112,03:42.6
191,114,03:57.6
191,112,04:12.6
191,112,04:27.6
194,112,04:42.6
191,112,04:57.6
194,112,05:12.6
194,114,05:27.6
194,114,05:42.6
194,114,05:57.6
194,114,06:12.6
194,114,06:27.6
194,114,06:42.6
194,114,06:57.6
194,114,07:12.6
194,114,07:27.6
194,114,07:42.6
194,114,07:57.6
194,115,08:12.6
194,115,08:27.6
194,115,08:42.6
194,115,08:57.6
194,115,09:12.6
194,115,09:27.6
194,115,09:42.6
194,115,09:57.6
194,115,10:12.6
194,115,10:27.6
194,115,10:42.6
196,117,10:57.6
194,117,11:12.6
196,117,11:27.6
196,117,11:42.6
196,117,11:57.6
196,117,12:12.6
196,117,12:27.6
196,117,12:42.6
196,117,12:57.6
196,117,13:12.6
196,117,13:27.6
196,117,13:42.6
196,117,13:57.6
196,117,14:12.6
196,117,14:27.6
196,117,14:42.6
196,117,14:57.6
196,117,15:12.6
196,117,15:27.6
196,117,15:42.6
196,119,15:57.6
196,119,16:12.6
196,119,16:27.6
196,119,16:42.6
196,119,16:57.6
196,119,17:12.6
199,119,17:27.6
196,119,17:42.6
196,119,17:57.6
196,119,18:12.6
196,119,18:27.6
196,119,18:42.6
199,119,18:57.6
199,119,19:12.6
196,119,19:27.6
199,119,19:42.6
199,119,19:57.6
199,119,20:12.6
199,119,20:27.6
199,119,20:42.6
199,119,20:57.6
199,120,21:12.6
199,120,21:27.6
199,120,21:42.6
199,120,21:57.6
199,120,22:12.6
199,120,22:27.6
199,120,22:42.6
199,120,22:57.6
199,120,23:12.6
199,120,23:27.6
199,120,23:42.6
199,120,23:57.6
199,120,24:12.6
199,120,24:27.6
199,120,24:42.6
199,120,24:57.6
199,122,25:12.6
199,122,25:27.6
199,122,25:42.6
199,122,25:57.6
199,122,26:12.6
199,122,26:27.6
199,122,26:42.6
199,122,26:57.6
199,122,27:12.6
199,122,27:27.6
201,123,27:42.6
199,123,27:57.6
199,123,28:12.6
201,123,28:27.6
199,123,28:42.6
199,123,28:57.6
199,123,29:12.6
199,123,29:27.6
199,123,29:42.6
199,123,29:57.6
201,123,30:12.6
199,123,30:27.6
201,123,30:42.6
201,127,30:57.6
201,125,31:12.6
201,125,31:27.6
201,125,31:42.6
201,125,31:57.6
201,125,32:12.6
201,125,32:27.6
201,125,32:42.6
199,125,32:57.6
201,125,33:12.6
201,125,33:27.6
201,125,33:42.6
201,125,33:57.6
201,125,34:12.6
201,125,34:27.6
201,125,34:42.6
201,125,34:57.6
201,125,35:12.6
201,125,35:27.6
201,125,35:42.6
201,125,35:57.6
201,125,36:12.6
201,125,36:27.6
201,127,36:42.6
201,125,36:57.6
201,127,37:12.6
201,127,37:27.6
201,127,37:42.6
201,127,37:57.6
201,127,38:12.6
201,127,38:27.6
201,127,38:42.6
201,127,38:57.6
201,127,39:12.6
201,127,39:27.6
201,127,39:42.6
201,127,39:57.6
201,127,40:12.6
201,127,40:27.6
201,129,40:42.6
201,127,40:57.6
201,127,41:12.6
201,127,41:27.6
201,129,41:42.6
201,129,41:57.6
204,127,42:12.6
201,129,42:27.6
201,129,42:42.6
204,129,42:57.6
201,129,43:12.6
204,129,43:27.6
204,129,43:42.6
204,129,43:57.6
204,129,44:12.6
204,129,44:27.6
204,129,44:42.6
204,129,44:57.6
204,129,45:12.6
204,129,45:27.6
204,130,45:42.6
204,129,45:57.6
204,129,46:12.6
204,130,46:27.6
204,130,46:42.6
204,129,46:57.6
204,129,47:12.6
204,129,47:27.6
204,129,47:42.6
204,129,47:57.6
204,129,48:12.6
204,130,48:27.6
204,129,48:42.6
204,130,48:57.6
204,129,49:12.6
204,129,49:27.6
206,130,49:42.6
204,130,49:57.6
204,130,50:12.6
204,129,50:27.6
204,129,50:42.6
204,130,50:57.6
206,129,51:12.6
206,129,51:27.6
206,129,51:42.6
206,129,51:57.6
204,129,52:12.6
204,129,52:27.6
206,129,52:42.6
206,132,52:57.6
206,130,53:12.6
206,130,53:27.6
206,132,53:42.6
206,130,53:57.6
206,130,54:12.6
206,130,54:27.6
206,130,54:42.6
206,130,54:57.6
206,130,55:12.6
206,130,55:27.6
206,130,55:42.6
206,130,55:57.6
206,130,56:12.6
206,130,56:27.6
206,130,56:42.6
206,130,56:57.6
206,130,57:12.6
206,132,57:27.6
206,130,57:42.6
206,132,57:57.6
206,132,58:12.6
206,130,58:27.6
206,130,58:42.6
206,130,58:57.6
206,130,59:12.6
206,130,59:27.6
206,130,59:42.6
209,130,59:57.6
209,130,00:12.6
206,130,00:27.6
206,130,00:42.6
209,130,00:57.6
206,130,01:12.6
209,130,01:27.6
209,130,01:42.6
206,130,01:57.6
209,130,02:12.6
209,130,02:27.6
209,130,02:42.6
209,130,02:57.6
209,130,03:12.6
209,130,03:27.6
209,130,03:42.6
209,130,03:57.6
209,130,04:12.6
209,130,04:27.6
209,130,04:42.6
209,130,04:57.6
209,130,05:12.6
209,130,05:27.6
209,130,05:42.6
209,130,05:57.6
212,130,06:12.6
209,130,06:27.6
209,130,06:42.6
209,132,06:57.6
209,132,07:12.6
209,132,07:27.6
209,132,07:42.6
209,132,07:57.6
209,132,08:12.6
212,132,08:27.6
209,132,08:42.6
212,132,08:57.6
212,132,09:12.6
212,132,09:27.6
212,132,09:42.6
212,134,09:57.6
212,132,10:12.6
212,132,10:27.6
212,132,10:42.6
212,132,10:57.6
212,132,11:12.6
212,132,11:27.6
212,132,11:42.6
212,132,11:57.6
212,132,12:12.6
212,132,12:27.6
212,132,12:42.6
212,132,12:57.6
212,134,13:12.6
212,132,13:27.6
212,132,13:42.6
212,132,13:57.6
212,132,14:12.6
212,132,14:27.6
212,132,14:42.6
212,132,14:57.6
212,132,15:12.6
212,132,15:27.6
212,132,15:42.6
212,132,15:57.6
212,132,16:12.6
215,132,16:27.6
212,134,16:42.6
215,134,16:57.6
215,134,17:12.6
215,134,17:27.6
215,134,17:42.6
215,134,17:57.6
215,134,18:12.6
215,134,18:27.6
215,134,18:42.6
215,134,18:57.6
215,134,19:12.6
215,134,19:27.6
215,134,19:42.6
215,134,19:57.6
215,134,20:12.6
215,134,20:27.6
215,134,20:42.6
215,134,20:57.6
215,134,21:12.6
215,134,21:27.6
217,134,21:42.6
215,134,21:57.6
215,134,22:12.6
215,134,22:27.6
217,134,22:42.6
215,134,22:57.6
215,134,23:12.6
217,134,23:27.6
217,134,23:42.6
217,134,23:57.6
215,134,24:12.6
217,134,24:27.6
217,134,24:42.6
217,134,24:57.6
217,134,25:12.6
217,134,25:27.6
217,134,25:42.6
217,134,25:57.6
217,134,26:12.6
217,134,26:27.6
217,134,26:42.6
217,134,26:57.6
217,136,27:12.6
217,134,27:27.6
217,134,27:42.6
217,134,27:57.6
217,134,28:12.6
217,134,28:27.6
217,134,28:42.6
217,134,28:57.6
217,134,29:12.6
220,134,29:27.6
220,134,29:42.6
217,134,29:57.6
220,134,30:12.6
220,134,30:27.6
220,134,30:42.6
217,134,30:57.6
220,134,31:12.6
220,134,31:27.6
220,134,31:42.6
220,134,31:57.6
220,134,32:12.6
220,134,32:27.6
220,134,32:42.6
220,134,32:57.6
220,134,33:12.6
220,134,33:27.6
220,134,33:42.6
220,134,33:57.6
220,136,34:12.6
220,134,34:27.6
220,134,34:42.6
220,136,34:57.6
223,134,35:12.6
220,134,35:27.6
220,134,35:42.6
220,134,35:57.6
223,134,36:12.6
223,134,36:27.6
220,134,36:42.6
223,134,36:57.6
220,134,37:12.6
223,134,37:27.6
223,134,37:42.6
223,134,37:57.6
223,134,38:12.6
223,136,38:27.6
223,134,38:42.6
223,134,38:57.6
223,134,39:12.6
223,134,39:27.6
223,134,39:42.6
223,134,39:57.6
223,134,40:12.6
223,134,40:27.6
223,134,40:42.6
223,134,40:57.6
226,134,41:12.6
223,134,41:27.6
223,134,41:42.6
223,134,41:57.6
226,134,42:12.6
223,134,42:27.6
226,134,42:42.6
226,134,42:57.6
223,134,43:12.6
226,134,43:27.6
226,134,43:42.6
226,134,43:57.6
226,134,44:12.6
226,134,44:27.6
226,134,44:42.6
226,134,44:57.6
226,134,45:12.6
226,134,45:27.6
226,134,45:42.6
226,134,45:57.6
226,134,46:12.6
226,136,46:27.6
226,134,46:42.6
226,134,46:57.6
226,134,47:12.6
229,136,47:27.6
226,136,47:42.6
229,136,47:57.6
229,136,48:12.6
229,136,48:27.6
229,136,48:42.6
229,136,48:57.6
229,136,49:12.6
229,136,49:27.6
229,136,49:42.6
229,134,49:57.6
229,134,50:12.6
229,136,50:27.6
229,134,50:42.6
229,134,50:57.6
229,136,51:12.6
229,134,51:27.6
229,136,51:42.6
229,136,51:57.6
229,136,52:12.6
229,134,52:27.6
232,136,52:42.6
232,139,52:57.6
229,136,53:12.6
229,136,53:27.6
229,136,53:42.6
232,136,53:57.6
232,136,54:12.6
232,136,54:27.6
232,136,54:42.6
232,136,54:57.6
232,136,55:12.6
232,136,55:27.6
232,136,55:42.6
232,136,55:57.6
232,136,56:12.6
232,136,56:27.6
232,136,56:42.6
232,136,56:57.6
232,136,57:12.6
235,137,57:27.6
232,136,57:42.6
232,136,57:57.6
232,136,58:12.6
232,136,58:27.6
235,136,58:42.6
235,136,58:57.6
235,136,59:12.6
235,136,59:27.6
235,136,59:42.6
235,136,59:57.6
235,136,00:12.6
235,136,00:27.6
235,136,00:42.6
235,136,00:57.6
235,136,01:12.6
235,136,01:27.6
235,136,01:42.6
235,136,01:57.6
235,136,02:12.6
235,136,02:27.6
235,136,02:42.6
235,136,02:57.6
235,136,03:12.6
235,136,03:27.6
235,136,03:42.6
235,136,03:57.6
235,136,04:12.6
238,136,04:27.6
238,136,04:42.6
238,136,04:57.6
238,136,05:12.6
235,136,05:27.6
238,136,05:42.6
238,136,05:57.6
238,136,06:12.6
238,136,06:27.6
238,136,06:42.6
238,136,06:57.6
238,136,07:12.6
238,136,07:27.6
238,136,07:42.6
238,136,07:57.6
238,136,08:12.6
238,136,08:27.6
238,136,08:42.6
238,136,08:57.6
238,136,09:12.6
241,136,09:27.6
238,136,09:42.6
241,136,09:57.6
241,136,10:12.6
241,136,10:27.6
241,136,10:42.6
241,136,10:57.6
241,136,11:12.6
241,136,11:27.6
241,136,11:42.6
241,136,11:57.6
241,136,12:12.6
241,136,12:27.6
241,136,12:42.6
244,136,12:57.6
241,136,13:12.6
241,136,13:27.6
241,136,13:42.6
244,136,13:57.6
241,136,14:12.6
244,136,14:27.6
241,136,14:42.6
244,137,14:57.6
244,137,15:12.6
244,137,15:27.6
244,136,15:42.6
244,137,15:57.6
244,137,16:12.6
244,137,16:27.6
244,137,16:42.6
244,136,16:57.6
244,137,17:12.6
244,137,17:27.6
244,137,17:42.6
244,137,17:57.6
244,137,18:12.6
244,137,18:27.6
244,137,18:42.6
244,137,18:57.6
248,137,19:12.6
244,137,19:27.6
248,137,19:42.6
248,137,19:57.6
248,137,20:12.6
248,137,20:27.6
248,137,20:42.6
248,137,20:57.6
248,137,21:12.6
248,137,21:27.6
248,137,21:42.6
248,137,21:57.6
248,137,22:12.6
248,137,22:27.6
248,137,22:42.6
248,136,22:57.6
248,137,23:12.6
248,136,23:27.6
248,137,23:42.6
248,137,23:57.6
251,136,24:12.6
251,136,24:27.6
251,136,24:42.6
248,136,24:57.6
251,136,25:12.6
251,137,25:27.6
251,136,25:42.6
251,136,25:57.6
251,136,26:12.6
251,136,26:27.6
251,136,26:42.6
251,136,26:57.6
251,136,27:12.6
251,136,27:27.6
251,136,27:42.6
251,136,27:57.6
251,136,28:12.6
251,137,28:27.6
251,136,28:42.6
251,136,28:57.6
251,137,29:12.6
254,136,29:27.6
254,137,29:42.6
254,136,29:57.6
251,136,30:12.6
254,137,30:27.6
254,137,30:42.6
254,136,30:57.6
254,137,31:12.6
254,137,31:27.6
254,137,31:42.6
254,137,31:57.6
254,137,32:12.6
254,136,32:27.6
254,136,32:42.6
254,137,32:57.6
254,137,33:12.6
254,137,33:27.6
254,136,33:42.6
258,137,33:57.6
254,137,34:12.6
258,137,34:27.6
258,136,34:42.6
254,136,34:57.6
258,137,35:12.6
258,136,35:27.6
258,136,35:42.6
258,136,35:57.6
258,136,36:12.6
258,137,36:27.6
258,137,36:42.6
258,137,36:57.6
258,137,37:12.6
258,137,37:27.6
258,137,37:42.6
258,137,37:57.6
258,137,38:12.6
258,137,38:27.6
258,137,38:42.6
258,137,38:57.6
261,137,39:12.6
261,137,39:27.6
261,137,39:42.6
261,137,39:57.6
261,137,40:12.6
261,137,40:27.6
261,137,40:42.6
261,137,40:57.6
261,137,41:12.6
261,137,41:27.6
261,137,41:42.6
261,137,41:57.6
261,137,42:12.6
261,137,42:27.6
261,137,42:42.6
261,137,42:57.6
265,137,43:12.6
261,137,43:27.6
261,137,43:42.6
265,137,43:57.6
265,137,44:12.6
265,137,44:27.6
265,137,44:42.6
265,137,44:57.6
265,137,45:12.6
265,137,45:27.6
265,137,45:42.6
265,137,45:57.6
265,137,46:12.6
265,137,46:27.6
265,137,46:42.6
265,137,46:57.6
265,137,47:12.6
265,137,47:27.6
265,137,47:42.6
265,137,47:57.6
268,137,48:12.6
268,137,48:27.6
265,137,48:42.6
268,137,48:57.6
265,137,49:12.6
268,137,49:27.6
268,137,49:42.6
268,137,49:57.6
268,137,50:12.6
268,137,50:27.6
268,137,50:42.6
268,137,50:57.6
268,137,51:12.6
268,137,51:27.6
268,137,51:42.6
268,137,51:57.6
268,137,52:12.6
268,137,52:27.6
268,137,52:42.6
268,137,52:57.6
272,137,53:12.6
272,137,53:27.6
272,137,53:42.6
272,139,53:57.6
272,137,54:12.6
272,137,54:27.6
272,137,54:42.6
272,137,54:57.6
272,137,55:12.6
272,137,55:27.6
272,137,55:42.6
272,137,55:57.6
272,137,56:12.6
272,137,56:27.6
272,137,56:42.6
272,137,56:57.6
272,137,57:12.6
276,137,57:27.6
276,137,57:42.6
272,137,57:57.6
272,137,58:12.6
276,137,58:27.6
272,137,58:42.6
276,137,58:57.6
276,137,59:12.6
276,137,59:27.6
276,137,59:42.6
276,137,59:57.6
276,137,00:12.6
276,137,00:27.6
276,137,00:42.6
276,137,00:57.6
276,137,01:12.6
276,136,01:27.6
276,137,01:42.6
276,137,01:57.6
276,137,02:12.6
276,137,02:27.6
276,137,02:42.6
276,137,02:57.6
276,137,03:12.6
279,137,03:27.6
276,137,03:42.6
279,137,03:57.6
276,137,04:12.6
276,137,04:27.6
276,137,04:42.6
279,137,04:57.6
279,137,05:12.6
279,137,05:27.6
279,139,05:42.6
279,139,05:57.6
279,137,06:12.6
279,137,06:27.6
279,137,06:42.6
279,137,06:57.6
279,137,07:12.6
279,137,07:27.6
279,137,07:42.6
279,137,07:57.6
279,137,08:12.6
279,137,08:27.6
279,137,08:42.6
279,137,08:57.6
283,139,09:12.6
279,139,09:27.6
283,137,09:42.6
283,139,09:57.6
283,139,10:12.6
283,139,10:27.6
283,137,10:42.6
283,139,10:57.6
283,137,11:12.6
283,139,11:27.6
283,137,11:42.6
283,139,11:57.6
283,137,12:12.6
283,137,12:27.6
283,139,12:42.6
283,137,12:57.6
283,139,13:12.6
283,137,13:27.6
287,143,13:42.6
283,139,13:57.6
283,139,14:12.6
283,139,14:27.6
283,139,14:42.6
283,139,14:57.6
283,139,15:12.6
287,139,15:27.6
287,139,15:42.6
287,139,15:57.6
287,139,16:12.6
287,139,16:27.6
287,139,16:42.6
287,139,16:57.6
287,139,17:12.6
287,139,17:27.6
287,139,17:42.6
287,139,17:57.6
287,139,18:12.6
287,139,18:27.6
287,139,18:42.6
287,139,18:57.6
291,139,19:12.6
287,137,19:27.6
291,139,19:42.6
287,137,19:57.6
287,137,20:12.6
287,137,20:27.6
291,141,20:42.6
291,139,20:57.6
291,139,21:12.6
291,139,21:27.6
291,139,21:42.6
291,139,21:57.6
291,139,22:12.6
291,139,22:27.6
291,139,22:42.6
291,139,22:57.6
291,139,23:12.6
291,139,23:27.6
291,139,23:42.6
291,139,23:57.6
291,139,24:12.6
291,139,24:27.6
295,139,24:42.6
295,141,24:57.6
295,139,25:12.6
295,139,25:27.6
295,139,25:42.6
295,139,25:57.6
295,139,26:12.6
295,139,26:27.6
295,139,26:42.6
295,139,26:57.6
295,139,27:12.6
295,139,27:27.6
295,139,27:42.6
295,139,27:57.6
295,139,28:12.6
295,137,28:27.6
295,137,28:42.6
299,137,28:57.6
295,137,29:12.6
299,137,29:27.6
299,137,29:42.6
299,137,29:57.6
299,137,30:12.6
299,139,30:27.6
299,139,30:42.6
299,139,30:57.6
299,139,31:12.6
299,137,31:27.6
299,139,31:42.6
299,137,31:57.6
299,137,32:12.6
299,137,32:27.6
299,137,32:42.6
299,137,32:57.6
299,137,33:12.6
299,139,33:27.6
299,139,33:42.6
299,139,33:57.6
299,139,34:12.6
299,137,34:27.6
299,137,34:42.6
303,137,34:57.6
303,137,35:12.6
303,137,35:27.6
299,137,35:42.6
303,137,35:57.6
303,141,36:12.6
303,139,36:27.6
303,139,36:42.6
303,139,36:57.6
303,139,37:12.6
303,139,37:27.6
303,139,37:42.6
303,139,37:57.6
303,139,38:12.6
303,139,38:27.6
303,139,38:42.6
308,139,38:57.6
303,139,39:12.6
303,139,39:27.6
308,139,39:42.6
308,139,39:57.6
308,139,40:12.6
308,139,40:27.6
308,139,40:42.6
308,139,40:57.6
308,139,41:12.6
308,139,41:27.6
308,139,41:42.6
308,139,41:57.6
308,139,42:12.6
308,139,42:27.6
308,139,42:42.6
308,139,42:57.6
308,139,43:12.6
308,139,43:27.6
308,139,43:42.6
312,139,43:57.6
308,139,44:12.6
308,141,44:27.6
312,139,44:42.6
312,139,44:57.6
312,139,45:12.6
312,139,45:27.6
312,139,45:42.6
312,139,45:57.6
312,139,46:12.6
312,139,46:27.6
312,139,46:42.6
312,139,46:57.6
312,141,47:12.6
312,139,47:27.6
312,139,47:42.6
312,139,47:57.6
312,139,48:12.6
316,139,48:27.6
312,139,48:42.6
316,139,48:57.6
316,139,49:12.6
316,139,49:27.6
316,139,49:42.6
316,139,49:57.6
316,139,50:12.6
316,139,50:27.6
316,139,50:42.6
316,139,50:57.6
316,139,51:12.6
316,139,51:27.6
316,139,51:42.6
316,139,51:57.6
316,139,52:12.6
316,139,52:27.6
316,141,52:42.6
316,139,52:57.6
316,139,53:12.6
321,139,53:27.6
316,139,53:42.6
321,139,53:57.6
316,139,54:12.6
321,139,54:27.6
321,139,54:42.6
321,139,54:57.6
321,139,55:12.6
321,139,55:27.6
321,139,55:42.6
321,139,55:57.6
321,139,56:12.6
321,139,56:27.6
321,139,56:42.6
321,139,56:57.6
321,139,57:12.6
321,139,57:27.6
321,139,57:42.6
321,139,57:57.6
321,139,58:12.6
325,141,58:27.6
325,139,58:42.6
325,139,58:57.6
325,139,59:12.6
325,139,59:27.6
321,139,59:42.6
325,139,59:57.6
325,139,00:12.6
325,139,00:27.6
325,139,00:42.6
325,139,00:57.6
325,139,01:12.6
325,139,01:27.6
330,143,01:42.6
325,141,01:57.6
325,139,02:12.6
325,139,02:27.6
325,139,02:42.6
325,139,02:57.6
325,139,03:12.6
330,139,03:27.6
330,139,03:42.6
330,139,03:57.6
325,139,04:12.6
330,139,04:27.6
330,139,04:42.6
330,141,04:57.6
330,139,05:12.6
330,139,05:27.6
330,139,05:42.6
330,139,05:57.6
330,141,06:12.6
330,139,06:27.6
335,139,06:42.6
330,141,06:57.6
330,139,07:12.6
330,141,07:27.6
335,139,07:42.6
335,139,07:57.6
335,141,08:12.6
330,139,08:27.6
335,139,08:42.6
335,139,08:57.6
335,139,09:12.6
335,139,09:27.6
335,139,09:42.6
335,139,09:57.6
335,139,10:12.6
335,139,10:27.6
335,139,10:42.6
335,139,10:57.6
335,139,11:12.6
335,139,11:27.6
335,139,11:42.6
335,139,11:57.6
335,139,12:12.6
335,139,12:27.6
335,139,12:42.6
335,139,12:57.6
335,139,13:12.6
335,139,13:27.6
335,139,13:42.6
340,139,13:57.6
335,139,14:12.6
335,139,14:27.6
340,139,14:42.6
340,139,14:57.6
340,139,15:12.6
340,139,15:27.6
340,139,15:42.6
340,139,15:57.6
340,139,16:12.6
340,139,16:27.6
340,139,16:42.6
340,139,16:57.6
340,141,17:12.6
340,139,17:27.6
340,139,17:42.6
345,139,17:57.6
340,141,18:12.6
340,141,18:27.6
345,139,18:42.6
340,141,18:57.6
345,141,19:12.6
345,139,19:27.6
345,139,19:42.6
345,141,19:57.6
345,139,20:12.6
345,139,20:27.6
345,139,20:42.6
345,139,20:57.6
345,139,21:12.6
345,139,21:27.6
345,139,21:42.6
345,139,21:57.6
345,139,22:12.6
345,139,22:27.6
345,139,22:42.6
345,139,22:57.6
345,139,23:12.6
345,139,23:27.6
345,141,23:42.6
345,139,23:57.6
350,139,24:12.6
350,139,24:27.6
350,139,24:42.6
350,139,24:57.6
350,139,25:12.6
350,139,25:27.6
350,139,25:42.6
350,139,25:57.6
350,141,26:12.6
350,139,26:27.6
350,139,26:42.6
350,139,26:57.6
350,141,27:12.6
350,141,27:27.6
350,141,27:42.6
350,141,27:57.6
350,139,28:12.6
350,141,28:27.6
350,139,28:42.6
355,141,28:57.6
350,141,29:12.6
355,141,29:27.6
355,141,29:42.6
355,139,29:57.6
350,139,30:12.6
355,139,30:27.6
355,139,30:42.6
350,139,30:57.6
355,139,31:12.6
355,141,31:27.6
355,141,31:42.6
355,139,31:57.6
355,141,32:12.6
355,139,32:27.6
355,139,32:42.6
355,139,32:57.6
355,141,33:12.6
355,141,33:27.6
355,141,33:42.6
355,141,33:57.6
355,141,34:12.6
355,141,34:27.6
360,141,34:42.6
355,141,34:57.6
360,141,35:12.6
360,141,35:27.6
360,141,35:42.6
360,141,35:57.6
360,141,36:12.6
360,141,36:27.6
360,141,36:42.6
360,141,36:57.6
360,141,37:12.6
360,141,37:27.6
360,141,37:42.6
360,141,37:57.6
360,141,38:12.6
360,141,38:27.6
360,141,38:42.6
360,141,38:57.6
360,141,39:12.6
365,141,39:27.6
365,141,39:42.6
360,141,39:57.6
365,141,40:12.6
365,141,40:27.6
365,141,40:42.6
365,141,40:57.6
365,141,41:12.6
365,141,41:27.6
365,141,41:42.6
365,141,41:57.6
365,141,42:12.6
365,141,42:27.6
365,141,42:42.6
365,141,42:57.6
365,141,43:12.6
365,141,43:27.6
365,141,43:42.6
365,141,43:57.6
365,141,44:12.6
365,141,44:27.6
371,143,44:42.6
365,141,44:57.6
365,141,45:12.6
365,141,45:27.6
365,141,45:42.6
371,141,45:57.6
371,141,46:12.6
371,141,46:27.6
371,141,46:42.6
371,141,46:57.6
371,141,47:12.6
371,141,47:27.6
371,141,47:42.6
371,141,47:57.6
371,141,48:12.6
371,141,48:27.6
371,141,48:42.6
371,141,48:57.6
371,141,49:12.6
371,141,49:27.6
376,141,49:42.6
376,141,49:57.6
376,141,50:12.6
371,141,50:27.6
371,141,50:42.6
371,141,50:57.6
376,141,51:12.6
376,141,51:27.6
376,141,51:42.6
376,143,51:57.6
376,141,52:12.6
376,141,52:27.6
376,141,52:42.6
376,141,52:57.6
376,141,53:12.6
376,141,53:27.6
376,141,53:42.6
376,141,53:57.6
376,141,54:12.6
382,141,54:27.6
376,141,54:42.6
382,143,54:57.6
382,143,55:12.6
376,141,55:27.6
382,141,55:42.6
382,143,55:57.6
382,141,56:12.6
382,141,56:27.6
382,141,56:42.6
382,141,56:57.6
382,141,57:12.6
382,141,57:27.6
382,141,57:42.6
382,141,57:57.6
387,141,58:12.6
382,141,58:27.6
382,141,58:42.6
382,141,58:57.6
382,141,59:12.6
382,141,59:27.6
382,141,59:42.6
387,141,59:57.6
387,143,00:12.6
387,141,00:27.6
387,141,00:42.6
387,141,00:57.6
387,141,01:12.6
387,141,01:27.6
387,141,01:42.6
387,141,01:57.6
387,141,02:12.6
387,141,02:27.6
387,141,02:42.6
387,143,02:57.6
387,141,03:12.6
387,141,03:27.6
387,141,03:42.6
387,141,03:57.6
387,141,04:12.6
387,141,04:27.6
387,141,04:42.6
387,141,04:57.6
387,141,05:12.6
387,141,05:27.6
393,141,05:42.6
387,141,05:57.6
393,141,06:12.6
393,141,06:27.6
387,141,06:42.6
393,141,06:57.6
393,141,07:12.6
393,141,07:27.6
393,141,07:42.6
387,141,07:57.6
393,141,08:12.6
393,139,08:27.6
393,141,08:42.6
393,141,08:57.6
393,141,09:12.6
393,139,09:27.6
393,139,09:42.6
393,141,09:57.6
393,139,10:12.6
399,139,10:27.6
393,141,10:42.6
399,141,10:57.6
399,141,11:12.6
399,139,11:27.6
399,141,11:42.6
399,141,11:57.6
399,139,12:12.6
399,139,12:27.6
399,139,12:42.6
399,139,12:57.6
399,139,13:12.6
399,139,13:27.6
399,139,13:42.6
399,139,13:57.6
399,139,14:12.6
399,139,14:27.6
399,139,14:42.6
399,141,14:57.6
399,139,15:12.6
399,139,15:27.6
399,139,15:42.6
399,139,15:57.6
399,139,16:12.6
399,139,16:27.6
399,139,16:42.6
399,139,16:57.6
405,139,17:12.6
405,139,17:27.6
405,139,17:42.6
405,139,17:57.6
405,139,18:12.6
405,139,18:27.6
405,139,18:42.6
405,139,18:57.6
405,139,19:12.6
405,139,19:27.6
405,139,19:42.6
405,139,19:57.6
405,139,20:12.6
411,139,20:27.6
405,139,20:42.6
405,139,20:57.6
411,139,21:12.6
405,139,21:27.6
411,141,21:42.6
405,139,21:57.6
411,141,22:12.6
405,141,22:27.6
411,141,22:42.6
411,141,22:57.6
411,139,23:12.6
411,139,23:27.6
411,139,23:42.6
411,141,23:57.6
411,139,24:12.6
411,139,24:27.6
411,141,24:42.6
411,139,24:57.6
411,141,25:12.6
411,141,25:27.6
411,139,25:42.6
411,139,25:57.6
411,141,26:12.6
411,141,26:27.6
411,139,26:42.6
411,141,26:57.6
411,141,27:12.6
411,139,27:27.6
411,141,27:42.6
418,139,27:57.6
418,141,28:12.6
418,141,28:27.6
418,141,28:42.6
418,141,28:57.6
418,139,29:12.6
418,141,29:27.6
418,139,29:42.6
418,139,29:57.6
418,139,30:12.6
418,139,30:27.6
418,139,30:42.6
418,139,30:57.6
424,139,31:12.6
418,139,31:27.6
418,139,31:42.6
418,139,31:57.6
418,139,32:12.6
418,139,32:27.6
424,139,32:42.6
418,139,32:57.6
424,139,33:12.6
424,139,33:27.6
424,139,33:42.6
424,139,33:57.6
424,139,34:12.6
424,139,34:27.6
424,139,34:42.6
424,139,34:57.6
424,139,35:12.6
424,139,35:27.6
424,139,35:42.6
424,139,35:57.6
424,139,36:12.6
424,139,36:27.6
424,139,36:42.6
424,139,36:57.6
424,139,37:12.6
424,137,37:27.6
424,137,37:42.6
424,137,37:57.6
424,137,38:12.6
424,137,38:27.6
431,137,38:42.6
424,136,38:57.6
424,137,39:12.6
431,136,39:27.6
431,136,39:42.6
424,136,39:57.6
431,134,40:12.6
431,134,40:27.6
431,134,40:42.6
431,134,40:57.6
431,134,41:12.6
431,134,41:27.6
431,134,41:42.6
431,134,41:57.6
431,132,42:12.6
431,134,42:27.6
431,132,42:42.6
431,132,42:57.6
431,132,43:12.6
431,132,43:27.6
431,130,43:42.6
431,130,43:57.6
431,130,44:12.6
431,130,44:27.6
431,130,44:42.6
437,130,44:57.6
431,130,45:12.6
437,129,45:27.6
431,129,45:42.6
431,129,45:57.6
431,129,46:12.6
437,129,46:27.6
437,129,46:42.6
437,129,46:57.6
437,129,47:12.6
437,129,47:27.6
437,127,47:42.6
437,127,47:57.6
437,127,48:12.6
437,127,48:27.6
437,127,48:42.6
437,127,48:57.6
437,127,49:12.6
437,127,49:27.6
437,125,49:42.6
437,125,49:57.6
444,125,50:12.6
437,125,50:27.6
437,125,50:42.6
444,125,50:57.6
444,125,51:12.6
437,125,51:27.6
444,123,51:42.6
444,123,51:57.6
444,123,52:12.6
444,123,52:27.6
444,123,52:42.6
444,123,52:57.6
444,123,53:12.6
444,123,53:27.6
444,123,53:42.6
444,123,53:57.6
444,123,54:12.6
444,123,54:27.6
444,123,54:42.6
444,123,54:57.6
444,125,55:12.6
444,125,55:27.6
444,123,55:42.6
444,122,55:57.6
444,122,56:12.6
444,122,56:27.6
451,122,56:42.6
451,120,56:57.6
451,120,57:12.6
451,120,57:27.6
451,119,57:42.6
451,119,57:57.6
451,119,58:12.6
451,119,58:27.6
451,120,58:42.6
451,120,58:57.6
451,120,59:12.6
451,120,59:27.6
451,120,59:42.6
451,120,59:57.6
451,122,00:12.6
451,122,00:27.6
458,122,00:42.6
451,122,00:57.6
451,122,01:12.6
451,122,01:27.6
451,122,01:42.6
458,122,01:57.6
458,122,02:12.6
458,122,02:27.6
458,122,02:42.6
451,122,02:57.6
458,122,03:12.6
458,122,03:27.6
458,122,03:42.6
458,122,03:57.6
458,122,04:12.6
458,122,04:27.6
458,122,04:42.6
458,122,04:57.6
451,122,05:12.6
451,122,05:27.6
458,122,05:42.6
458,123,05:57.6
458,123,06:12.6
458,123,06:27.6
458,123,06:42.6
458,122,06:57.6
458,123,07:12.6
458,123,07:27.6
458,123,07:42.6
458,122,07:57.6
458,120,08:12.6
458,120,08:27.6
458,120,08:42.6
458,120,08:57.6
458,120,09:12.6
458,120,09:27.6
458,120,09:42.6
458,120,09:57.6
458,120,10:12.6
458,120,10:27.6
458,119,10:42.6
458,119,10:57.6
458,119,11:12.6
458,119,11:27.6
458,119,11:42.6
458,119,11:57.6
458,119,12:12.6
458,119,12:27.6
458,120,12:42.6
458,119,12:57.6
458,119,13:12.6
458,119,13:27.6
465,119,13:42.6
458,119,13:57.6
458,119,14:12.6
465,119,14:27.6
458,120,14:42.6
465,119,14:57.6
465,119,15:12.6
465,120,15:27.6
465,120,15:42.6
465,120,15:57.6
465,120,16:12.6
465,117,16:27.6
465,115,16:42.6
465,117,16:57.6
465,119,17:12.6
465,117,17:27.6
465,117,17:42.6
465,115,17:57.6
465,117,18:12.6
465,115,18:27.6
465,115,18:42.6
465,115,18:57.6
465,115,19:12.6
465,115,19:27.6
465,115,19:42.6
465,115,19:57.6
465,115,20:12.6
465,115,20:27.6
465,115,20:42.6
465,115,20:57.6
465,115,21:12.6
465,115,21:27.6
473,115,21:42.6
465,117,21:57.6
465,119,22:12.6
473,119,22:27.6
473,119,22:42.6
465,119,22:57.6
473,119,23:12.6
465,119,23:27.6
473,117,23:42.6
473,119,23:57.6
465,119,24:12.6
473,119,24:27.6
473,119,24:42.6
465,119,24:57.6
473,120,25:12.6
465,120,25:27.6
473,120,25:42.6
473,120,25:57.6
473,120,26:12.6
473,120,26:27.6
473,120,26:42.6
473,120,26:57.6
473,119,27:12.6
473,119,27:27.6
473,119,27:42.6
473,119,27:57.6
473,119,28:12.6
473,117,28:27.6
473,117,28:42.6
473,117,28:57.6
473,117,29:12.6
473,117,29:27.6
473,117,29:42.6
473,117,29:57.6
473,117,30:12.6
473,117,30:27.6
473,117,30:42.6
473,117,30:57.6
473,117,31:12.6
473,117,31:27.6
473,117,31:42.6
480,117,31:57.6
473,117,32:12.6
480,117,32:27.6
480,117,32:42.6
480,117,32:57.6
480,117,33:12.6
473,117,33:27.6
480,117,33:42.6
480,117,33:57.6
480,117,34:12.6
480,117,34:27.6
480,117,34:42.6
480,119,34:57.6
480,117,35:12.6
480,117,35:27.6
480,117,35:42.6
480,117,35:57.6
480,117,36:12.6
480,115,36:27.6
480,117,36:42.6
480,115,36:57.6
480,115,37:12.6
480,115,37:27.6
480,115,37:42.6
488,115,37:57.6
488,117,38:12.6
488,117,38:27.6
488,117,38:42.6
488,117,38:57.6
488,117,39:12.6
488,117,39:27.6
488,117,39:42.6
480,117,39:57.6
488,117,40:12.6
488,117,40:27.6
488,117,40:42.6
488,117,40:57.6
488,117,41:12.6
488,117,41:27.6
488,117,41:42.6
488,117,41:57.6
488,117,42:12.6
488,117,42:27.6
488,117,42:42.6
488,117,42:57.6
488,117,43:12.6
488,117,43:27.6
488,117,43:42.6
488,115,43:57.6
488,115,44:12.6
488,115,44:27.6
488,115,44:42.6
488,115,44:57.6
488,117,45:12.6
488,115,45:27.6
488,117,45:42.6
488,117,45:57.6
488,115,46:12.6
488,117,46:27.6
488,117,46:42.6
488,117,46:57.6
488,117,47:12.6
488,117,47:27.6
488,115,47:42.6
488,115,47:57.6
488,115,48:12.6
488,120,48:27.6
488,122,48:42.6
488,122,48:57.6
488,123,49:12.6
488,123,49:27.6
488,123,49:42.6
488,123,49:57.6
488,123,50:12.6
488,123,50:27.6
488,123,50:42.6
488,123,50:57.6
488,123,51:12.6
488,123,51:27.6
488,123,51:42.6
488,123,51:57.6
488,123,52:12.6
488,123,52:27.6
488,123,52:42.6
488,125,52:57.6
488,123,53:12.6
488,123,53:27.6
488,120,53:42.6
488,115,53:57.6
488,115,54:12.6
488,114,54:27.6
488,114,54:42.6
496,112,54:57.6
488,112,55:12.6
488,112,55:27.6
488,114,55:42.6
496,114,55:57.6
488,112,56:12.6
488,112,56:27.6
488,112,56:42.6
496,114,56:57.6
496,114,57:12.6
496,114,57:27.6
496,114,57:42.6
496,114,57:57.6
496,114,58:12.6
496,114,58:27.6
496,114,58:42.6
488,114,58:57.6
496,114,59:12.6
496,114,59:27.6
496,114,59:42.6
496,114,59:57.6
496,114,00:12.6
496,115,00:27.6
496,115,00:42.6
496,115,00:57.6
496,115,01:12.6
496,115,01:27.6
496,115,01:42.6
496,115,01:57.6
496,115,02:12.6
496,115,02:27.6
496,115,02:42.6
496,117,02:57.6
496,119,03:12.6
496,119,03:27.6
496,120,03:42.6
496,119,03:57.6
496,119,04:12.6
496,119,04:27.6
496,119,04:42.6
496,120,04:57.6
496,120,05:12.6
496,120,05:27.6
496,122,05:42.6
496,123,05:57.6
496,125,06:12.6
496,127,06:27.6
496,129,06:42.6
496,129,06:57.6
496,129,07:12.6
496,129,07:27.6
496,129,07:42.6
496,130,07:57.6
496,129,08:12.6
488,130,08:27.6
496,130,08:42.6
496,130,08:57.6
496,130,09:12.6
488,130,09:27.6
488,130,09:42.6
488,130,09:57.6
488,130,10:12.6
488,130,10:27.6
488,130,10:42.6
488,130,10:57.6
488,130,11:12.6
488,130,11:27.6
488,130,11:42.6
488,132,11:57.6
488,132,12:12.6
488,132,12:27.6
488,134,12:42.6
488,134,12:57.6
488,134,13:12.6
488,136,13:27.6
488,136,13:42.6
488,136,13:57.6
488,136,14:12.6
488,134,14:27.6
488,134,14:42.6
488,132,14:57.6
488,132,15:12.6
488,132,15:27.6
488,132,15:42.6
488,132,15:57.6
488,132,16:12.6
488,130,16:27.6
488,130,16:42.6
488,129,16:57.6
488,129,17:12.6
488,129,17:27.6
488,129,17:42.6
488,129,17:57.6
488,129,18:12.6
488,129,18:27.6
488,129,18:42.6
488,129,18:57.6
488,127,19:12.6
488,127,19:27.6
488,127,19:42.6
488,127,19:57.6
488,127,20:12.6
488,127,20:27.6
480,127,20:42.6
488,127,20:57.6
488,127,21:12.6
488,127,21:27.6
488,127,21:42.6
488,127,21:57.6
488,127,22:12.6
488,127,22:27.6
488,127,22:42.6
488,127,22:57.6
488,127,23:12.6
488,127,23:27.6
488,127,23:42.6
488,127,23:57.6
488,127,24:12.6
488,127,24:27.6
488,127,24:42.6
488,127,24:57.6
488,125,25:12.6
488,127,25:27.6
488,127,25:42.6
488,125,25:57.6
488,125,26:12.6
488,125,26:27.6
488,125,26:42.6
488,125,26:57.6
488,125,27:12.6
488,125,27:27.6
488,125,27:42.6
488,125,27:57.6
480,125,28:12.6
480,125,28:27.6
488,125,28:42.6
488,127,28:57.6
488,125,29:12.6
488,125,29:27.6
488,125,29:42.6
488,125,29:57.6
488,125,30:12.6
488,125,30:27.6
480,125,30:42.6
488,125,30:57.6
488,125,31:12.6
488,125,31:27.6
488,125,31:42.6
488,125,31:57.6
488,125,32:12.6
488,125,32:27.6
488,125,32:42.6
488,125,32:57.6
488,125,33:12.6
488,125,33:27.6
488,125,33:42.6
488,125,33:57.6
488,125,34:12.6
488,125,34:27.6
488,123,34:42.6
488,125,34:57.6
488,125,35:12.6
488,125,35:27.6
488,123,35:42.6
488,125,35:57.6
480,125,36:12.6
488,123,36:27.6
488,123,36:42.6
488,123,36:57.6
488,123,37:12.6
480,123,37:27.6
488,123,37:42.6
480,123,37:57.6
488,123,38:12.6
480,122,38:27.6
480,123,38:42.6
480,123,38:57.6
480,122,39:12.6
480,122,39:27.6
480,122,39:42.6
480,122,39:57.6
480,122,40:12.6
480,122,40:27.6
480,122,40:42.6
480,120,40:57.6
480,122,41:12.6
480,120,41:27.6
480,120,41:42.6
480,120,41:57.6
480,120,42:12.6
480,120,42:27.6
480,120,42:42.6
480,120,42:57.6
480,120,43:12.6
480,120,43:27.6
480,120,43:42.6
480,120,43:57.6
473,120,44:12.6
480,120,44:27.6
480,120,44:42.6
480,120,44:57.6
473,119,45:12.6
473,119,45:27.6
473,119,45:42.6
473,119,45:57.6
473,122,46:12.6
473,120,46:27.6
473,119,46:42.6
473,119,46:57.6
473,119,47:12.6
473,119,47:27.6
473,119,47:42.6
473,119,47:57.6
473,119,48:12.6
473,119,48:27.6
473,119,48:42.6
465,117,48:57.6
473,117,49:12.6
473,117,49:27.6
473,117,49:42.6
465,117,49:57.6
473,117,50:12.6
473,119,50:27.6
473,117,50:42.6
473,117,50:57.6
473,119,51:12.6
473,117,51:27.6
473,117,51:42.6
473,117,51:57.6
473,117,52:12.6
473,117,52:27.6
473,117,52:42.6
473,117,52:57.6
473,117,53:12.6
473,117,53:27.6
473,117,53:42.6
473,117,53:57.6
473,115,54:12.6
473,115,54:27.6
473,115,54:42.6
465,115,54:57.6
473,115,55:12.6
473,115,55:27.6
473,115,55:42.6
473,115,55:57.6
473,115,56:12.6
473,115,56:27.6
473,115,56:42.6
473,115,56:57.6
473,115,57:12.6
473,115,57:27.6
473,115,57:42.6
465,115,57:57.6
465,114,58:12.6
465,114,58:27.6
465,114,58:42.6
465,114,58:57.6
465,114,59:12.6
465,114,59:27.6
465,114,59:42.6
465,114,59:57.6
465,114,00:12.6
465,114,00:27.6
465,114,00:42.6
465,114,00:57.6
465,114,01:12.6
465,114,01:27.6
465,114,01:42.6
465,114,01:57.6
465,114,02:12.6
465,114,02:27.6
465,114,02:42.6
465,114,02:57.6
465,114,03:12.6
465,114,03:27.6
465,114,03:42.6
465,114,03:57.6
465,114,04:12.6
465,114,04:27.6
465,114,04:42.6
465,112,04:57.6
465,114,05:12.6
465,112,05:27.6
465,114,05:42.6
465,112,05:57.6
465,112,06:12.6
458,112,06:27.6
465,112,06:42.6
465,114,06:57.6
465,112,07:12.6
465,112,07:27.6
458,112,07:42.6
458,112,07:57.6
458,112,08:12.6
458,112,08:27.6
458,112,08:42.6
458,112,08:57.6
458,112,09:12.6
458,112,09:27.6
458,112,09:42.6
458,112,09:57.6
458,111,10:12.6
458,111,10:27.6
458,111,10:42.6
458,111,10:57.6
458,111,11:12.6
458,112,11:27.6
458,112,11:42.6
458,112,11:57.6
458,112,12:12.6
458,112,12:27.6
458,112,12:42.6
458,111,12:57.6
458,111,13:12.6
458,111,13:27.6
458,111,13:42.6
458,111,13:57.6
458,111,14:12.6
458,111,14:27.6
458,111,14:42.6
458,111,14:57.6
458,111,15:12.6
458,111,15:27.6
458,111,15:42.6
458,111,15:57.6
458,111,16:12.6
458,111,16:27.6
458,109,16:42.6
458,111,16:57.6
458,109,17:12.6
458,109,17:27.6
451,109,17:42.6
458,109,17:57.6
458,111,18:12.6
458,111,18:27.6
458,109,18:42.6
458,109,18:57.6
458,109,19:12.6
458,109,19:27.6
458,109,19:42.6
458,109,19:57.6
458,109,20:12.6
465,109,20:27.6
458,109,20:42.6
465,109,20:57.6
465,109,21:12.6
465,109,21:27.6
465,109,21:42.6
465,109,21:57.6
465,109,22:12.6
465,109,22:27.6
465,109,22:42.6
465,109,22:57.6
465,109,23:12.6
473,109,23:27.6
465,109,23:42.6
465,109,23:57.6
465,109,24:12.6
465,109,24:27.6
473,109,24:42.6
473,109,24:57.6
473,109,25:12.6
473,111,25:27.6
480,111,25:42.6
473,111,25:57.6
473,109,26:12.6
473,111,26:27.6
473,111,26:42.6
473,111,26:57.6
480,111,27:12.6
473,111,27:27.6
473,111,27:42.6
473,111,27:57.6
473,111,28:12.6
473,111,28:27.6
465,109,28:42.6
473,109,28:57.6
465,109,29:12.6
465,109,29:27.6
465,109,29:42.6
465,109,29:57.6
465,109,30:12.6
465,109,30:27.6
458,109,30:42.6
458,109,30:57.6
465,108,31:12.6
465,108,31:27.6
465,108,31:42.6
458,108,31:57.6
458,108,32:12.6
458,108,32:27.6
458,108,32:42.6
458,108,32:57.6
458,108,33:12.6
458,108,33:27.6
458,108,33:42.6
458,108,33:57.6
451,108,34:12.6
451,108,34:27.6
458,108,34:42.6
451,108,34:57.6
451,108,35:12.6
451,108,35:27.6
451,106,35:42.6
451,108,35:57.6
451,106,36:12.6
451,106,36:27.6
451,106,36:42.6
451,108,36:57.6
451,108,37:12.6
451,106,37:27.6
451,106,37:42.6
451,106,37:57.6
451,106,38:12.6
451,106,38:27.6
451,106,38:42.6
451,106,38:57.6
451,108,39:12.6
451,106,39:27.6
444,106,39:42.6
451,106,39:57.6
451,106,40:12.6
451,106,40:27.6
451,106,40:42.6
451,106,40:57.6
451,106,41:12.6
444,106,41:27.6
444,105,41:42.6
451,105,41:57.6
444,105,42:12.6
444,105,42:27.6
444,105,42:42.6
444,105,42:57.6
444,105,43:12.6
444,105,43:27.6
444,105,43:42.6
444,105,43:57.6
444,105,44:12.6
444,105,44:27.6
444,105,44:42.6
444,105,44:57.6
444,105,45:12.6
444,105,45:27.6
444,103,45:42.6
437,105,45:57.6
444,105,46:12.6
444,105,46:27.6
444,105,46:42.6
444,105,46:57.6
444,105,47:12.6
444,105,47:27.6
437,105,47:42.6
437,105,47:57.6
437,103,48:12.6
437,105,48:27.6
437,103,48:42.6
437,103,48:57.6
437,103,49:12.6
437,103,49:27.6
437,103,49:42.6
437,103,49:57.6
437,103,50:12.6
437,103,50:27.6
437,103,50:42.6
437,103,50:57.6
437,103,51:12.6
437,103,51:27.6
437,103,51:42.6
437,103,51:57.6
437,103,52:12.6
437,103,52:27.6
437,103,52:42.6
437,103,52:57.6
431,103,53:12.6
431,103,53:27.6
437,103,53:42.6
437,103,53:57.6
431,103,54:12.6
431,103,54:27.6
431,102,54:42.6
431,103,54:57.6
437,103,55:12.6
431,103,55:27.6
431,102,55:42.6
431,103,55:57.6
431,102,56:12.6
431,103,56:27.6
431,102,56:42.6
431,103,56:57.6
431,103,57:12.6
431,103,57:27.6
431,102,57:42.6
431,103,57:57.6
431,103,58:12.6
431,112,58:27.6
431,117,58:42.6
431,120,58:57.6
431,120,59:12.6
431,122,59:27.6
431,122,59:42.6
431,123,59:57.6
424,123,00:12.6
431,123,00:27.6
431,125,00:42.6
431,125,00:57.6
431,125,01:12.6
431,125,01:27.6
424,125,01:42.6
424,125,01:57.6
424,125,02:12.6
424,125,02:27.6
424,125,02:42.6
424,125,02:57.6
431,123,03:12.6
424,123,03:27.6
424,123,03:42.6
424,125,03:57.6
424,125,04:12.6
424,125,04:27.6
424,123,04:42.6
424,123,04:57.6
424,123,05:12.6
424,123,05:27.6
424,123,05:42.6
424,123,05:57.6
424,123,06:12.6
424,122,06:27.6
424,123,06:42.6
424,123,06:57.6
424,123,07:12.6
424,123,07:27.6
424,122,07:42.6
424,122,07:57.6
418,122,08:12.6
418,122,08:27.6
418,122,08:42.6
418,122,08:57.6
418,122,09:12.6
418,122,09:27.6
418,122,09:42.6
418,122,09:57.6
418,122,10:12.6
418,122,10:27.6
418,122,10:42.6
418,122,10:57.6
418,122,11:12.6
418,122,11:27.6
418,122,11:42.6
418,122,11:57.6
418,122,12:12.6
418,122,12:27.6
418,122,12:42.6
418,122,12:57.6
418,120,13:12.6
418,122,13:27.6
418,120,13:42.6
418,120,13:57.6
418,122,14:12.6
418,120,14:27.6
418,120,14:42.6
411,119,14:57.6
418,117,15:12.6
411,115,15:27.6
418,114,15:42.6
411,114,15:57.6
418,112,16:12.6
418,112,16:27.6
418,112,16:42.6
418,112,16:57.6
418,112,17:12.6
418,112,17:27.6
418,112,17:42.6
411,111,17:57.6
418,111,18:12.6
418,111,18:27.6
411,111,18:42.6
411,111,18:57.6
411,109,19:12.6
418,109,19:27.6
411,109,19:42.6
411,109,19:57.6
411,109,20:12.6
411,109,20:27.6
411,109,20:42.6
411,109,20:57.6
411,109,21:12.6
411,109,21:27.6
411,109,21:42.6
411,109,21:57.6
411,109,22:12.6
411,109,22:27.6
411,108,22:42.6
411,109,22:57.6
411,108,23:12.6
418,109,23:27.6
411,108,23:42.6
411,108,23:57.6
411,108,24:12.6
411,108,24:27.6
405,109,24:42.6
411,109,24:57.6
411,109,25:12.6
411,111,25:27.6
411,112,25:42.6
411,115,25:57.6
411,114,26:12.6
411,114,26:27.6
411,114,26:42.6
405,114,26:57.6
405,112,27:12.6
411,112,27:27.6
405,112,27:42.6
405,112,27:57.6
411,111,28:12.6
411,111,28:27.6
411,111,28:42.6
411,111,28:57.6
411,109,29:12.6
411,112,29:27.6
411,109,29:42.6
411,109,29:57.6
411,109,30:12.6
411,109,30:27.6
411,109,30:42.6
405,109,30:57.6
411,109,31:12.6
405,109,31:27.6
405,109,31:42.6
411,108,31:57.6
405,109,32:12.6
411,108,32:27.6
411,108,32:42.6
405,108,32:57.6
405,108,33:12.6
405,108,33:27.6
405,108,33:42.6
411,108,33:57.6
411,108,34:12.6
405,108,34:27.6
411,108,34:42.6
411,108,34:57.6
411,109,35:12.6
